START: 02/11/2026 17:43:59
Database: unificard_dev
----------------------------------------
CREATE TABLE
psql:C:/unificard/backend/migrations/0000_schema_migrations.sql:24: NOTA:  rela├º├úo "schema_migrations" j├í existe, ignorando
CREATE INDEX
psql:C:/unificard/backend/migrations/0000_schema_migrations.sql:27: NOTA:  rela├º├úo "idx_schema_migrations_filename" j├í existe, ignorando
CREATE INDEX
psql:C:/unificard/backend/migrations/0000_schema_migrations.sql:30: NOTA:  rela├º├úo "idx_schema_migrations_executed_at" j├í existe, ignorando
COMMENT
COMMENT
COMMENT
COMMENT
COMMENT
OK: 0000_schema_migrations.sql
BEGIN
CREATE EXTENSION
psql:C:/unificard/backend/migrations/0001_schema_genesis_ssot.sql:13: NOTA:  extens├úo "uuid-ossp" j├í existe, ignorando
CREATE TABLE
psql:C:/unificard/backend/migrations/0001_schema_genesis_ssot.sql:25: NOTA:  rela├º├úo "tenants" j├í existe, ignorando
psql:C:/unificard/backend/migrations/0001_schema_genesis_ssot.sql:38: NOTA:  rela├º├úo "actors" j├í existe, ignorando
CREATE TABLE
ALTER TABLE
DO
CREATE TABLE
psql:C:/unificard/backend/migrations/0001_schema_genesis_ssot.sql:69: NOTA:  rela├º├úo "users" j├í existe, ignorando
ALTER TABLE
DO
CREATE TABLE
psql:C:/unificard/backend/migrations/0001_schema_genesis_ssot.sql:101: NOTA:  rela├º├úo "profiles" j├í existe, ignorando
ALTER TABLE
DO
psql:C:/unificard/backend/migrations/0001_schema_genesis_ssot.sql:132: NOTA:  rela├º├úo "bank_accounts" j├í existe, ignorando
CREATE TABLE
ALTER TABLE
DO
psql:C:/unificard/backend/migrations/0001_schema_genesis_ssot.sql:159: NOTA:  rela├º├úo "bank_transactions" j├í existe, ignorando
CREATE TABLE
ALTER TABLE
DO
CREATE TABLE
psql:C:/unificard/backend/migrations/0001_schema_genesis_ssot.sql:188: NOTA:  rela├º├úo "bank_ledger" j├í existe, ignorando
ALTER TABLE
DO
psql:C:/unificard/backend/migrations/0001_schema_genesis_ssot.sql:216: NOTA:  rela├º├úo "bank_splits" j├í existe, ignorando
CREATE TABLE
ALTER TABLE
DO
CREATE TABLE
psql:C:/unificard/backend/migrations/0001_schema_genesis_ssot.sql:246: NOTA:  rela├º├úo "event_log" j├í existe, ignorando
ALTER TABLE
DO
CREATE INDEX
psql:C:/unificard/backend/migrations/0001_schema_genesis_ssot.sql:264: NOTA:  rela├º├úo "idx_event_log_processing" j├í existe, ignorando
COMMIT
OK: 0001_schema_genesis_ssot.sql
BEGIN
psql:C:/unificard/backend/migrations/0002_unifybank_ssot.sql:27: ERRO:  rela├º├úo "uq_bank_accounts_actor_currency" j├í existe
psql:C:/unificard/backend/migrations/0002_unifybank_ssot.sql:30: ERRO:  transa├º├úo atual foi interrompida, comandos ignorados at├® o fim do bloco de transa├º├úo
psql:C:/unificard/backend/migrations/0002_unifybank_ssot.sql:37: ERRO:  transa├º├úo atual foi interrompida, comandos ignorados at├® o fim do bloco de transa├º├úo
psql:C:/unificard/backend/migrations/0002_unifybank_ssot.sql:50: ERRO:  transa├º├úo atual foi interrompida, comandos ignorados at├® o fim do bloco de transa├º├úo
psql:C:/unificard/backend/migrations/0002_unifybank_ssot.sql:52: ERRO:  transa├º├úo atual foi interrompida, comandos ignorados at├® o fim do bloco de transa├º├úo
psql:C:/unificard/backend/migrations/0002_unifybank_ssot.sql:56: ERRO:  transa├º├úo atual foi interrompida, comandos ignorados at├® o fim do bloco de transa├º├úo
psql:C:/unificard/backend/migrations/0002_unifybank_ssot.sql:58: ERRO:  transa├º├úo atual foi interrompida, comandos ignorados at├® o fim do bloco de transa├º├úo
psql:C:/unificard/backend/migrations/0002_unifybank_ssot.sql:62: ERRO:  transa├º├úo atual foi interrompida, comandos ignorados at├® o fim do bloco de transa├º├úo
psql:C:/unificard/backend/migrations/0002_unifybank_ssot.sql:65: ERRO:  transa├º├úo atual foi interrompida, comandos ignorados at├® o fim do bloco de transa├º├úo
psql:C:/unificard/backend/migrations/0002_unifybank_ssot.sql:72: ERRO:  transa├º├úo atual foi interrompida, comandos ignorados at├® o fim do bloco de transa├º├úo
psql:C:/unificard/backend/migrations/0002_unifybank_ssot.sql:78: ERRO:  transa├º├úo atual foi interrompida, comandos ignorados at├® o fim do bloco de transa├º├úo
psql:C:/unificard/backend/migrations/0002_unifybank_ssot.sql:79: ERRO:  transa├º├úo atual foi interrompida, comandos ignorados at├® o fim do bloco de transa├º├úo
psql:C:/unificard/backend/migrations/0002_unifybank_ssot.sql:80: ERRO:  transa├º├úo atual foi interrompida, comandos ignorados at├® o fim do bloco de transa├º├úo
psql:C:/unificard/backend/migrations/0002_unifybank_ssot.sql:81: ERRO:  transa├º├úo atual foi interrompida, comandos ignorados at├® o fim do bloco de transa├º├úo
psql:C:/unificard/backend/migrations/0002_unifybank_ssot.sql:121: ERRO:  transa├º├úo atual foi interrompida, comandos ignorados at├® o fim do bloco de transa├º├úo
ROLLBACK
OK: 0002_unifybank_ssot.sql
CREATE FUNCTION
psql:C:/unificard/backend/migrations/0003_root_config.sql:34: NOTA:  rela├º├úo "root_config" j├í existe, ignorando
CREATE TABLE
COMMENT
DROP TRIGGER
CREATE TRIGGER
INSERT 0 0
OK: 0003_root_config.sql
DO
DO
DO
DO
DO
DO
DO
DO
OK: 0004_performance_indexes_hardening.sql
BEGIN
psql:C:/unificard/backend/migrations/0005_ssot_violations.sql:23: ERRO:  coluna "version" da rela├º├úo "schema_migrations" n├úo existe
LINHA 1: INSERT INTO schema_migrations (version, name, executed_at)
                                        ^
psql:C:/unificard/backend/migrations/0005_ssot_violations.sql:33: ERRO:  transa├º├úo atual foi interrompida, comandos ignorados at├® o fim do bloco de transa├º├úo
psql:C:/unificard/backend/migrations/0005_ssot_violations.sql:35: ERRO:  transa├º├úo atual foi interrompida, comandos ignorados at├® o fim do bloco de transa├º├úo
psql:C:/unificard/backend/migrations/0005_ssot_violations.sql:36: ERRO:  transa├º├úo atual foi interrompida, comandos ignorados at├® o fim do bloco de transa├º├úo
psql:C:/unificard/backend/migrations/0005_ssot_violations.sql:37: ERRO:  transa├º├úo atual foi interrompida, comandos ignorados at├® o fim do bloco de transa├º├úo
psql:C:/unificard/backend/migrations/0005_ssot_violations.sql:38: ERRO:  transa├º├úo atual foi interrompida, comandos ignorados at├® o fim do bloco de transa├º├úo
psql:C:/unificard/backend/migrations/0005_ssot_violations.sql:39: ERRO:  transa├º├úo atual foi interrompida, comandos ignorados at├® o fim do bloco de transa├º├úo
psql:C:/unificard/backend/migrations/0005_ssot_violations.sql:42: ERRO:  transa├º├úo atual foi interrompida, comandos ignorados at├® o fim do bloco de transa├º├úo
psql:C:/unificard/backend/migrations/0005_ssot_violations.sql:43: ERRO:  transa├º├úo atual foi interrompida, comandos ignorados at├® o fim do bloco de transa├º├úo
psql:C:/unificard/backend/migrations/0005_ssot_violations.sql:44: ERRO:  transa├º├úo atual foi interrompida, comandos ignorados at├® o fim do bloco de transa├º├úo
psql:C:/unificard/backend/migrations/0005_ssot_violations.sql:45: ERRO:  transa├º├úo atual foi interrompida, comandos ignorados at├® o fim do bloco de transa├º├úo
ROLLBACK
OK: 0005_ssot_violations.sql
psql:C:/unificard/backend/migrations/0006_schema_invariant_hardening.sql:52: ERRO:  coluna "actor_id" n├úo existe
CONTEXTO:  comando SQL "CREATE INDEX IF NOT EXISTS idx_actors_tenant_actor 

      ON actors(tenant_id, actor_id)"
fun├º├úo PL/pgSQL inline_code_block linha 5 em comando SQL
psql:C:/unificard/backend/migrations/0006_schema_invariant_hardening.sql:67: ERRO:  coluna "tenant_id" n├úo existe
CONTEXTO:  comando SQL "CREATE INDEX IF NOT EXISTS idx_companies_tenant_company 

      ON companies(tenant_id, company_id)"
fun├º├úo PL/pgSQL inline_code_block linha 5 em comando SQL
psql:C:/unificard/backend/migrations/0006_schema_invariant_hardening.sql:81: ERRO:  coluna "account_id" n├úo existe
CONTEXTO:  comando SQL "CREATE INDEX IF NOT EXISTS idx_bank_accounts_tenant_account 

      ON bank_accounts(tenant_id, account_id)"
fun├º├úo PL/pgSQL inline_code_block linha 5 em comando SQL
psql:C:/unificard/backend/migrations/0006_schema_invariant_hardening.sql:95: ERRO:  coluna "transaction_id" n├úo existe
CONTEXTO:  comando SQL "CREATE INDEX IF NOT EXISTS idx_bank_ledger_tenant_transaction 

      ON bank_ledger(tenant_id, transaction_id)"
fun├º├úo PL/pgSQL inline_code_block linha 9 em comando SQL
psql:C:/unificard/backend/migrations/0006_schema_invariant_hardening.sql:109: ERRO:  coluna "event_id" n├úo existe
CONTEXTO:  comando SQL "CREATE INDEX IF NOT EXISTS idx_event_log_tenant_event 

      ON event_log(tenant_id, event_id)"
fun├º├úo PL/pgSQL inline_code_block linha 5 em comando SQL
DO
DO
DO
psql:C:/unificard/backend/migrations/0006_schema_invariant_hardening.sql:181: ERRO:  coluna "actor_id" n├úo existe
CONTEXTO:  comando SQL "CREATE UNIQUE INDEX IF NOT EXISTS actors_tenant_actor_unique 

        ON actors(tenant_id, actor_id)"
fun├º├úo PL/pgSQL inline_code_block linha 10 em comando SQL
psql:C:/unificard/backend/migrations/0006_schema_invariant_hardening.sql:197: ERRO:  coluna "tenant_id" n├úo existe
CONTEXTO:  comando SQL "CREATE UNIQUE INDEX IF NOT EXISTS companies_tenant_company_unique 

        ON companies(tenant_id, company_id)"
fun├º├úo PL/pgSQL inline_code_block linha 10 em comando SQL
psql:C:/unificard/backend/migrations/0006_schema_invariant_hardening.sql:213: ERRO:  coluna "account_id" n├úo existe
CONTEXTO:  comando SQL "CREATE UNIQUE INDEX IF NOT EXISTS bank_accounts_tenant_account_unique 

        ON bank_accounts(tenant_id, account_id)"
fun├º├úo PL/pgSQL inline_code_block linha 10 em comando SQL
DO
DO
DO
DO
DO
DO
psql:C:/unificard/backend/migrations/0006_schema_invariant_hardening.sql:377: ERRO:  coluna "tenant_id" da rela├º├úo "companies" n├úo existe
CONTEXTO:  comando SQL "COMMENT ON COLUMN companies.tenant_id IS 'INVARIANT: NOT NULL, FK para tenants. Isolamento de tenant ├® obrigat├│rio.'"
fun├º├úo PL/pgSQL inline_code_block linha 12 em comando SQL
DO
psql:C:/unificard/backend/migrations/0006_schema_invariant_hardening.sql:439: NOTA:  Migration 313_schema_invariant_hardening.sql conclu├¡da com sucesso
psql:C:/unificard/backend/migrations/0006_schema_invariant_hardening.sql:439: NOTA:  Invariantes de schema refor├ºados:
psql:C:/unificard/backend/migrations/0006_schema_invariant_hardening.sql:439: NOTA:    - tenant_id NOT NULL em tabelas cr├¡ticas
psql:C:/unificard/backend/migrations/0006_schema_invariant_hardening.sql:439: NOTA:    - ├ìndices compostos (tenant_id + id) criados
psql:C:/unificard/backend/migrations/0006_schema_invariant_hardening.sql:439: NOTA:    - CHECK constraints adicionadas
psql:C:/unificard/backend/migrations/0006_schema_invariant_hardening.sql:439: NOTA:    - UNIQUE constraints por tenant
psql:C:/unificard/backend/migrations/0006_schema_invariant_hardening.sql:439: NOTA:    - RLS habilitado em tabelas cr├¡ticas
psql:C:/unificard/backend/migrations/0006_schema_invariant_hardening.sql:439: NOTA:    - Coment├írios documentando invariantes
DO
OK: 0006_schema_invariant_hardening.sql
      name       | setting 
-----------------+---------
 client_encoding | UTF8
 server_encoding | UTF8
(2 linhas)

 database_name | database_encoding 
---------------+-------------------
 unificard_dev | UTF8
(1 linha)

 schema_name | table_name | column_name 
-------------+------------+-------------
(0 linha)

psql:C:/unificard/backend/migrations/0007_validate_encoding.sql:48: ERRO:  rela├º├úo "categories" n├úo existe
LINHA 7: FROM categories
              ^
OK: 0007_validate_encoding.sql
CREATE EXTENSION
psql:C:/unificard/backend/migrations/0008_config_system.sql:18: NOTA:  extens├úo "uuid-ossp" j├í existe, ignorando
CREATE TABLE
psql:C:/unificard/backend/migrations/0008_config_system.sql:38: NOTA:  rela├º├úo "tenant_configs" j├í existe, ignorando
ALTER TABLE
DO
CREATE INDEX
psql:C:/unificard/backend/migrations/0008_config_system.sql:57: NOTA:  rela├º├úo "idx_tenant_configs_tenant_module" j├í existe, ignorando
CREATE INDEX
psql:C:/unificard/backend/migrations/0008_config_system.sql:60: NOTA:  rela├º├úo "idx_tenant_configs_tenant_module_key" j├í existe, ignorando
CREATE TABLE
psql:C:/unificard/backend/migrations/0008_config_system.sql:80: NOTA:  rela├º├úo "feature_flags" j├í existe, ignorando
ALTER TABLE
DO
CREATE INDEX
psql:C:/unificard/backend/migrations/0008_config_system.sql:99: NOTA:  rela├º├úo "idx_feature_flags_tenant" j├í existe, ignorando
CREATE INDEX
psql:C:/unificard/backend/migrations/0008_config_system.sql:102: NOTA:  rela├º├úo "idx_feature_flags_tenant_flag" j├í existe, ignorando
CREATE FUNCTION
DROP TRIGGER
CREATE TRIGGER
DROP TRIGGER
CREATE TRIGGER
COMMENT
COMMENT
COMMENT
OK: 0008_config_system.sql
BEGIN
CREATE TABLE
psql:C:/unificard/backend/migrations/0009_notify_system.sql:34: NOTA:  rela├º├úo "notify_templates" j├í existe, ignorando
CREATE INDEX
psql:C:/unificard/backend/migrations/0009_notify_system.sql:37: NOTA:  rela├º├úo "idx_notify_templates_tenant" j├í existe, ignorando
psql:C:/unificard/backend/migrations/0009_notify_system.sql:40: NOTA:  rela├º├úo "idx_notify_templates_tenant_channel_name" j├í existe, ignorando
CREATE INDEX
CREATE TABLE
psql:C:/unificard/backend/migrations/0009_notify_system.sql:59: NOTA:  rela├º├úo "notify_queue" j├í existe, ignorando
CREATE INDEX
psql:C:/unificard/backend/migrations/0009_notify_system.sql:62: NOTA:  rela├º├úo "idx_notify_queue_tenant" j├í existe, ignorando
psql:C:/unificard/backend/migrations/0009_notify_system.sql:65: NOTA:  rela├º├úo "idx_notify_queue_tenant_status_scheduled" j├í existe, ignorando
CREATE INDEX
CREATE INDEX
psql:C:/unificard/backend/migrations/0009_notify_system.sql:68: NOTA:  rela├º├úo "idx_notify_queue_tenant_user" j├í existe, ignorando
CREATE FUNCTION
DROP TRIGGER
CREATE TRIGGER
DROP TRIGGER
CREATE TRIGGER
ALTER TABLE
ALTER TABLE
DO
COMMIT
OK: 0009_notify_system.sql
ALTER TABLE
CREATE INDEX
COMMENT
OK: 0021_tenants_add_city_id.sql
CREATE EXTENSION
psql:C:/unificard/backend/migrations/0022_global_identity.sql:22: NOTA:  extens├úo "pgcrypto" j├í existe, ignorando
CREATE TABLE
psql:C:/unificard/backend/migrations/0022_global_identity.sql:38: NOTA:  rela├º├úo "global_users" j├í existe, ignorando
CREATE INDEX
psql:C:/unificard/backend/migrations/0022_global_identity.sql:41: NOTA:  rela├º├úo "idx_global_users_created_at" j├í existe, ignorando
DROP TRIGGER
CREATE TRIGGER
psql:C:/unificard/backend/migrations/0022_global_identity.sql:76: ERRO:  coluna "user_id" referenciada na restri├º├úo de chave estrangeira n├úo existe
psql:C:/unificard/backend/migrations/0022_global_identity.sql:79: ERRO:  rela├º├úo "user_identity_links" n├úo existe
psql:C:/unificard/backend/migrations/0022_global_identity.sql:82: ERRO:  rela├º├úo "user_identity_links" n├úo existe
psql:C:/unificard/backend/migrations/0022_global_identity.sql:85: ERRO:  rela├º├úo "user_identity_links" n├úo existe
psql:C:/unificard/backend/migrations/0022_global_identity.sql:94: NOTA:  a coluna "global_user_id" da rela├º├úo "users" j├í existe, ignorada
ALTER TABLE
CREATE INDEX
psql:C:/unificard/backend/migrations/0022_global_identity.sql:98: NOTA:  rela├º├úo "idx_users_global_user_id" j├í existe, ignorando
COMMENT
psql:C:/unificard/backend/migrations/0022_global_identity.sql:108: ERRO:  rela├º├úo "user_identity_links" n├úo existe
COMMENT
COMMENT
OK: 0022_global_identity.sql
CREATE TABLE
CREATE INDEX
CREATE INDEX
CREATE INDEX
DROP TRIGGER
psql:C:/unificard/backend/migrations/0023_global_user_residence.sql:78: NOTA:  gatilho "trg_global_user_residence_updated_at" para rela├º├úo "global_user_residence" n├úo existe, ignorando
CREATE TRIGGER
COMMENT
COMMENT
OK: 0023_global_user_residence.sql
BEGIN
psql:C:/unificard/backend/migrations/0024_tenant_contexts.sql:23: ERRO:  coluna "version" da rela├º├úo "schema_migrations" n├úo existe
LINHA 1: INSERT INTO schema_migrations (version, name, executed_at)
                                        ^
psql:C:/unificard/backend/migrations/0024_tenant_contexts.sql:33: ERRO:  transa├º├úo atual foi interrompida, comandos ignorados at├® o fim do bloco de transa├º├úo
psql:C:/unificard/backend/migrations/0024_tenant_contexts.sql:35: ERRO:  transa├º├úo atual foi interrompida, comandos ignorados at├® o fim do bloco de transa├º├úo
psql:C:/unificard/backend/migrations/0024_tenant_contexts.sql:36: ERRO:  transa├º├úo atual foi interrompida, comandos ignorados at├® o fim do bloco de transa├º├úo
psql:C:/unificard/backend/migrations/0024_tenant_contexts.sql:37: ERRO:  transa├º├úo atual foi interrompida, comandos ignorados at├® o fim do bloco de transa├º├úo
psql:C:/unificard/backend/migrations/0024_tenant_contexts.sql:38: ERRO:  transa├º├úo atual foi interrompida, comandos ignorados at├® o fim do bloco de transa├º├úo
psql:C:/unificard/backend/migrations/0024_tenant_contexts.sql:41: ERRO:  transa├º├úo atual foi interrompida, comandos ignorados at├® o fim do bloco de transa├º├úo
psql:C:/unificard/backend/migrations/0024_tenant_contexts.sql:42: ERRO:  transa├º├úo atual foi interrompida, comandos ignorados at├® o fim do bloco de transa├º├úo
psql:C:/unificard/backend/migrations/0024_tenant_contexts.sql:43: ERRO:  transa├º├úo atual foi interrompida, comandos ignorados at├® o fim do bloco de transa├º├úo
ROLLBACK
OK: 0024_tenant_contexts.sql
BEGIN
INSERT 0 1
psql:C:/unificard/backend/migrations/0025_tenant_default_context_permissions.sql:41: ERRO:  coluna "tenant_id" referenciada na restri├º├úo de chave estrangeira n├úo existe
psql:C:/unificard/backend/migrations/0025_tenant_default_context_permissions.sql:44: ERRO:  transa├º├úo atual foi interrompida, comandos ignorados at├® o fim do bloco de transa├º├úo
psql:C:/unificard/backend/migrations/0025_tenant_default_context_permissions.sql:65: ERRO:  transa├º├úo atual foi interrompida, comandos ignorados at├® o fim do bloco de transa├º├úo
psql:C:/unificard/backend/migrations/0025_tenant_default_context_permissions.sql:87: ERRO:  transa├º├úo atual foi interrompida, comandos ignorados at├® o fim do bloco de transa├º├úo
psql:C:/unificard/backend/migrations/0025_tenant_default_context_permissions.sql:90: ERRO:  transa├º├úo atual foi interrompida, comandos ignorados at├® o fim do bloco de transa├º├úo
psql:C:/unificard/backend/migrations/0025_tenant_default_context_permissions.sql:95: ERRO:  transa├º├úo atual foi interrompida, comandos ignorados at├® o fim do bloco de transa├º├úo
psql:C:/unificard/backend/migrations/0025_tenant_default_context_permissions.sql:100: ERRO:  transa├º├úo atual foi interrompida, comandos ignorados at├® o fim do bloco de transa├º├úo
psql:C:/unificard/backend/migrations/0025_tenant_default_context_permissions.sql:103: ERRO:  transa├º├úo atual foi interrompida, comandos ignorados at├® o fim do bloco de transa├º├úo
ROLLBACK
OK: 0025_tenant_default_context_permissions.sql
psql:C:/unificard/backend/migrations/0026_user_profiles.sql:10: ERRO:  coluna "user_id" referenciada na restri├º├úo de chave estrangeira n├úo existe
psql:C:/unificard/backend/migrations/0026_user_profiles.sql:13: ERRO:  rela├º├úo "user_profiles" n├úo existe
psql:C:/unificard/backend/migrations/0026_user_profiles.sql:16: ERRO:  rela├º├úo "user_profiles" n├úo existe
OK: 0026_user_profiles.sql
psql:C:/unificard/backend/migrations/0027_user_profiles_unique_constraint.sql:32: ERRO:  rela├º├úo "user_profiles" n├úo existe
LINHA 3:     FROM user_profiles
                  ^
CONSULTA:  SELECT COUNT(*)                         FROM (

    SELECT user_id, COUNT(*) as cnt

    FROM user_profiles

    GROUP BY user_id

    HAVING COUNT(*) > 1

  ) duplicates
CONTEXTO:  fun├º├úo PL/pgSQL inline_code_block linha 6 em comando SQL
psql:C:/unificard/backend/migrations/0027_user_profiles_unique_constraint.sql:49: ERRO:  rela├º├úo "user_profiles" n├úo existe
CONTEXTO:  comando SQL "ALTER TABLE user_profiles

    ADD CONSTRAINT user_profiles_user_id_unique UNIQUE (user_id)"
fun├º├úo PL/pgSQL inline_code_block linha 8 em comando SQL
psql:C:/unificard/backend/migrations/0027_user_profiles_unique_constraint.sql:53: ERRO:  rela├º├úo "user_profiles" n├úo existe
psql:C:/unificard/backend/migrations/0027_user_profiles_unique_constraint.sql:57: ERRO:  rela├º├úo "user_profiles" n├úo existe
OK: 0027_user_profiles_unique_constraint.sql
psql:C:/unificard/backend/migrations/0028_add_profile_personal_confirmed.sql:8: NOTA:  a coluna "profile_personal_confirmed" da rela├º├úo "profiles" j├í existe, ignorada
ALTER TABLE
CREATE INDEX
psql:C:/unificard/backend/migrations/0028_add_profile_personal_confirmed.sql:13: NOTA:  rela├º├úo "idx_profiles_personal_confirmed" j├í existe, ignorando
COMMENT
OK: 0028_add_profile_personal_confirmed.sql
psql:C:/unificard/backend/migrations/0029_add_token_version_to_users.sql:39: NOTA:  a coluna "token_version" da rela├º├úo "users" j├í existe, ignorada
ALTER TABLE
COMMENT
OK: 0029_add_token_version_to_users.sql
psql:C:/unificard/backend/migrations/0030_allow_null_created_by_global_user.sql:28: ERRO:  rela├º├úo "events" n├úo existe
psql:C:/unificard/backend/migrations/0030_allow_null_created_by_global_user.sql:32: ERRO:  rela├º├úo "events" n├úo existe
OK: 0030_allow_null_created_by_global_user.sql
DO
DO
psql:C:/unificard/backend/migrations/0031_public_profiles.sql:83: ERRO:  coluna "tenant_id" referenciada na restri├º├úo de chave estrangeira n├úo existe
psql:C:/unificard/backend/migrations/0031_public_profiles.sql:90: ERRO:  rela├º├úo "public_profiles" n├úo existe
psql:C:/unificard/backend/migrations/0031_public_profiles.sql:94: ERRO:  rela├º├úo "public_profiles" n├úo existe
psql:C:/unificard/backend/migrations/0031_public_profiles.sql:98: ERRO:  rela├º├úo "public_profiles" n├úo existe
psql:C:/unificard/backend/migrations/0031_public_profiles.sql:102: ERRO:  rela├º├úo "public_profiles" n├úo existe
psql:C:/unificard/backend/migrations/0031_public_profiles.sql:107: ERRO:  rela├º├úo "public_profiles" n├úo existe
psql:C:/unificard/backend/migrations/0031_public_profiles.sql:112: ERRO:  rela├º├úo "public_profiles" n├úo existe
psql:C:/unificard/backend/migrations/0031_public_profiles.sql:117: ERRO:  rela├º├úo "public_profiles" n├úo existe
psql:C:/unificard/backend/migrations/0031_public_profiles.sql:133: ERRO:  rela├º├úo "public_profiles" n├úo existe
CONTEXTO:  comando SQL "CREATE POLICY public_profiles_tenant_isolation

      ON public_profiles

      FOR ALL

      USING (tenant_id::text = current_setting('app.current_tenant', true))"
fun├º├úo PL/pgSQL inline_code_block linha 9 em comando SQL
CREATE FUNCTION
psql:C:/unificard/backend/migrations/0031_public_profiles.sql:150: ERRO:  rela├º├úo "public_profiles" n├úo existe
psql:C:/unificard/backend/migrations/0031_public_profiles.sql:155: ERRO:  rela├º├úo "public_profiles" n├úo existe
psql:C:/unificard/backend/migrations/0031_public_profiles.sql:156: ERRO:  rela├º├úo "public_profiles" n├úo existe
psql:C:/unificard/backend/migrations/0031_public_profiles.sql:157: ERRO:  rela├º├úo "public_profiles" n├úo existe
psql:C:/unificard/backend/migrations/0031_public_profiles.sql:158: ERRO:  rela├º├úo "public_profiles" n├úo existe
psql:C:/unificard/backend/migrations/0031_public_profiles.sql:159: ERRO:  rela├º├úo "public_profiles" n├úo existe
OK: 0031_public_profiles.sql
psql:C:/unificard/backend/migrations/0032_actor_registry.sql:53: ERRO:  coluna "tenant_id" referenciada na restri├º├úo de chave estrangeira n├úo existe
psql:C:/unificard/backend/migrations/0032_actor_registry.sql:60: ERRO:  rela├º├úo "actor_registry" n├úo existe
psql:C:/unificard/backend/migrations/0032_actor_registry.sql:64: ERRO:  rela├º├úo "actor_registry" n├úo existe
psql:C:/unificard/backend/migrations/0032_actor_registry.sql:68: ERRO:  rela├º├úo "actor_registry" n├úo existe
psql:C:/unificard/backend/migrations/0032_actor_registry.sql:73: ERRO:  rela├º├úo "actor_registry" n├úo existe
psql:C:/unificard/backend/migrations/0032_actor_registry.sql:76: ERRO:  rela├º├úo "actor_registry" n├úo existe
CREATE FUNCTION
psql:C:/unificard/backend/migrations/0032_actor_registry.sql:92: ERRO:  rela├º├úo "actor_registry" n├úo existe
psql:C:/unificard/backend/migrations/0032_actor_registry.sql:98: ERRO:  rela├º├úo "actor_registry" n├úo existe
psql:C:/unificard/backend/migrations/0032_actor_registry.sql:101: ERRO:  rela├º├úo "actor_registry" n├úo existe
psql:C:/unificard/backend/migrations/0032_actor_registry.sql:104: ERRO:  rela├º├úo "actor_registry" n├úo existe
psql:C:/unificard/backend/migrations/0032_actor_registry.sql:107: ERRO:  rela├º├úo "actor_registry" n├úo existe
psql:C:/unificard/backend/migrations/0032_actor_registry.sql:110: ERRO:  rela├º├úo "actor_registry" n├úo existe
psql:C:/unificard/backend/migrations/0032_actor_registry.sql:113: ERRO:  rela├º├úo "actor_registry" n├úo existe
OK: 0032_actor_registry.sql
psql:C:/unificard/backend/migrations/0033_actor_economic_identity.sql:30: ERRO:  rela├º├úo "accounts" n├úo existe
psql:C:/unificard/backend/migrations/0033_actor_economic_identity.sql:35: ERRO:  rela├º├úo "accounts" n├úo existe
psql:C:/unificard/backend/migrations/0033_actor_economic_identity.sql:44: ERRO:  rela├º├úo "transactions" n├úo existe
psql:C:/unificard/backend/migrations/0033_actor_economic_identity.sql:49: ERRO:  rela├º├úo "transactions" n├úo existe
psql:C:/unificard/backend/migrations/0033_actor_economic_identity.sql:53: ERRO:  rela├º├úo "transactions" n├úo existe
psql:C:/unificard/backend/migrations/0033_actor_economic_identity.sql:57: ERRO:  rela├º├úo "transactions" n├úo existe
psql:C:/unificard/backend/migrations/0033_actor_economic_identity.sql:64: ERRO:  rela├º├úo "accounts" n├úo existe
psql:C:/unificard/backend/migrations/0033_actor_economic_identity.sql:67: ERRO:  rela├º├úo "transactions" n├úo existe
psql:C:/unificard/backend/migrations/0033_actor_economic_identity.sql:70: ERRO:  rela├º├úo "transactions" n├úo existe
OK: 0033_actor_economic_identity.sql
psql:C:/unificard/backend/migrations/0034_actor_delegations.sql:54: ERRO:  coluna "tenant_id" referenciada na restri├º├úo de chave estrangeira n├úo existe
psql:C:/unificard/backend/migrations/0034_actor_delegations.sql:59: ERRO:  rela├º├úo "actor_delegations" n├úo existe
psql:C:/unificard/backend/migrations/0034_actor_delegations.sql:66: ERRO:  rela├º├úo "actor_delegations" n├úo existe
psql:C:/unificard/backend/migrations/0034_actor_delegations.sql:70: ERRO:  rela├º├úo "actor_delegations" n├úo existe
psql:C:/unificard/backend/migrations/0034_actor_delegations.sql:75: ERRO:  rela├º├úo "actor_delegations" n├úo existe
psql:C:/unificard/backend/migrations/0034_actor_delegations.sql:80: ERRO:  rela├º├úo "actor_delegations" n├úo existe
psql:C:/unificard/backend/migrations/0034_actor_delegations.sql:83: ERRO:  rela├º├úo "actor_delegations" n├úo existe
CREATE FUNCTION
psql:C:/unificard/backend/migrations/0034_actor_delegations.sql:99: ERRO:  rela├º├úo "actor_delegations" n├úo existe
CREATE FUNCTION
psql:C:/unificard/backend/migrations/0034_actor_delegations.sql:117: ERRO:  rela├º├úo "actor_delegations" n├úo existe
psql:C:/unificard/backend/migrations/0034_actor_delegations.sql:123: ERRO:  rela├º├úo "actor_delegations" n├úo existe
psql:C:/unificard/backend/migrations/0034_actor_delegations.sql:126: ERRO:  rela├º├úo "actor_delegations" n├úo existe
psql:C:/unificard/backend/migrations/0034_actor_delegations.sql:129: ERRO:  rela├º├úo "actor_delegations" n├úo existe
psql:C:/unificard/backend/migrations/0034_actor_delegations.sql:132: ERRO:  rela├º├úo "actor_delegations" n├úo existe
psql:C:/unificard/backend/migrations/0034_actor_delegations.sql:135: ERRO:  rela├º├úo "actor_delegations" n├úo existe
psql:C:/unificard/backend/migrations/0034_actor_delegations.sql:138: ERRO:  rela├º├úo "actor_delegations" n├úo existe
OK: 0034_actor_delegations.sql
CREATE FUNCTION
CREATE FUNCTION
COMMENT
COMMENT
OK: 0035_add_actor_rbac_functions.sql
psql:C:/unificard/backend/migrations/0036_actor_reputation.sql:59: ERRO:  coluna "tenant_id" referenciada na restri├º├úo de chave estrangeira n├úo existe
psql:C:/unificard/backend/migrations/0036_actor_reputation.sql:66: ERRO:  rela├º├úo "actor_reputation" n├úo existe
psql:C:/unificard/backend/migrations/0036_actor_reputation.sql:73: ERRO:  rela├º├úo "actor_reputation" n├úo existe
psql:C:/unificard/backend/migrations/0036_actor_reputation.sql:76: ERRO:  rela├º├úo "actor_reputation" n├úo existe
psql:C:/unificard/backend/migrations/0036_actor_reputation.sql:79: ERRO:  rela├º├úo "actor_reputation" n├úo existe
psql:C:/unificard/backend/migrations/0036_actor_reputation.sql:82: ERRO:  rela├º├úo "actor_reputation" n├úo existe
psql:C:/unificard/backend/migrations/0036_actor_reputation.sql:85: ERRO:  rela├º├úo "actor_reputation" n├úo existe
OK: 0036_actor_reputation.sql
psql:C:/unificard/backend/migrations/0038_actor_scores_penalties.sql:63: ERRO:  coluna "tenant_id" referenciada na restri├º├úo de chave estrangeira n├úo existe
psql:C:/unificard/backend/migrations/0038_actor_scores_penalties.sql:89: ERRO:  coluna "tenant_id" referenciada na restri├º├úo de chave estrangeira n├úo existe
psql:C:/unificard/backend/migrations/0038_actor_scores_penalties.sql:123: ERRO:  coluna "tenant_id" referenciada na restri├º├úo de chave estrangeira n├úo existe
psql:C:/unificard/backend/migrations/0038_actor_scores_penalties.sql:165: ERRO:  coluna "tenant_id" referenciada na restri├º├úo de chave estrangeira n├úo existe
psql:C:/unificard/backend/migrations/0038_actor_scores_penalties.sql:172: ERRO:  rela├º├úo "actor_scores" n├úo existe
psql:C:/unificard/backend/migrations/0038_actor_scores_penalties.sql:175: ERRO:  rela├º├úo "actor_scores" n├úo existe
psql:C:/unificard/backend/migrations/0038_actor_scores_penalties.sql:178: ERRO:  rela├º├úo "actor_score_history" n├úo existe
psql:C:/unificard/backend/migrations/0038_actor_scores_penalties.sql:181: ERRO:  rela├º├úo "actor_penalties" n├úo existe
psql:C:/unificard/backend/migrations/0038_actor_scores_penalties.sql:184: ERRO:  rela├º├úo "actor_penalties" n├úo existe
psql:C:/unificard/backend/migrations/0038_actor_scores_penalties.sql:187: ERRO:  rela├º├úo "actor_penalties" n├úo existe
psql:C:/unificard/backend/migrations/0038_actor_scores_penalties.sql:190: ERRO:  rela├º├úo "actor_debts" n├úo existe
psql:C:/unificard/backend/migrations/0038_actor_scores_penalties.sql:193: ERRO:  rela├º├úo "actor_debts" n├úo existe
psql:C:/unificard/backend/migrations/0038_actor_scores_penalties.sql:196: ERRO:  rela├º├úo "actor_debts" n├úo existe
psql:C:/unificard/backend/migrations/0038_actor_scores_penalties.sql:199: ERRO:  rela├º├úo "actor_debts" n├úo existe
psql:C:/unificard/backend/migrations/0038_actor_scores_penalties.sql:205: ERRO:  rela├º├úo "actor_scores" n├úo existe
psql:C:/unificard/backend/migrations/0038_actor_scores_penalties.sql:206: ERRO:  rela├º├úo "actor_score_history" n├úo existe
psql:C:/unificard/backend/migrations/0038_actor_scores_penalties.sql:207: ERRO:  rela├º├úo "actor_penalties" n├úo existe
psql:C:/unificard/backend/migrations/0038_actor_scores_penalties.sql:208: ERRO:  rela├º├úo "actor_debts" n├úo existe
psql:C:/unificard/backend/migrations/0038_actor_scores_penalties.sql:210: NOTA:  rela├º├úo "actor_scores" n├úo existe, ignorando
DROP POLICY
DROP POLICY
psql:C:/unificard/backend/migrations/0038_actor_scores_penalties.sql:211: NOTA:  rela├º├úo "actor_score_history" n├úo existe, ignorando
psql:C:/unificard/backend/migrations/0038_actor_scores_penalties.sql:212: NOTA:  rela├º├úo "actor_penalties" n├úo existe, ignorando
DROP POLICY
DROP POLICY
psql:C:/unificard/backend/migrations/0038_actor_scores_penalties.sql:213: NOTA:  rela├º├úo "actor_debts" n├úo existe, ignorando
psql:C:/unificard/backend/migrations/0038_actor_scores_penalties.sql:217: ERRO:  rela├º├úo "actor_scores" n├úo existe
psql:C:/unificard/backend/migrations/0038_actor_scores_penalties.sql:221: ERRO:  rela├º├úo "actor_score_history" n├úo existe
psql:C:/unificard/backend/migrations/0038_actor_scores_penalties.sql:225: ERRO:  rela├º├úo "actor_penalties" n├úo existe
psql:C:/unificard/backend/migrations/0038_actor_scores_penalties.sql:229: ERRO:  rela├º├úo "actor_debts" n├úo existe
psql:C:/unificard/backend/migrations/0038_actor_scores_penalties.sql:236: ERRO:  rela├º├úo "actor_scores" n├úo existe
psql:C:/unificard/backend/migrations/0038_actor_scores_penalties.sql:239: ERRO:  rela├º├úo "actor_score_history" n├úo existe
psql:C:/unificard/backend/migrations/0038_actor_scores_penalties.sql:242: ERRO:  rela├º├úo "actor_penalties" n├úo existe
psql:C:/unificard/backend/migrations/0038_actor_scores_penalties.sql:245: ERRO:  rela├º├úo "actor_debts" n├úo existe
OK: 0038_actor_scores_penalties.sql
ALTER TABLE
CREATE INDEX
ALTER TABLE
CREATE INDEX
COMMENT
COMMENT
OK: 0039_reviews_reputation_global_identity.sql
BEGIN
ALTER TABLE
CREATE INDEX
CREATE TABLE
CREATE INDEX
ALTER TABLE
DO
CREATE TABLE
ALTER TABLE
DO
CREATE TABLE
ALTER TABLE
DO
psql:C:/unificard/backend/migrations/0040_social_actors_extension.sql:140: ERRO:  rela├º├úo "posts" n├úo existe
psql:C:/unificard/backend/migrations/0040_social_actors_extension.sql:144: ERRO:  transa├º├úo atual foi interrompida, comandos ignorados at├® o fim do bloco de transa├º├úo
psql:C:/unificard/backend/migrations/0040_social_actors_extension.sql:151: ERRO:  transa├º├úo atual foi interrompida, comandos ignorados at├® o fim do bloco de transa├º├úo
ROLLBACK
OK: 0040_social_actors_extension.sql
psql:C:/unificard/backend/migrations/0041_user_education_companies.sql:67: ERRO:  rela├º├úo "categories" n├úo existe
psql:C:/unificard/backend/migrations/0041_user_education_companies.sql:71: ERRO:  rela├º├úo "user_education" n├úo existe
psql:C:/unificard/backend/migrations/0041_user_education_companies.sql:74: ERRO:  rela├º├úo "user_education" n├úo existe
psql:C:/unificard/backend/migrations/0041_user_education_companies.sql:77: ERRO:  rela├º├úo "user_education" n├úo existe
psql:C:/unificard/backend/migrations/0041_user_education_companies.sql:83: ERRO:  rela├º├úo "user_education" n├úo existe
psql:C:/unificard/backend/migrations/0041_user_education_companies.sql:89: ERRO:  rela├º├úo "user_education" n├úo existe
psql:C:/unificard/backend/migrations/0041_user_education_companies.sql:112: ERRO:  rela├º├úo "categories" n├úo existe
psql:C:/unificard/backend/migrations/0041_user_education_companies.sql:116: ERRO:  rela├º├úo "user_companies" n├úo existe
psql:C:/unificard/backend/migrations/0041_user_education_companies.sql:119: ERRO:  rela├º├úo "user_companies" n├úo existe
psql:C:/unificard/backend/migrations/0041_user_education_companies.sql:122: ERRO:  rela├º├úo "user_companies" n├úo existe
psql:C:/unificard/backend/migrations/0041_user_education_companies.sql:128: ERRO:  rela├º├úo "user_companies" n├úo existe
psql:C:/unificard/backend/migrations/0041_user_education_companies.sql:134: ERRO:  rela├º├úo "user_companies" n├úo existe
psql:C:/unificard/backend/migrations/0041_user_education_companies.sql:142: ERRO:  rela├º├úo "user_education" n├úo existe
psql:C:/unificard/backend/migrations/0041_user_education_companies.sql:145: ERRO:  rela├º├úo "user_companies" n├úo existe
psql:C:/unificard/backend/migrations/0041_user_education_companies.sql:148: ERRO:  rela├º├úo "user_education" n├úo existe
psql:C:/unificard/backend/migrations/0041_user_education_companies.sql:151: ERRO:  rela├º├úo "user_companies" n├úo existe
OK: 0041_user_education_companies.sql
BEGIN
DO
DO
psql:C:/unificard/backend/migrations/0043_company_canonical_birth.sql:97: ERRO:  coluna "tenant_id" referenciada na restri├º├úo de chave estrangeira n├úo existe
CONTEXTO:  comando SQL "ALTER TABLE companies

        ADD CONSTRAINT companies_tenant_id_fkey

        FOREIGN KEY (tenant_id)

        REFERENCES tenants(tenant_id)

        ON DELETE CASCADE"
fun├º├úo PL/pgSQL inline_code_block linha 12 em comando SQL
psql:C:/unificard/backend/migrations/0043_company_canonical_birth.sql:110: ERRO:  transa├º├úo atual foi interrompida, comandos ignorados at├® o fim do bloco de transa├º├úo
psql:C:/unificard/backend/migrations/0043_company_canonical_birth.sql:143: ERRO:  transa├º├úo atual foi interrompida, comandos ignorados at├® o fim do bloco de transa├º├úo
psql:C:/unificard/backend/migrations/0043_company_canonical_birth.sql:158: ERRO:  transa├º├úo atual foi interrompida, comandos ignorados at├® o fim do bloco de transa├º├úo
psql:C:/unificard/backend/migrations/0043_company_canonical_birth.sql:173: ERRO:  transa├º├úo atual foi interrompida, comandos ignorados at├® o fim do bloco de transa├º├úo
psql:C:/unificard/backend/migrations/0043_company_canonical_birth.sql:179: ERRO:  transa├º├úo atual foi interrompida, comandos ignorados at├® o fim do bloco de transa├º├úo
psql:C:/unificard/backend/migrations/0043_company_canonical_birth.sql:181: ERRO:  transa├º├úo atual foi interrompida, comandos ignorados at├® o fim do bloco de transa├º├úo
psql:C:/unificard/backend/migrations/0043_company_canonical_birth.sql:183: ERRO:  transa├º├úo atual foi interrompida, comandos ignorados at├® o fim do bloco de transa├º├úo
psql:C:/unificard/backend/migrations/0043_company_canonical_birth.sql:185: ERRO:  transa├º├úo atual foi interrompida, comandos ignorados at├® o fim do bloco de transa├º├úo
psql:C:/unificard/backend/migrations/0043_company_canonical_birth.sql:187: ERRO:  transa├º├úo atual foi interrompida, comandos ignorados at├® o fim do bloco de transa├º├úo
ROLLBACK
OK: 0043_company_canonical_birth.sql
psql:C:/unificard/backend/migrations/0044_companies_system.sql:7: NOTA:  extens├úo "uuid-ossp" j├í existe, ignorando
CREATE EXTENSION
CREATE TABLE
psql:C:/unificard/backend/migrations/0044_companies_system.sql:69: NOTA:  rela├º├úo "companies" j├í existe, ignorando
psql:C:/unificard/backend/migrations/0044_companies_system.sql:73: NOTA:  rela├º├úo "idx_companies_user" j├í existe, ignorando
CREATE INDEX
CREATE INDEX
psql:C:/unificard/backend/migrations/0044_companies_system.sql:76: NOTA:  rela├º├úo "idx_companies_cnpj" j├í existe, ignorando
CREATE INDEX
psql:C:/unificard/backend/migrations/0044_companies_system.sql:80: NOTA:  rela├º├úo "idx_companies_status_active" j├í existe, ignorando
psql:C:/unificard/backend/migrations/0044_companies_system.sql:118: NOTA:  rela├º├úo "company_users" j├í existe, ignorando
CREATE TABLE
psql:C:/unificard/backend/migrations/0044_companies_system.sql:122: NOTA:  rela├º├úo "idx_company_users_company" j├í existe, ignorando
CREATE INDEX
CREATE INDEX
psql:C:/unificard/backend/migrations/0044_companies_system.sql:125: NOTA:  rela├º├úo "idx_company_users_user" j├í existe, ignorando
psql:C:/unificard/backend/migrations/0044_companies_system.sql:129: NOTA:  rela├º├úo "idx_company_users_active" j├í existe, ignorando
CREATE INDEX
CREATE INDEX
psql:C:/unificard/backend/migrations/0044_companies_system.sql:133: NOTA:  rela├º├úo "idx_company_users_primary" j├í existe, ignorando
ALTER TABLE
DO
ALTER TABLE
DO
DO
DO
OK: 0044_companies_system.sql
DO
psql:C:/unificard/backend/migrations/0045_organization_units.sql:56: ERRO:  coluna "tenant_id" referenciada na restri├º├úo de chave estrangeira n├úo existe
psql:C:/unificard/backend/migrations/0045_organization_units.sql:63: ERRO:  rela├º├úo "organization_units" n├úo existe
psql:C:/unificard/backend/migrations/0045_organization_units.sql:67: ERRO:  rela├º├úo "organization_units" n├úo existe
psql:C:/unificard/backend/migrations/0045_organization_units.sql:71: ERRO:  rela├º├úo "organization_units" n├úo existe
psql:C:/unificard/backend/migrations/0045_organization_units.sql:76: ERRO:  rela├º├úo "organization_units" n├úo existe
psql:C:/unificard/backend/migrations/0045_organization_units.sql:79: ERRO:  rela├º├úo "organization_units" n├úo existe
psql:C:/unificard/backend/migrations/0045_organization_units.sql:87: ERRO:  rela├º├úo "organization_units" n├úo existe
psql:C:/unificard/backend/migrations/0045_organization_units.sql:106: ERRO:  rela├º├úo "organization_units" n├úo existe
CONTEXTO:  comando SQL "ALTER TABLE actors

        ADD COLUMN organization_unit_id UUID

        REFERENCES organization_units(id) ON DELETE SET NULL"
fun├º├úo PL/pgSQL inline_code_block linha 7 em comando SQL
psql:C:/unificard/backend/migrations/0045_organization_units.sql:112: ERRO:  rela├º├úo "organization_units" n├úo existe
psql:C:/unificard/backend/migrations/0045_organization_units.sql:115: ERRO:  rela├º├úo "organization_units" n├úo existe
psql:C:/unificard/backend/migrations/0045_organization_units.sql:118: ERRO:  rela├º├úo "organization_units" n├úo existe
psql:C:/unificard/backend/migrations/0045_organization_units.sql:121: ERRO:  rela├º├úo "organization_units" n├úo existe
psql:C:/unificard/backend/migrations/0045_organization_units.sql:124: ERRO:  coluna "organization_unit_id" da rela├º├úo "actors" n├úo existe
OK: 0045_organization_units.sql
psql:C:/unificard/backend/migrations/0046_company_status_and_documents.sql:46: NOTA:  a coluna "company_status" da rela├º├úo "companies" j├í existe, ignorada
ALTER TABLE
DO
CREATE INDEX
psql:C:/unificard/backend/migrations/0046_company_status_and_documents.sql:61: NOTA:  rela├º├úo "idx_companies_company_status" j├í existe, ignorando
psql:C:/unificard/backend/migrations/0046_company_status_and_documents.sql:97: ERRO:  coluna "tenant_id" referenciada na restri├º├úo de chave estrangeira n├úo existe
psql:C:/unificard/backend/migrations/0046_company_status_and_documents.sql:110: ERRO:  rela├º├úo "company_documents" n├úo existe
CONTEXTO:  comando SQL "ALTER TABLE company_documents

      ADD CONSTRAINT company_documents_status_check

      CHECK (status IN ('pending', 'approved', 'rejected'))"
fun├º├úo PL/pgSQL inline_code_block linha 7 em comando SQL
psql:C:/unificard/backend/migrations/0046_company_status_and_documents.sql:116: ERRO:  rela├º├úo "company_documents" n├úo existe
psql:C:/unificard/backend/migrations/0046_company_status_and_documents.sql:124: ERRO:  rela├º├úo "company_documents" n├úo existe
psql:C:/unificard/backend/migrations/0046_company_status_and_documents.sql:127: ERRO:  rela├º├úo "company_documents" n├úo existe
psql:C:/unificard/backend/migrations/0046_company_status_and_documents.sql:130: ERRO:  rela├º├úo "company_documents" n├úo existe
psql:C:/unificard/backend/migrations/0046_company_status_and_documents.sql:133: ERRO:  rela├º├úo "company_documents" n├úo existe
psql:C:/unificard/backend/migrations/0046_company_status_and_documents.sql:140: ERRO:  rela├º├úo "company_documents" n├úo existe
psql:C:/unificard/backend/migrations/0046_company_status_and_documents.sql:153: ERRO:  rela├º├úo "company_documents" n├úo existe
CONTEXTO:  comando SQL "CREATE POLICY company_documents_rls

      ON company_documents

      USING (tenant_id::text = current_setting('app.current_tenant', true))"
fun├º├úo PL/pgSQL inline_code_block linha 8 em comando SQL
psql:C:/unificard/backend/migrations/0046_company_status_and_documents.sql:171: ERRO:  rela├º├úo "company_documents" n├úo existe
CONTEXTO:  comando SQL "CREATE TRIGGER trg_company_documents_updated_at

      BEFORE UPDATE ON company_documents

      FOR EACH ROW

      EXECUTE FUNCTION update_updated_at_column()"
fun├º├úo PL/pgSQL inline_code_block linha 7 em comando SQL
COMMENT
psql:C:/unificard/backend/migrations/0046_company_status_and_documents.sql:182: ERRO:  rela├º├úo "company_documents" n├úo existe
psql:C:/unificard/backend/migrations/0046_company_status_and_documents.sql:185: ERRO:  rela├º├úo "company_documents" n├úo existe
psql:C:/unificard/backend/migrations/0046_company_status_and_documents.sql:188: ERRO:  rela├º├úo "company_documents" n├úo existe
OK: 0046_company_status_and_documents.sql
psql:C:/unificard/backend/migrations/0047_company_validations.sql:56: ERRO:  coluna "tenant_id" referenciada na restri├º├úo de chave estrangeira n├úo existe
psql:C:/unificard/backend/migrations/0047_company_validations.sql:60: ERRO:  rela├º├úo "partner_employees" n├úo existe
psql:C:/unificard/backend/migrations/0047_company_validations.sql:64: ERRO:  rela├º├úo "partner_employees" n├úo existe
psql:C:/unificard/backend/migrations/0047_company_validations.sql:105: ERRO:  coluna "tenant_id" referenciada na restri├º├úo de chave estrangeira n├úo existe
psql:C:/unificard/backend/migrations/0047_company_validations.sql:109: ERRO:  rela├º├úo "company_validations" n├úo existe
psql:C:/unificard/backend/migrations/0047_company_validations.sql:112: ERRO:  rela├º├úo "company_validations" n├úo existe
psql:C:/unificard/backend/migrations/0047_company_validations.sql:115: ERRO:  rela├º├úo "company_validations" n├úo existe
psql:C:/unificard/backend/migrations/0047_company_validations.sql:118: ERRO:  rela├º├úo "company_validations" n├úo existe
psql:C:/unificard/backend/migrations/0047_company_validations.sql:125: ERRO:  rela├º├úo "partner_employees" n├úo existe
psql:C:/unificard/backend/migrations/0047_company_validations.sql:128: ERRO:  rela├º├úo "company_validations" n├úo existe
psql:C:/unificard/backend/migrations/0047_company_validations.sql:131: ERRO:  rela├º├úo "company_validations" n├úo existe
psql:C:/unificard/backend/migrations/0047_company_validations.sql:134: ERRO:  rela├º├úo "company_validations" n├úo existe
psql:C:/unificard/backend/migrations/0047_company_validations.sql:137: ERRO:  rela├º├úo "company_validations" n├úo existe
OK: 0047_company_validations.sql
DO
psql:C:/unificard/backend/migrations/0048_business_segments.sql:68: ERRO:  coluna "tenant_id" referenciada na restri├º├úo de chave estrangeira n├úo existe
psql:C:/unificard/backend/migrations/0048_business_segments.sql:75: ERRO:  rela├º├úo "business_segments" n├úo existe
psql:C:/unificard/backend/migrations/0048_business_segments.sql:79: ERRO:  rela├º├úo "business_segments" n├úo existe
psql:C:/unificard/backend/migrations/0048_business_segments.sql:83: ERRO:  rela├º├úo "business_segments" n├úo existe
psql:C:/unificard/backend/migrations/0048_business_segments.sql:88: ERRO:  rela├º├úo "business_segments" n├úo existe
psql:C:/unificard/backend/migrations/0048_business_segments.sql:104: ERRO:  rela├º├úo "business_segments" n├úo existe
CONTEXTO:  comando SQL "CREATE POLICY business_segments_tenant_isolation

      ON business_segments

      FOR ALL

      USING (tenant_id::text = current_setting('app.current_tenant', true))"
fun├º├úo PL/pgSQL inline_code_block linha 9 em comando SQL
CREATE FUNCTION
psql:C:/unificard/backend/migrations/0048_business_segments.sql:121: ERRO:  rela├º├úo "business_segments" n├úo existe
psql:C:/unificard/backend/migrations/0048_business_segments.sql:126: ERRO:  rela├º├úo "business_segments" n├úo existe
psql:C:/unificard/backend/migrations/0048_business_segments.sql:127: ERRO:  rela├º├úo "business_segments" n├úo existe
psql:C:/unificard/backend/migrations/0048_business_segments.sql:128: ERRO:  rela├º├úo "business_segments" n├úo existe
OK: 0048_business_segments.sql
CREATE EXTENSION
psql:C:/unificard/backend/migrations/0049_company_employees.sql:45: NOTA:  extens├úo "pgcrypto" j├í existe, ignorando
psql:C:/unificard/backend/migrations/0049_company_employees.sql:86: ERRO:  coluna "tenant_id" referenciada na restri├º├úo de chave estrangeira n├úo existe
psql:C:/unificard/backend/migrations/0049_company_employees.sql:96: ERRO:  rela├º├úo "company_employees" n├úo existe
psql:C:/unificard/backend/migrations/0049_company_employees.sql:106: ERRO:  rela├º├úo "company_employees" n├úo existe
psql:C:/unificard/backend/migrations/0049_company_employees.sql:110: ERRO:  rela├º├úo "company_employees" n├úo existe
psql:C:/unificard/backend/migrations/0049_company_employees.sql:117: ERRO:  rela├º├úo "company_employees" n├úo existe
psql:C:/unificard/backend/migrations/0049_company_employees.sql:121: ERRO:  rela├º├úo "company_employees" n├úo existe
psql:C:/unificard/backend/migrations/0049_company_employees.sql:131: ERRO:  rela├º├úo "company_employees" n├úo existe
psql:C:/unificard/backend/migrations/0049_company_employees.sql:139: ERRO:  rela├º├úo "company_employees" n├úo existe
psql:C:/unificard/backend/migrations/0049_company_employees.sql:142: ERRO:  rela├º├úo "company_employees" n├úo existe
psql:C:/unificard/backend/migrations/0049_company_employees.sql:145: ERRO:  rela├º├úo "company_employees" n├úo existe
OK: 0049_company_employees.sql
BEGIN
DO
DO
psql:C:/unificard/backend/migrations/0050_company_members.sql:74: ERRO:  coluna "actor_id" referenciada na restri├º├úo de chave estrangeira n├úo existe
psql:C:/unificard/backend/migrations/0050_company_members.sql:80: ERRO:  transa├º├úo atual foi interrompida, comandos ignorados at├® o fim do bloco de transa├º├úo
psql:C:/unificard/backend/migrations/0050_company_members.sql:81: ERRO:  transa├º├úo atual foi interrompida, comandos ignorados at├® o fim do bloco de transa├º├úo
psql:C:/unificard/backend/migrations/0050_company_members.sql:82: ERRO:  transa├º├úo atual foi interrompida, comandos ignorados at├® o fim do bloco de transa├º├úo
psql:C:/unificard/backend/migrations/0050_company_members.sql:83: ERRO:  transa├º├úo atual foi interrompida, comandos ignorados at├® o fim do bloco de transa├º├úo
psql:C:/unificard/backend/migrations/0050_company_members.sql:84: ERRO:  transa├º├úo atual foi interrompida, comandos ignorados at├® o fim do bloco de transa├º├úo
psql:C:/unificard/backend/migrations/0050_company_members.sql:89: ERRO:  transa├º├úo atual foi interrompida, comandos ignorados at├® o fim do bloco de transa├º├úo
psql:C:/unificard/backend/migrations/0050_company_members.sql:101: ERRO:  transa├º├úo atual foi interrompida, comandos ignorados at├® o fim do bloco de transa├º├úo
psql:C:/unificard/backend/migrations/0050_company_members.sql:106: ERRO:  transa├º├úo atual foi interrompida, comandos ignorados at├® o fim do bloco de transa├º├úo
psql:C:/unificard/backend/migrations/0050_company_members.sql:112: ERRO:  transa├º├úo atual foi interrompida, comandos ignorados at├® o fim do bloco de transa├º├úo
psql:C:/unificard/backend/migrations/0050_company_members.sql:116: ERRO:  transa├º├úo atual foi interrompida, comandos ignorados at├® o fim do bloco de transa├º├úo
psql:C:/unificard/backend/migrations/0050_company_members.sql:123: ERRO:  transa├º├úo atual foi interrompida, comandos ignorados at├® o fim do bloco de transa├º├úo
psql:C:/unificard/backend/migrations/0050_company_members.sql:126: ERRO:  transa├º├úo atual foi interrompida, comandos ignorados at├® o fim do bloco de transa├º├úo
psql:C:/unificard/backend/migrations/0050_company_members.sql:129: ERRO:  transa├º├úo atual foi interrompida, comandos ignorados at├® o fim do bloco de transa├º├úo
psql:C:/unificard/backend/migrations/0050_company_members.sql:132: ERRO:  transa├º├úo atual foi interrompida, comandos ignorados at├® o fim do bloco de transa├º├úo
psql:C:/unificard/backend/migrations/0050_company_members.sql:135: ERRO:  transa├º├úo atual foi interrompida, comandos ignorados at├® o fim do bloco de transa├º├úo
ROLLBACK
OK: 0050_company_members.sql
psql:C:/unificard/backend/migrations/0051_user_group_allocations.sql:45: ERRO:  coluna "tenant_id" referenciada na restri├º├úo de chave estrangeira n├úo existe
psql:C:/unificard/backend/migrations/0051_user_group_allocations.sql:52: ERRO:  rela├º├úo "user_group_allocations" n├úo existe
psql:C:/unificard/backend/migrations/0051_user_group_allocations.sql:56: ERRO:  rela├º├úo "user_group_allocations" n├úo existe
psql:C:/unificard/backend/migrations/0051_user_group_allocations.sql:61: ERRO:  rela├º├úo "user_group_allocations" n├úo existe
psql:C:/unificard/backend/migrations/0051_user_group_allocations.sql:64: ERRO:  rela├º├úo "user_group_allocations" n├úo existe
CREATE FUNCTION
psql:C:/unificard/backend/migrations/0051_user_group_allocations.sql:80: ERRO:  rela├º├úo "user_group_allocations" n├úo existe
psql:C:/unificard/backend/migrations/0051_user_group_allocations.sql:86: ERRO:  rela├º├úo "user_group_allocations" n├úo existe
psql:C:/unificard/backend/migrations/0051_user_group_allocations.sql:89: ERRO:  rela├º├úo "user_group_allocations" n├úo existe
psql:C:/unificard/backend/migrations/0051_user_group_allocations.sql:92: ERRO:  rela├º├úo "user_group_allocations" n├úo existe
psql:C:/unificard/backend/migrations/0051_user_group_allocations.sql:95: ERRO:  rela├º├úo "user_group_allocations" n├úo existe
psql:C:/unificard/backend/migrations/0051_user_group_allocations.sql:98: ERRO:  rela├º├úo "user_group_allocations" n├úo existe
OK: 0051_user_group_allocations.sql
CREATE EXTENSION
psql:C:/unificard/backend/migrations/0052_groups_system.sql:31: NOTA:  extens├úo "uuid-ossp" j├í existe, ignorando
psql:C:/unificard/backend/migrations/0052_groups_system.sql:49: ERRO:  coluna "tenant_id" referenciada na restri├º├úo de chave estrangeira n├úo existe
psql:C:/unificard/backend/migrations/0052_groups_system.sql:51: ERRO:  rela├º├úo "groups" n├úo existe
psql:C:/unificard/backend/migrations/0052_groups_system.sql:54: ERRO:  rela├º├úo "groups" n├úo existe
psql:C:/unificard/backend/migrations/0052_groups_system.sql:56: ERRO:  rela├º├úo "groups" n├úo existe
psql:C:/unificard/backend/migrations/0052_groups_system.sql:57: ERRO:  rela├º├úo "groups" n├úo existe
psql:C:/unificard/backend/migrations/0052_groups_system.sql:59: ERRO:  rela├º├úo "groups" n├úo existe
psql:C:/unificard/backend/migrations/0052_groups_system.sql:63: ERRO:  rela├º├úo "groups" n├úo existe
DO
psql:C:/unificard/backend/migrations/0052_groups_system.sql:86: ERRO:  rela├º├úo "groups" n├úo existe
psql:C:/unificard/backend/migrations/0052_groups_system.sql:88: ERRO:  rela├º├úo "group_members" n├úo existe
psql:C:/unificard/backend/migrations/0052_groups_system.sql:100: ERRO:  rela├º├úo "group_members" n├úo existe
psql:C:/unificard/backend/migrations/0052_groups_system.sql:103: ERRO:  rela├º├úo "group_members" n├úo existe
psql:C:/unificard/backend/migrations/0052_groups_system.sql:106: ERRO:  rela├º├úo "group_members" n├úo existe
psql:C:/unificard/backend/migrations/0052_groups_system.sql:109: ERRO:  rela├º├úo "group_members" n├úo existe
psql:C:/unificard/backend/migrations/0052_groups_system.sql:122: ERRO:  rela├º├úo "groups" n├úo existe
psql:C:/unificard/backend/migrations/0052_groups_system.sql:124: ERRO:  rela├º├úo "group_accounts" n├úo existe
psql:C:/unificard/backend/migrations/0052_groups_system.sql:134: ERRO:  rela├º├úo "group_accounts" n├úo existe
psql:C:/unificard/backend/migrations/0052_groups_system.sql:137: ERRO:  rela├º├úo "group_accounts" n├úo existe
psql:C:/unificard/backend/migrations/0052_groups_system.sql:140: ERRO:  rela├º├úo "group_accounts" n├úo existe
CREATE FUNCTION
psql:C:/unificard/backend/migrations/0052_groups_system.sql:171: ERRO:  rela├º├úo "group_members" n├úo existe
CREATE FUNCTION
psql:C:/unificard/backend/migrations/0052_groups_system.sql:224: ERRO:  rela├º├úo "group_members" n├úo existe
OK: 0052_groups_system.sql
psql:C:/unificard/backend/migrations/0053_groups.sql:25: ERRO:  rela├º├úo "groups" n├úo existe
CONTEXTO:  comando SQL "ALTER TABLE groups ADD COLUMN parent_group_id UUID"
fun├º├úo PL/pgSQL inline_code_block linha 7 em comando SQL
psql:C:/unificard/backend/migrations/0053_groups.sql:36: ERRO:  rela├º├úo "groups" n├úo existe
CONTEXTO:  comando SQL "ALTER TABLE groups ADD COLUMN created_by_actor_id UUID"
fun├º├úo PL/pgSQL inline_code_block linha 7 em comando SQL
psql:C:/unificard/backend/migrations/0053_groups.sql:41: ERRO:  rela├º├úo "groups" n├úo existe
psql:C:/unificard/backend/migrations/0053_groups.sql:46: ERRO:  rela├º├úo "groups" n├úo existe
OK: 0053_groups.sql
psql:C:/unificard/backend/migrations/0054_groups_upgrade_v1.sql:33: ERRO:  rela├º├úo "groups" n├úo existe
psql:C:/unificard/backend/migrations/0054_groups_upgrade_v1.sql:36: ERRO:  rela├º├úo "groups" n├úo existe
psql:C:/unificard/backend/migrations/0054_groups_upgrade_v1.sql:38: ERRO:  rela├º├úo "groups" n├úo existe
psql:C:/unificard/backend/migrations/0054_groups_upgrade_v1.sql:39: ERRO:  rela├º├úo "groups" n├úo existe
psql:C:/unificard/backend/migrations/0054_groups_upgrade_v1.sql:41: ERRO:  rela├º├úo "groups" n├úo existe
psql:C:/unificard/backend/migrations/0054_groups_upgrade_v1.sql:43: ERRO:  rela├º├úo "groups" n├úo existe
psql:C:/unificard/backend/migrations/0054_groups_upgrade_v1.sql:45: ERRO:  rela├º├úo "groups" n├úo existe
psql:C:/unificard/backend/migrations/0054_groups_upgrade_v1.sql:47: ERRO:  rela├º├úo "groups" n├úo existe
psql:C:/unificard/backend/migrations/0054_groups_upgrade_v1.sql:48: ERRO:  rela├º├úo "groups" n├úo existe
psql:C:/unificard/backend/migrations/0054_groups_upgrade_v1.sql:51: ERRO:  rela├º├úo "groups" n├úo existe
psql:C:/unificard/backend/migrations/0054_groups_upgrade_v1.sql:53: ERRO:  rela├º├úo "groups" n├úo existe
psql:C:/unificard/backend/migrations/0054_groups_upgrade_v1.sql:54: ERRO:  rela├º├úo "groups" n├úo existe
psql:C:/unificard/backend/migrations/0054_groups_upgrade_v1.sql:56: ERRO:  rela├º├úo "groups" n├úo existe
psql:C:/unificard/backend/migrations/0054_groups_upgrade_v1.sql:58: ERRO:  rela├º├úo "groups" n├úo existe
psql:C:/unificard/backend/migrations/0054_groups_upgrade_v1.sql:65: ERRO:  rela├º├úo "group_members" n├úo existe
psql:C:/unificard/backend/migrations/0054_groups_upgrade_v1.sql:66: ERRO:  rela├º├úo "group_members" n├úo existe
psql:C:/unificard/backend/migrations/0054_groups_upgrade_v1.sql:89: ERRO:  coluna "tenant_id" referenciada na restri├º├úo de chave estrangeira n├úo existe
psql:C:/unificard/backend/migrations/0054_groups_upgrade_v1.sql:91: ERRO:  rela├º├úo "user_active_groups" n├úo existe
psql:C:/unificard/backend/migrations/0054_groups_upgrade_v1.sql:93: NOTA:  rela├º├úo "user_active_groups" n├úo existe, ignorando
DROP POLICY
psql:C:/unificard/backend/migrations/0054_groups_upgrade_v1.sql:95: ERRO:  rela├º├úo "user_active_groups" n├úo existe
psql:C:/unificard/backend/migrations/0054_groups_upgrade_v1.sql:98: ERRO:  rela├º├úo "user_active_groups" n├úo existe
psql:C:/unificard/backend/migrations/0054_groups_upgrade_v1.sql:101: ERRO:  rela├º├úo "user_active_groups" n├úo existe
psql:C:/unificard/backend/migrations/0054_groups_upgrade_v1.sql:132: ERRO:  coluna "tenant_id" referenciada na restri├º├úo de chave estrangeira n├úo existe
psql:C:/unificard/backend/migrations/0054_groups_upgrade_v1.sql:134: ERRO:  rela├º├úo "split_configuration" n├úo existe
psql:C:/unificard/backend/migrations/0054_groups_upgrade_v1.sql:136: NOTA:  rela├º├úo "split_configuration" n├úo existe, ignorando
DROP POLICY
psql:C:/unificard/backend/migrations/0054_groups_upgrade_v1.sql:138: ERRO:  rela├º├úo "split_configuration" n├úo existe
psql:C:/unificard/backend/migrations/0054_groups_upgrade_v1.sql:150: ERRO:  rela├º├úo "split_configuration" n├úo existe
LINHA 1: INSERT INTO split_configuration (tenant_id, config_key)
                     ^
psql:C:/unificard/backend/migrations/0054_groups_upgrade_v1.sql:177: ERRO:  rela├º├úo "groups" n├úo existe
CONTEXTO:  comando SQL "ALTER TABLE actors

      ADD COLUMN group_id UUID REFERENCES groups(group_id) ON DELETE CASCADE"
fun├º├úo PL/pgSQL inline_code_block linha 7 em comando SQL
CREATE FUNCTION
psql:C:/unificard/backend/migrations/0054_groups_upgrade_v1.sql:202: NOTA:  rela├º├úo "group_members" n├úo existe, ignorando
DROP TRIGGER
psql:C:/unificard/backend/migrations/0054_groups_upgrade_v1.sql:205: ERRO:  rela├º├úo "group_members" n├úo existe
psql:C:/unificard/backend/migrations/0054_groups_upgrade_v1.sql:213: ERRO:  rela├º├úo "groups" n├úo existe
psql:C:/unificard/backend/migrations/0054_groups_upgrade_v1.sql:216: ERRO:  rela├º├úo "groups" n├úo existe
psql:C:/unificard/backend/migrations/0054_groups_upgrade_v1.sql:220: ERRO:  rela├º├úo "groups" n├úo existe
psql:C:/unificard/backend/migrations/0054_groups_upgrade_v1.sql:223: ERRO:  rela├º├úo "groups" n├úo existe
psql:C:/unificard/backend/migrations/0054_groups_upgrade_v1.sql:231: ERRO:  rela├º├úo "user_active_groups" n├úo existe
psql:C:/unificard/backend/migrations/0054_groups_upgrade_v1.sql:234: ERRO:  rela├º├úo "split_configuration" n├úo existe
psql:C:/unificard/backend/migrations/0054_groups_upgrade_v1.sql:237: ERRO:  rela├º├úo "groups" n├úo existe
psql:C:/unificard/backend/migrations/0054_groups_upgrade_v1.sql:240: ERRO:  rela├º├úo "groups" n├úo existe
psql:C:/unificard/backend/migrations/0054_groups_upgrade_v1.sql:243: ERRO:  rela├º├úo "groups" n├úo existe
OK: 0054_groups_upgrade_v1.sql
BEGIN
psql:C:/unificard/backend/migrations/0055_groups_community_governance.sql:51: ERRO:  rela├º├úo "groups" n├úo existe
psql:C:/unificard/backend/migrations/0055_groups_community_governance.sql:54: ERRO:  transa├º├úo atual foi interrompida, comandos ignorados at├® o fim do bloco de transa├º├úo
psql:C:/unificard/backend/migrations/0055_groups_community_governance.sql:55: ERRO:  transa├º├úo atual foi interrompida, comandos ignorados at├® o fim do bloco de transa├º├úo
psql:C:/unificard/backend/migrations/0055_groups_community_governance.sql:56: ERRO:  transa├º├úo atual foi interrompida, comandos ignorados at├® o fim do bloco de transa├º├úo
psql:C:/unificard/backend/migrations/0055_groups_community_governance.sql:57: ERRO:  transa├º├úo atual foi interrompida, comandos ignorados at├® o fim do bloco de transa├º├úo
psql:C:/unificard/backend/migrations/0055_groups_community_governance.sql:76: ERRO:  transa├º├úo atual foi interrompida, comandos ignorados at├® o fim do bloco de transa├º├úo
psql:C:/unificard/backend/migrations/0055_groups_community_governance.sql:91: ERRO:  transa├º├úo atual foi interrompida, comandos ignorados at├® o fim do bloco de transa├º├úo
psql:C:/unificard/backend/migrations/0055_groups_community_governance.sql:93: ERRO:  transa├º├úo atual foi interrompida, comandos ignorados at├® o fim do bloco de transa├º├úo
psql:C:/unificard/backend/migrations/0055_groups_community_governance.sql:94: ERRO:  transa├º├úo atual foi interrompida, comandos ignorados at├® o fim do bloco de transa├º├úo
psql:C:/unificard/backend/migrations/0055_groups_community_governance.sql:96: ERRO:  transa├º├úo atual foi interrompida, comandos ignorados at├® o fim do bloco de transa├º├úo
psql:C:/unificard/backend/migrations/0055_groups_community_governance.sql:99: ERRO:  transa├º├úo atual foi interrompida, comandos ignorados at├® o fim do bloco de transa├º├úo
psql:C:/unificard/backend/migrations/0055_groups_community_governance.sql:115: ERRO:  transa├º├úo atual foi interrompida, comandos ignorados at├® o fim do bloco de transa├º├úo
psql:C:/unificard/backend/migrations/0055_groups_community_governance.sql:117: ERRO:  transa├º├úo atual foi interrompida, comandos ignorados at├® o fim do bloco de transa├º├úo
psql:C:/unificard/backend/migrations/0055_groups_community_governance.sql:118: ERRO:  transa├º├úo atual foi interrompida, comandos ignorados at├® o fim do bloco de transa├º├úo
psql:C:/unificard/backend/migrations/0055_groups_community_governance.sql:119: ERRO:  transa├º├úo atual foi interrompida, comandos ignorados at├® o fim do bloco de transa├º├úo
psql:C:/unificard/backend/migrations/0055_groups_community_governance.sql:121: ERRO:  transa├º├úo atual foi interrompida, comandos ignorados at├® o fim do bloco de transa├º├úo
psql:C:/unificard/backend/migrations/0055_groups_community_governance.sql:124: ERRO:  transa├º├úo atual foi interrompida, comandos ignorados at├® o fim do bloco de transa├º├úo
psql:C:/unificard/backend/migrations/0055_groups_community_governance.sql:140: ERRO:  transa├º├úo atual foi interrompida, comandos ignorados at├® o fim do bloco de transa├º├úo
psql:C:/unificard/backend/migrations/0055_groups_community_governance.sql:142: ERRO:  transa├º├úo atual foi interrompida, comandos ignorados at├® o fim do bloco de transa├º├úo
psql:C:/unificard/backend/migrations/0055_groups_community_governance.sql:143: ERRO:  transa├º├úo atual foi interrompida, comandos ignorados at├® o fim do bloco de transa├º├úo
psql:C:/unificard/backend/migrations/0055_groups_community_governance.sql:144: ERRO:  transa├º├úo atual foi interrompida, comandos ignorados at├® o fim do bloco de transa├º├úo
psql:C:/unificard/backend/migrations/0055_groups_community_governance.sql:146: ERRO:  transa├º├úo atual foi interrompida, comandos ignorados at├® o fim do bloco de transa├º├úo
psql:C:/unificard/backend/migrations/0055_groups_community_governance.sql:149: ERRO:  transa├º├úo atual foi interrompida, comandos ignorados at├® o fim do bloco de transa├º├úo
psql:C:/unificard/backend/migrations/0055_groups_community_governance.sql:166: ERRO:  transa├º├úo atual foi interrompida, comandos ignorados at├® o fim do bloco de transa├º├úo
psql:C:/unificard/backend/migrations/0055_groups_community_governance.sql:168: ERRO:  transa├º├úo atual foi interrompida, comandos ignorados at├® o fim do bloco de transa├º├úo
psql:C:/unificard/backend/migrations/0055_groups_community_governance.sql:169: ERRO:  transa├º├úo atual foi interrompida, comandos ignorados at├® o fim do bloco de transa├º├úo
psql:C:/unificard/backend/migrations/0055_groups_community_governance.sql:170: ERRO:  transa├º├úo atual foi interrompida, comandos ignorados at├® o fim do bloco de transa├º├úo
psql:C:/unificard/backend/migrations/0055_groups_community_governance.sql:172: ERRO:  transa├º├úo atual foi interrompida, comandos ignorados at├® o fim do bloco de transa├º├úo
psql:C:/unificard/backend/migrations/0055_groups_community_governance.sql:175: ERRO:  transa├º├úo atual foi interrompida, comandos ignorados at├® o fim do bloco de transa├º├úo
psql:C:/unificard/backend/migrations/0055_groups_community_governance.sql:192: ERRO:  transa├º├úo atual foi interrompida, comandos ignorados at├® o fim do bloco de transa├º├úo
psql:C:/unificard/backend/migrations/0055_groups_community_governance.sql:194: ERRO:  transa├º├úo atual foi interrompida, comandos ignorados at├® o fim do bloco de transa├º├úo
psql:C:/unificard/backend/migrations/0055_groups_community_governance.sql:195: ERRO:  transa├º├úo atual foi interrompida, comandos ignorados at├® o fim do bloco de transa├º├úo
psql:C:/unificard/backend/migrations/0055_groups_community_governance.sql:196: ERRO:  transa├º├úo atual foi interrompida, comandos ignorados at├® o fim do bloco de transa├º├úo
psql:C:/unificard/backend/migrations/0055_groups_community_governance.sql:198: ERRO:  transa├º├úo atual foi interrompida, comandos ignorados at├® o fim do bloco de transa├º├úo
psql:C:/unificard/backend/migrations/0055_groups_community_governance.sql:201: ERRO:  transa├º├úo atual foi interrompida, comandos ignorados at├® o fim do bloco de transa├º├úo
psql:C:/unificard/backend/migrations/0055_groups_community_governance.sql:217: ERRO:  transa├º├úo atual foi interrompida, comandos ignorados at├® o fim do bloco de transa├º├úo
psql:C:/unificard/backend/migrations/0055_groups_community_governance.sql:219: ERRO:  transa├º├úo atual foi interrompida, comandos ignorados at├® o fim do bloco de transa├º├úo
psql:C:/unificard/backend/migrations/0055_groups_community_governance.sql:220: ERRO:  transa├º├úo atual foi interrompida, comandos ignorados at├® o fim do bloco de transa├º├úo
psql:C:/unificard/backend/migrations/0055_groups_community_governance.sql:222: ERRO:  transa├º├úo atual foi interrompida, comandos ignorados at├® o fim do bloco de transa├º├úo
psql:C:/unificard/backend/migrations/0055_groups_community_governance.sql:225: ERRO:  transa├º├úo atual foi interrompida, comandos ignorados at├® o fim do bloco de transa├º├úo
psql:C:/unificard/backend/migrations/0055_groups_community_governance.sql:234: ERRO:  transa├º├úo atual foi interrompida, comandos ignorados at├® o fim do bloco de transa├º├úo
psql:C:/unificard/backend/migrations/0055_groups_community_governance.sql:236: ERRO:  transa├º├úo atual foi interrompida, comandos ignorados at├® o fim do bloco de transa├º├úo
psql:C:/unificard/backend/migrations/0055_groups_community_governance.sql:238: ERRO:  transa├º├úo atual foi interrompida, comandos ignorados at├® o fim do bloco de transa├º├úo
psql:C:/unificard/backend/migrations/0055_groups_community_governance.sql:247: ERRO:  transa├º├úo atual foi interrompida, comandos ignorados at├® o fim do bloco de transa├º├úo
psql:C:/unificard/backend/migrations/0055_groups_community_governance.sql:263: ERRO:  transa├º├úo atual foi interrompida, comandos ignorados at├® o fim do bloco de transa├º├úo
psql:C:/unificard/backend/migrations/0055_groups_community_governance.sql:265: ERRO:  transa├º├úo atual foi interrompida, comandos ignorados at├® o fim do bloco de transa├º├úo
psql:C:/unificard/backend/migrations/0055_groups_community_governance.sql:267: ERRO:  transa├º├úo atual foi interrompida, comandos ignorados at├® o fim do bloco de transa├º├úo
psql:C:/unificard/backend/migrations/0055_groups_community_governance.sql:270: ERRO:  transa├º├úo atual foi interrompida, comandos ignorados at├® o fim do bloco de transa├º├úo
psql:C:/unificard/backend/migrations/0055_groups_community_governance.sql:289: ERRO:  transa├º├úo atual foi interrompida, comandos ignorados at├® o fim do bloco de transa├º├úo
psql:C:/unificard/backend/migrations/0055_groups_community_governance.sql:291: ERRO:  transa├º├úo atual foi interrompida, comandos ignorados at├® o fim do bloco de transa├º├úo
psql:C:/unificard/backend/migrations/0055_groups_community_governance.sql:292: ERRO:  transa├º├úo atual foi interrompida, comandos ignorados at├® o fim do bloco de transa├º├úo
psql:C:/unificard/backend/migrations/0055_groups_community_governance.sql:294: ERRO:  transa├º├úo atual foi interrompida, comandos ignorados at├® o fim do bloco de transa├º├úo
psql:C:/unificard/backend/migrations/0055_groups_community_governance.sql:297: ERRO:  transa├º├úo atual foi interrompida, comandos ignorados at├® o fim do bloco de transa├º├úo
psql:C:/unificard/backend/migrations/0055_groups_community_governance.sql:314: ERRO:  transa├º├úo atual foi interrompida, comandos ignorados at├® o fim do bloco de transa├º├úo
psql:C:/unificard/backend/migrations/0055_groups_community_governance.sql:316: ERRO:  transa├º├úo atual foi interrompida, comandos ignorados at├® o fim do bloco de transa├º├úo
psql:C:/unificard/backend/migrations/0055_groups_community_governance.sql:317: ERRO:  transa├º├úo atual foi interrompida, comandos ignorados at├® o fim do bloco de transa├º├úo
psql:C:/unificard/backend/migrations/0055_groups_community_governance.sql:319: ERRO:  transa├º├úo atual foi interrompida, comandos ignorados at├® o fim do bloco de transa├º├úo
psql:C:/unificard/backend/migrations/0055_groups_community_governance.sql:322: ERRO:  transa├º├úo atual foi interrompida, comandos ignorados at├® o fim do bloco de transa├º├úo
psql:C:/unificard/backend/migrations/0055_groups_community_governance.sql:343: ERRO:  transa├º├úo atual foi interrompida, comandos ignorados at├® o fim do bloco de transa├º├úo
psql:C:/unificard/backend/migrations/0055_groups_community_governance.sql:345: ERRO:  transa├º├úo atual foi interrompida, comandos ignorados at├® o fim do bloco de transa├º├úo
psql:C:/unificard/backend/migrations/0055_groups_community_governance.sql:346: ERRO:  transa├º├úo atual foi interrompida, comandos ignorados at├® o fim do bloco de transa├º├úo
psql:C:/unificard/backend/migrations/0055_groups_community_governance.sql:347: ERRO:  transa├º├úo atual foi interrompida, comandos ignorados at├® o fim do bloco de transa├º├úo
psql:C:/unificard/backend/migrations/0055_groups_community_governance.sql:349: ERRO:  transa├º├úo atual foi interrompida, comandos ignorados at├® o fim do bloco de transa├º├úo
psql:C:/unificard/backend/migrations/0055_groups_community_governance.sql:352: ERRO:  transa├º├úo atual foi interrompida, comandos ignorados at├® o fim do bloco de transa├º├úo
psql:C:/unificard/backend/migrations/0055_groups_community_governance.sql:363: ERRO:  transa├º├úo atual foi interrompida, comandos ignorados at├® o fim do bloco de transa├º├úo
psql:C:/unificard/backend/migrations/0055_groups_community_governance.sql:365: ERRO:  transa├º├úo atual foi interrompida, comandos ignorados at├® o fim do bloco de transa├º├úo
psql:C:/unificard/backend/migrations/0055_groups_community_governance.sql:367: ERRO:  transa├º├úo atual foi interrompida, comandos ignorados at├® o fim do bloco de transa├º├úo
psql:C:/unificard/backend/migrations/0055_groups_community_governance.sql:370: ERRO:  transa├º├úo atual foi interrompida, comandos ignorados at├® o fim do bloco de transa├º├úo
psql:C:/unificard/backend/migrations/0055_groups_community_governance.sql:384: ERRO:  transa├º├úo atual foi interrompida, comandos ignorados at├® o fim do bloco de transa├º├úo
psql:C:/unificard/backend/migrations/0055_groups_community_governance.sql:386: ERRO:  transa├º├úo atual foi interrompida, comandos ignorados at├® o fim do bloco de transa├º├úo
psql:C:/unificard/backend/migrations/0055_groups_community_governance.sql:387: ERRO:  transa├º├úo atual foi interrompida, comandos ignorados at├® o fim do bloco de transa├º├úo
psql:C:/unificard/backend/migrations/0055_groups_community_governance.sql:388: ERRO:  transa├º├úo atual foi interrompida, comandos ignorados at├® o fim do bloco de transa├º├úo
psql:C:/unificard/backend/migrations/0055_groups_community_governance.sql:390: ERRO:  transa├º├úo atual foi interrompida, comandos ignorados at├® o fim do bloco de transa├º├úo
psql:C:/unificard/backend/migrations/0055_groups_community_governance.sql:393: ERRO:  transa├º├úo atual foi interrompida, comandos ignorados at├® o fim do bloco de transa├º├úo
psql:C:/unificard/backend/migrations/0055_groups_community_governance.sql:421: ERRO:  transa├º├úo atual foi interrompida, comandos ignorados at├® o fim do bloco de transa├º├úo
psql:C:/unificard/backend/migrations/0055_groups_community_governance.sql:426: ERRO:  transa├º├úo atual foi interrompida, comandos ignorados at├® o fim do bloco de transa├º├úo
psql:C:/unificard/backend/migrations/0055_groups_community_governance.sql:456: ERRO:  transa├º├úo atual foi interrompida, comandos ignorados at├® o fim do bloco de transa├º├úo
psql:C:/unificard/backend/migrations/0055_groups_community_governance.sql:461: ERRO:  transa├º├úo atual foi interrompida, comandos ignorados at├® o fim do bloco de transa├º├úo
psql:C:/unificard/backend/migrations/0055_groups_community_governance.sql:466: ERRO:  transa├º├úo atual foi interrompida, comandos ignorados at├® o fim do bloco de transa├º├úo
psql:C:/unificard/backend/migrations/0055_groups_community_governance.sql:471: ERRO:  transa├º├úo atual foi interrompida, comandos ignorados at├® o fim do bloco de transa├º├úo
ROLLBACK
OK: 0055_groups_community_governance.sql
psql:C:/unificard/backend/migrations/0056_groups_financial_purpose.sql:7: ERRO:  rela├º├úo "groups" n├úo existe
psql:C:/unificard/backend/migrations/0056_groups_financial_purpose.sql:11: ERRO:  rela├º├úo "groups" n├úo existe
OK: 0056_groups_financial_purpose.sql
CREATE FUNCTION
psql:C:/unificard/backend/migrations/0057_groups_rbac_permissions.sql:137: ERRO:  coluna "tenant_id" n├úo existe
LINHA 1: SELECT tenant_id FROM tenants
                ^
CONSULTA:  SELECT tenant_id FROM tenants
CONTEXTO:  fun├º├úo PL/pgSQL inline_code_block linha 5 em FOR sobre registros de SELECT
OK: 0057_groups_rbac_permissions.sql
DO
psql:C:/unificard/backend/migrations/0058_organization_roles.sql:50: ERRO:  coluna "tenant_id" referenciada na restri├º├úo de chave estrangeira n├úo existe
psql:C:/unificard/backend/migrations/0058_organization_roles.sql:57: ERRO:  rela├º├úo "organization_roles" n├úo existe
psql:C:/unificard/backend/migrations/0058_organization_roles.sql:61: ERRO:  rela├º├úo "organization_roles" n├úo existe
psql:C:/unificard/backend/migrations/0058_organization_roles.sql:66: ERRO:  rela├º├úo "organization_roles" n├úo existe
psql:C:/unificard/backend/migrations/0058_organization_roles.sql:82: ERRO:  rela├º├úo "organization_roles" n├úo existe
CONTEXTO:  comando SQL "CREATE POLICY organization_roles_tenant_isolation

      ON organization_roles

      FOR ALL

      USING (tenant_id::text = current_setting('app.current_tenant', true))"
fun├º├úo PL/pgSQL inline_code_block linha 9 em comando SQL
psql:C:/unificard/backend/migrations/0058_organization_roles.sql:104: ERRO:  coluna "tenant_id" n├úo existe
LINHA 1: SELECT tenant_id FROM tenants
                ^
CONSULTA:  SELECT tenant_id FROM tenants
CONTEXTO:  fun├º├úo PL/pgSQL inline_code_block linha 5 em FOR sobre registros de SELECT
psql:C:/unificard/backend/migrations/0058_organization_roles.sql:109: ERRO:  rela├º├úo "organization_roles" n├úo existe
psql:C:/unificard/backend/migrations/0058_organization_roles.sql:110: ERRO:  rela├º├úo "organization_roles" n├úo existe
OK: 0058_organization_roles.sql
DO
psql:C:/unificard/backend/migrations/0059_organization_members.sql:58: ERRO:  coluna "tenant_id" referenciada na restri├º├úo de chave estrangeira n├úo existe
psql:C:/unificard/backend/migrations/0059_organization_members.sql:65: ERRO:  rela├º├úo "organization_members" n├úo existe
psql:C:/unificard/backend/migrations/0059_organization_members.sql:69: ERRO:  rela├º├úo "organization_members" n├úo existe
psql:C:/unificard/backend/migrations/0059_organization_members.sql:73: ERRO:  rela├º├úo "organization_members" n├úo existe
psql:C:/unificard/backend/migrations/0059_organization_members.sql:77: ERRO:  rela├º├úo "organization_members" n├úo existe
psql:C:/unificard/backend/migrations/0059_organization_members.sql:82: ERRO:  rela├º├úo "organization_members" n├úo existe
psql:C:/unificard/backend/migrations/0059_organization_members.sql:87: ERRO:  rela├º├úo "organization_members" n├úo existe
psql:C:/unificard/backend/migrations/0059_organization_members.sql:103: ERRO:  rela├º├úo "organization_members" n├úo existe
CONTEXTO:  comando SQL "CREATE POLICY organization_members_tenant_isolation

      ON organization_members

      FOR ALL

      USING (tenant_id::text = current_setting('app.current_tenant', true))"
fun├º├úo PL/pgSQL inline_code_block linha 9 em comando SQL
CREATE FUNCTION
psql:C:/unificard/backend/migrations/0059_organization_members.sql:120: ERRO:  rela├º├úo "organization_members" n├úo existe
psql:C:/unificard/backend/migrations/0059_organization_members.sql:125: ERRO:  rela├º├úo "organization_members" n├úo existe
psql:C:/unificard/backend/migrations/0059_organization_members.sql:126: ERRO:  rela├º├úo "organization_members" n├úo existe
psql:C:/unificard/backend/migrations/0059_organization_members.sql:127: ERRO:  rela├º├úo "organization_members" n├úo existe
psql:C:/unificard/backend/migrations/0059_organization_members.sql:128: ERRO:  rela├º├úo "organization_members" n├úo existe
OK: 0059_organization_members.sql
DO
psql:C:/unificard/backend/migrations/0060_organization_invites.sql:69: ERRO:  coluna "tenant_id" referenciada na restri├º├úo de chave estrangeira n├úo existe
psql:C:/unificard/backend/migrations/0060_organization_invites.sql:76: ERRO:  rela├º├úo "organization_invites" n├úo existe
psql:C:/unificard/backend/migrations/0060_organization_invites.sql:80: ERRO:  rela├º├úo "organization_invites" n├úo existe
psql:C:/unificard/backend/migrations/0060_organization_invites.sql:84: ERRO:  rela├º├úo "organization_invites" n├úo existe
psql:C:/unificard/backend/migrations/0060_organization_invites.sql:88: ERRO:  rela├º├úo "organization_invites" n├úo existe
psql:C:/unificard/backend/migrations/0060_organization_invites.sql:93: ERRO:  rela├º├úo "organization_invites" n├úo existe
psql:C:/unificard/backend/migrations/0060_organization_invites.sql:98: ERRO:  rela├º├úo "organization_invites" n├úo existe
psql:C:/unificard/backend/migrations/0060_organization_invites.sql:114: ERRO:  rela├º├úo "organization_invites" n├úo existe
CONTEXTO:  comando SQL "CREATE POLICY organization_invites_tenant_isolation

      ON organization_invites

      FOR ALL

      USING (tenant_id::text = current_setting('app.current_tenant', true))"
fun├º├úo PL/pgSQL inline_code_block linha 9 em comando SQL
psql:C:/unificard/backend/migrations/0060_organization_invites.sql:119: ERRO:  rela├º├úo "organization_invites" n├úo existe
psql:C:/unificard/backend/migrations/0060_organization_invites.sql:120: ERRO:  rela├º├úo "organization_invites" n├úo existe
psql:C:/unificard/backend/migrations/0060_organization_invites.sql:121: ERRO:  rela├º├úo "organization_invites" n├úo existe
OK: 0060_organization_invites.sql
psql:C:/unificard/backend/migrations/0061_webauthn_credentials.sql:47: ERRO:  coluna "tenant_id" referenciada na restri├º├úo de chave estrangeira n├úo existe
psql:C:/unificard/backend/migrations/0061_webauthn_credentials.sql:54: ERRO:  rela├º├úo "webauthn_credentials" n├úo existe
psql:C:/unificard/backend/migrations/0061_webauthn_credentials.sql:59: ERRO:  rela├º├úo "webauthn_credentials" n├úo existe
psql:C:/unificard/backend/migrations/0061_webauthn_credentials.sql:62: ERRO:  rela├º├úo "webauthn_credentials" n├úo existe
psql:C:/unificard/backend/migrations/0061_webauthn_credentials.sql:68: ERRO:  rela├º├úo "webauthn_credentials" n├úo existe
psql:C:/unificard/backend/migrations/0061_webauthn_credentials.sql:71: ERRO:  rela├º├úo "webauthn_credentials" n├úo existe
psql:C:/unificard/backend/migrations/0061_webauthn_credentials.sql:74: ERRO:  rela├º├úo "webauthn_credentials" n├úo existe
psql:C:/unificard/backend/migrations/0061_webauthn_credentials.sql:77: ERRO:  rela├º├úo "webauthn_credentials" n├úo existe
psql:C:/unificard/backend/migrations/0061_webauthn_credentials.sql:100: ERRO:  coluna "tenant_id" referenciada na restri├º├úo de chave estrangeira n├úo existe
psql:C:/unificard/backend/migrations/0061_webauthn_credentials.sql:104: ERRO:  rela├º├úo "webauthn_challenges" n├úo existe
psql:C:/unificard/backend/migrations/0061_webauthn_credentials.sql:107: ERRO:  rela├º├úo "webauthn_challenges" n├úo existe
psql:C:/unificard/backend/migrations/0061_webauthn_credentials.sql:110: ERRO:  rela├º├úo "webauthn_challenges" n├úo existe
CREATE FUNCTION
OK: 0061_webauthn_credentials.sql
UPDATE 0
UPDATE 0
DO
psql:C:/unificard/backend/migrations/0062_cpf_metadata_removal.sql:39: NOTA:  Limpeza conclu├¡da: nenhum CPF encontrado em metadata
CREATE FUNCTION
DROP TRIGGER
CREATE TRIGGER
COMMENT
COMMENT
OK: 0062_cpf_metadata_removal.sql
BEGIN
ALTER TABLE
CREATE INDEX
psql:C:/unificard/backend/migrations/0063_cpf_hardening.sql:48: ERRO:  rela├º├úo "user_profiles" n├úo existe
CONTEXTO:  comando SQL "ALTER TABLE user_profiles

      ADD CONSTRAINT user_profiles_user_id_fkey

      FOREIGN KEY (user_id)

      REFERENCES users(user_id)

      ON DELETE RESTRICT"
fun├º├úo PL/pgSQL inline_code_block linha 26 em comando SQL
psql:C:/unificard/backend/migrations/0063_cpf_hardening.sql:60: ERRO:  transa├º├úo atual foi interrompida, comandos ignorados at├® o fim do bloco de transa├º├úo
psql:C:/unificard/backend/migrations/0063_cpf_hardening.sql:74: ERRO:  transa├º├úo atual foi interrompida, comandos ignorados at├® o fim do bloco de transa├º├úo
ROLLBACK
OK: 0063_cpf_hardening.sql
DO
psql:C:/unificard/backend/migrations/0064_add_kyc_status_to_contacts.sql:34: ERRO:  rela├º├úo "contacts" n├úo existe
psql:C:/unificard/backend/migrations/0064_add_kyc_status_to_contacts.sql:41: ERRO:  rela├º├úo "contacts" n├úo existe
psql:C:/unificard/backend/migrations/0064_add_kyc_status_to_contacts.sql:46: ERRO:  rela├º├úo "contacts" n├úo existe
OK: 0064_add_kyc_status_to_contacts.sql
DO
psql:C:/unificard/backend/migrations/0065_contacts.sql:69: ERRO:  coluna "tenant_id" referenciada na restri├º├úo de chave estrangeira n├úo existe
psql:C:/unificard/backend/migrations/0065_contacts.sql:76: ERRO:  rela├º├úo "contacts" n├úo existe
psql:C:/unificard/backend/migrations/0065_contacts.sql:81: ERRO:  rela├º├úo "contacts" n├úo existe
psql:C:/unificard/backend/migrations/0065_contacts.sql:86: ERRO:  rela├º├úo "contacts" n├úo existe
psql:C:/unificard/backend/migrations/0065_contacts.sql:91: ERRO:  rela├º├úo "contacts" n├úo existe
psql:C:/unificard/backend/migrations/0065_contacts.sql:96: ERRO:  rela├º├úo "contacts" n├úo existe
psql:C:/unificard/backend/migrations/0065_contacts.sql:101: ERRO:  rela├º├úo "contacts" n├úo existe
psql:C:/unificard/backend/migrations/0065_contacts.sql:105: ERRO:  rela├º├úo "contacts" n├úo existe
psql:C:/unificard/backend/migrations/0065_contacts.sql:110: ERRO:  rela├º├úo "contacts" n├úo existe
psql:C:/unificard/backend/migrations/0065_contacts.sql:126: ERRO:  rela├º├úo "contacts" n├úo existe
CONTEXTO:  comando SQL "CREATE POLICY contacts_tenant_isolation

      ON contacts

      FOR ALL

      USING (tenant_id::text = current_setting('app.current_tenant', true))"
fun├º├úo PL/pgSQL inline_code_block linha 9 em comando SQL
CREATE FUNCTION
psql:C:/unificard/backend/migrations/0065_contacts.sql:143: ERRO:  rela├º├úo "contacts" n├úo existe
psql:C:/unificard/backend/migrations/0065_contacts.sql:148: ERRO:  rela├º├úo "contacts" n├úo existe
psql:C:/unificard/backend/migrations/0065_contacts.sql:149: ERRO:  rela├º├úo "contacts" n├úo existe
psql:C:/unificard/backend/migrations/0065_contacts.sql:150: ERRO:  rela├º├úo "contacts" n├úo existe
psql:C:/unificard/backend/migrations/0065_contacts.sql:151: ERRO:  rela├º├úo "contacts" n├úo existe
psql:C:/unificard/backend/migrations/0065_contacts.sql:152: ERRO:  rela├º├úo "contacts" n├úo existe
OK: 0065_contacts.sql
psql:C:/unificard/backend/migrations/0066_agreements.sql:53: ERRO:  coluna "tenant_id" referenciada na restri├º├úo de chave estrangeira n├úo existe
psql:C:/unificard/backend/migrations/0066_agreements.sql:56: ERRO:  rela├º├úo "agreements" n├úo existe
psql:C:/unificard/backend/migrations/0066_agreements.sql:57: ERRO:  rela├º├úo "agreements" n├úo existe
psql:C:/unificard/backend/migrations/0066_agreements.sql:58: ERRO:  rela├º├úo "agreements" n├úo existe
psql:C:/unificard/backend/migrations/0066_agreements.sql:59: ERRO:  rela├º├úo "agreements" n├úo existe
psql:C:/unificard/backend/migrations/0066_agreements.sql:60: ERRO:  rela├º├úo "agreements" n├úo existe
psql:C:/unificard/backend/migrations/0066_agreements.sql:61: ERRO:  rela├º├úo "agreements" n├úo existe
CREATE FUNCTION
psql:C:/unificard/backend/migrations/0066_agreements.sql:75: ERRO:  rela├º├úo "agreements" n├úo existe
psql:C:/unificard/backend/migrations/0066_agreements.sql:78: ERRO:  rela├º├úo "agreements" n├úo existe
psql:C:/unificard/backend/migrations/0066_agreements.sql:79: ERRO:  rela├º├úo "agreements" n├úo existe
psql:C:/unificard/backend/migrations/0066_agreements.sql:80: ERRO:  rela├º├úo "agreements" n├úo existe
psql:C:/unificard/backend/migrations/0066_agreements.sql:81: ERRO:  rela├º├úo "agreements" n├úo existe
psql:C:/unificard/backend/migrations/0066_agreements.sql:82: ERRO:  rela├º├úo "agreements" n├úo existe
psql:C:/unificard/backend/migrations/0066_agreements.sql:83: ERRO:  rela├º├úo "agreements" n├úo existe
psql:C:/unificard/backend/migrations/0066_agreements.sql:84: ERRO:  rela├º├úo "agreements" n├úo existe
psql:C:/unificard/backend/migrations/0066_agreements.sql:85: ERRO:  rela├º├úo "agreements" n├úo existe
OK: 0066_agreements.sql
DO
DO
DO
psql:C:/unificard/backend/migrations/0067_trust_profiles.sql:98: ERRO:  coluna "tenant_id" referenciada na restri├º├úo de chave estrangeira n├úo existe
psql:C:/unificard/backend/migrations/0067_trust_profiles.sql:101: ERRO:  rela├º├úo "trust_profiles" n├úo existe
psql:C:/unificard/backend/migrations/0067_trust_profiles.sql:102: ERRO:  rela├º├úo "trust_profiles" n├úo existe
psql:C:/unificard/backend/migrations/0067_trust_profiles.sql:103: ERRO:  rela├º├úo "trust_profiles" n├úo existe
CREATE FUNCTION
psql:C:/unificard/backend/migrations/0067_trust_profiles.sql:117: ERRO:  rela├º├úo "trust_profiles" n├úo existe
psql:C:/unificard/backend/migrations/0067_trust_profiles.sql:138: ERRO:  coluna "tenant_id" referenciada na restri├º├úo de chave estrangeira n├úo existe
psql:C:/unificard/backend/migrations/0067_trust_profiles.sql:141: ERRO:  rela├º├úo "trust_events" n├úo existe
psql:C:/unificard/backend/migrations/0067_trust_profiles.sql:142: ERRO:  rela├º├úo "trust_events" n├úo existe
psql:C:/unificard/backend/migrations/0067_trust_profiles.sql:143: ERRO:  rela├º├úo "trust_events" n├úo existe
psql:C:/unificard/backend/migrations/0067_trust_profiles.sql:144: ERRO:  rela├º├úo "trust_events" n├úo existe
psql:C:/unificard/backend/migrations/0067_trust_profiles.sql:162: ERRO:  coluna "tenant_id" referenciada na restri├º├úo de chave estrangeira n├úo existe
psql:C:/unificard/backend/migrations/0067_trust_profiles.sql:165: ERRO:  rela├º├úo "trust_score_snapshots" n├úo existe
psql:C:/unificard/backend/migrations/0067_trust_profiles.sql:166: ERRO:  rela├º├úo "trust_score_snapshots" n├úo existe
psql:C:/unificard/backend/migrations/0067_trust_profiles.sql:169: ERRO:  rela├º├úo "trust_profiles" n├úo existe
psql:C:/unificard/backend/migrations/0067_trust_profiles.sql:170: ERRO:  rela├º├úo "trust_events" n├úo existe
psql:C:/unificard/backend/migrations/0067_trust_profiles.sql:171: ERRO:  rela├º├úo "trust_score_snapshots" n├úo existe
psql:C:/unificard/backend/migrations/0067_trust_profiles.sql:172: ERRO:  rela├º├úo "trust_profiles" n├úo existe
psql:C:/unificard/backend/migrations/0067_trust_profiles.sql:173: ERRO:  rela├º├úo "trust_profiles" n├úo existe
psql:C:/unificard/backend/migrations/0067_trust_profiles.sql:174: ERRO:  rela├º├úo "trust_events" n├úo existe
psql:C:/unificard/backend/migrations/0067_trust_profiles.sql:175: ERRO:  rela├º├úo "trust_events" n├úo existe
OK: 0067_trust_profiles.sql
ALTER TABLE
DO
OK: 0068_cnpj_constraint_correction.sql
psql:C:/unificard/backend/migrations/0069_add_referral_code_to_users.sql:15: NOTA:  a coluna "referral_code" da rela├º├úo "users" j├í existe, ignorada
ALTER TABLE
psql:C:/unificard/backend/migrations/0069_add_referral_code_to_users.sql:21: NOTA:  rela├º├úo "users_referral_code_unique" j├í existe, ignorando
CREATE INDEX
psql:C:/unificard/backend/migrations/0069_add_referral_code_to_users.sql:26: NOTA:  a coluna "metadata" da rela├º├úo "users" j├í existe, ignorada
ALTER TABLE
CREATE INDEX
psql:C:/unificard/backend/migrations/0069_add_referral_code_to_users.sql:31: NOTA:  rela├º├úo "users_referral_code_lookup_idx" j├í existe, ignorando
COMMENT
COMMENT
OK: 0069_add_referral_code_to_users.sql
psql:C:/unificard/backend/migrations/0070_user_referral_links.sql:38: ERRO:  coluna "tenant_id" referenciada na restri├º├úo de chave estrangeira n├úo existe
psql:C:/unificard/backend/migrations/0070_user_referral_links.sql:43: ERRO:  rela├º├úo "user_referral_links" n├úo existe
psql:C:/unificard/backend/migrations/0070_user_referral_links.sql:47: ERRO:  rela├º├úo "user_referral_links" n├úo existe
psql:C:/unificard/backend/migrations/0070_user_referral_links.sql:51: ERRO:  rela├º├úo "user_referral_links" n├úo existe
psql:C:/unificard/backend/migrations/0070_user_referral_links.sql:54: ERRO:  rela├º├úo "user_referral_links" n├úo existe
psql:C:/unificard/backend/migrations/0070_user_referral_links.sql:67: ERRO:  rela├º├úo "user_referral_links" n├úo existe
CONTEXTO:  comando SQL "CREATE POLICY user_referral_links_rls ON user_referral_links

      USING (tenant_id::text = current_setting('app.current_tenant', true))"
fun├º├úo PL/pgSQL inline_code_block linha 9 em comando SQL
psql:C:/unificard/backend/migrations/0070_user_referral_links.sql:71: ERRO:  rela├º├úo "user_referral_links" n├úo existe
psql:C:/unificard/backend/migrations/0070_user_referral_links.sql:74: ERRO:  rela├º├úo "user_referral_links" n├úo existe
psql:C:/unificard/backend/migrations/0070_user_referral_links.sql:77: ERRO:  rela├º├úo "user_referral_links" n├úo existe
psql:C:/unificard/backend/migrations/0070_user_referral_links.sql:80: ERRO:  rela├º├úo "user_referral_links" n├úo existe
OK: 0070_user_referral_links.sql
DO
DO
psql:C:/unificard/backend/migrations/0071_company_profiles.sql:76: ERRO:  coluna "tenant_id" referenciada na restri├º├úo de chave estrangeira n├úo existe
CREATE FUNCTION
psql:C:/unificard/backend/migrations/0071_company_profiles.sql:93: ERRO:  rela├º├úo "company_profiles" n├úo existe
psql:C:/unificard/backend/migrations/0071_company_profiles.sql:98: ERRO:  rela├º├úo "company_profiles" n├úo existe
psql:C:/unificard/backend/migrations/0071_company_profiles.sql:104: ERRO:  rela├º├úo "company_profiles" n├úo existe
psql:C:/unificard/backend/migrations/0071_company_profiles.sql:109: ERRO:  rela├º├úo "company_profiles" n├úo existe
psql:C:/unificard/backend/migrations/0071_company_profiles.sql:110: ERRO:  rela├º├úo "company_profiles" n├úo existe
psql:C:/unificard/backend/migrations/0071_company_profiles.sql:111: ERRO:  rela├º├úo "company_profiles" n├úo existe
OK: 0071_company_profiles.sql
DO
psql:C:/unificard/backend/migrations/0072_tax_profiles.sql:76: ERRO:  coluna "tenant_id" referenciada na restri├º├úo de chave estrangeira n├úo existe
psql:C:/unificard/backend/migrations/0072_tax_profiles.sql:83: ERRO:  rela├º├úo "tax_profiles" n├úo existe
psql:C:/unificard/backend/migrations/0072_tax_profiles.sql:87: ERRO:  rela├º├úo "tax_profiles" n├úo existe
psql:C:/unificard/backend/migrations/0072_tax_profiles.sql:91: ERRO:  rela├º├úo "tax_profiles" n├úo existe
psql:C:/unificard/backend/migrations/0072_tax_profiles.sql:96: ERRO:  rela├º├úo "tax_profiles" n├úo existe
psql:C:/unificard/backend/migrations/0072_tax_profiles.sql:101: ERRO:  rela├º├úo "tax_profiles" n├úo existe
psql:C:/unificard/backend/migrations/0072_tax_profiles.sql:117: ERRO:  rela├º├úo "tax_profiles" n├úo existe
CONTEXTO:  comando SQL "CREATE POLICY tax_profiles_tenant_isolation

      ON tax_profiles

      FOR ALL

      USING (tenant_id::text = current_setting('app.current_tenant', true))"
fun├º├úo PL/pgSQL inline_code_block linha 9 em comando SQL
CREATE FUNCTION
psql:C:/unificard/backend/migrations/0072_tax_profiles.sql:134: ERRO:  rela├º├úo "tax_profiles" n├úo existe
psql:C:/unificard/backend/migrations/0072_tax_profiles.sql:139: ERRO:  rela├º├úo "tax_profiles" n├úo existe
psql:C:/unificard/backend/migrations/0072_tax_profiles.sql:140: ERRO:  rela├º├úo "tax_profiles" n├úo existe
psql:C:/unificard/backend/migrations/0072_tax_profiles.sql:141: ERRO:  rela├º├úo "tax_profiles" n├úo existe
psql:C:/unificard/backend/migrations/0072_tax_profiles.sql:142: ERRO:  rela├º├úo "tax_profiles" n├úo existe
OK: 0072_tax_profiles.sql
psql:C:/unificard/backend/migrations/0073_referral_codes.sql:55: ERRO:  coluna "tenant_id" referenciada na restri├º├úo de chave estrangeira n├úo existe
psql:C:/unificard/backend/migrations/0073_referral_codes.sql:62: ERRO:  rela├º├úo "referral_codes" n├úo existe
psql:C:/unificard/backend/migrations/0073_referral_codes.sql:67: ERRO:  rela├º├úo "referral_codes" n├úo existe
psql:C:/unificard/backend/migrations/0073_referral_codes.sql:71: ERRO:  rela├º├úo "referral_codes" n├úo existe
psql:C:/unificard/backend/migrations/0073_referral_codes.sql:76: ERRO:  rela├º├úo "referral_codes" n├úo existe
psql:C:/unificard/backend/migrations/0073_referral_codes.sql:81: ERRO:  rela├º├úo "referral_codes" n├úo existe
psql:C:/unificard/backend/migrations/0073_referral_codes.sql:87: ERRO:  rela├º├úo "referral_codes" n├úo existe
psql:C:/unificard/backend/migrations/0073_referral_codes.sql:92: ERRO:  rela├º├úo "referral_codes" n├úo existe
psql:C:/unificard/backend/migrations/0073_referral_codes.sql:93: ERRO:  rela├º├úo "referral_codes" n├úo existe
psql:C:/unificard/backend/migrations/0073_referral_codes.sql:94: ERRO:  rela├º├úo "referral_codes" n├úo existe
psql:C:/unificard/backend/migrations/0073_referral_codes.sql:95: ERRO:  rela├º├úo "referral_codes" n├úo existe
OK: 0073_referral_codes.sql
CREATE TABLE
psql:C:/unificard/backend/migrations/0075_rbac.sql:29: NOTA:  rela├º├úo "roles" j├í existe, ignorando
ALTER TABLE
DO
CREATE INDEX
psql:C:/unificard/backend/migrations/0075_rbac.sql:47: NOTA:  rela├º├úo "idx_roles_tenant" j├í existe, ignorando
psql:C:/unificard/backend/migrations/0075_rbac.sql:48: NOTA:  rela├º├úo "idx_roles_name" j├í existe, ignorando
CREATE INDEX
psql:C:/unificard/backend/migrations/0075_rbac.sql:61: NOTA:  rela├º├úo "permissions" j├í existe, ignorando
CREATE TABLE
ALTER TABLE
DO
CREATE INDEX
psql:C:/unificard/backend/migrations/0075_rbac.sql:79: NOTA:  rela├º├úo "idx_permissions_tenant" j├í existe, ignorando
CREATE INDEX
psql:C:/unificard/backend/migrations/0075_rbac.sql:81: NOTA:  rela├º├úo "idx_permissions_resource_action" j├í existe, ignorando
psql:C:/unificard/backend/migrations/0075_rbac.sql:92: NOTA:  rela├º├úo "user_roles" j├í existe, ignorando
CREATE TABLE
ALTER TABLE
DO
psql:C:/unificard/backend/migrations/0075_rbac.sql:111: NOTA:  rela├º├úo "idx_user_roles_user" j├í existe, ignorando
CREATE INDEX
psql:C:/unificard/backend/migrations/0075_rbac.sql:114: NOTA:  rela├º├úo "idx_user_roles_role" j├í existe, ignorando
CREATE INDEX
psql:C:/unificard/backend/migrations/0075_rbac.sql:125: NOTA:  rela├º├úo "role_permissions" j├í existe, ignorando
CREATE TABLE
ALTER TABLE
DO
psql:C:/unificard/backend/migrations/0075_rbac.sql:144: NOTA:  rela├º├úo "idx_role_permissions_role" j├í existe, ignorando
CREATE INDEX
psql:C:/unificard/backend/migrations/0075_rbac.sql:147: NOTA:  rela├º├úo "idx_role_permissions_permission" j├í existe, ignorando
CREATE INDEX
CREATE FUNCTION
CREATE FUNCTION
CREATE FUNCTION
CREATE FUNCTION
COMMENT
COMMENT
COMMENT
COMMENT
COMMENT
COMMENT
COMMENT
COMMENT
OK: 0075_rbac.sql
psql:C:/unificard/backend/migrations/0076_user_plan.sql:60: NOTA:  a coluna "plan" da rela├º├úo "users" j├í existe, ignorada
ALTER TABLE
COMMENT
psql:C:/unificard/backend/migrations/0076_user_plan.sql:71: NOTA:  a coluna "is_test" da rela├º├úo "users" j├í existe, ignorada
ALTER TABLE
COMMENT
CREATE INDEX
psql:C:/unificard/backend/migrations/0076_user_plan.sql:82: NOTA:  rela├º├úo "idx_users_plan" j├í existe, ignorando
COMMENT
OK: 0076_user_plan.sql
psql:C:/unificard/backend/migrations/0077_referrals.sql:51: ERRO:  coluna "tenant_id" referenciada na restri├º├úo de chave estrangeira n├úo existe
psql:C:/unificard/backend/migrations/0077_referrals.sql:58: ERRO:  rela├º├úo "referrals" n├úo existe
psql:C:/unificard/backend/migrations/0077_referrals.sql:62: ERRO:  rela├º├úo "referrals" n├úo existe
psql:C:/unificard/backend/migrations/0077_referrals.sql:67: ERRO:  rela├º├úo "referrals" n├úo existe
psql:C:/unificard/backend/migrations/0077_referrals.sql:72: ERRO:  rela├º├úo "referrals" n├úo existe
psql:C:/unificard/backend/migrations/0077_referrals.sql:75: ERRO:  rela├º├úo "referrals" n├úo existe
CREATE FUNCTION
psql:C:/unificard/backend/migrations/0077_referrals.sql:91: ERRO:  rela├º├úo "referrals" n├úo existe
CREATE FUNCTION
psql:C:/unificard/backend/migrations/0077_referrals.sql:109: ERRO:  rela├º├úo "referrals" n├úo existe
psql:C:/unificard/backend/migrations/0077_referrals.sql:115: ERRO:  rela├º├úo "referrals" n├úo existe
psql:C:/unificard/backend/migrations/0077_referrals.sql:118: ERRO:  rela├º├úo "referrals" n├úo existe
psql:C:/unificard/backend/migrations/0077_referrals.sql:121: ERRO:  rela├º├úo "referrals" n├úo existe
psql:C:/unificard/backend/migrations/0077_referrals.sql:124: ERRO:  rela├º├úo "referrals" n├úo existe
psql:C:/unificard/backend/migrations/0077_referrals.sql:127: ERRO:  rela├º├úo "referrals" n├úo existe
OK: 0077_referrals.sql
psql:C:/unificard/backend/migrations/0078_company_opportunity_preferences.sql:44: ERRO:  coluna "tenant_id" referenciada na restri├º├úo de chave estrangeira n├úo existe
psql:C:/unificard/backend/migrations/0078_company_opportunity_preferences.sql:48: ERRO:  rela├º├úo "company_opportunity_preferences" n├úo existe
psql:C:/unificard/backend/migrations/0078_company_opportunity_preferences.sql:51: ERRO:  rela├º├úo "company_opportunity_preferences" n├úo existe
psql:C:/unificard/backend/migrations/0078_company_opportunity_preferences.sql:54: ERRO:  rela├º├úo "company_opportunity_preferences" n├úo existe
psql:C:/unificard/backend/migrations/0078_company_opportunity_preferences.sql:57: ERRO:  rela├º├úo "company_opportunity_preferences" n├úo existe
psql:C:/unificard/backend/migrations/0078_company_opportunity_preferences.sql:60: ERRO:  rela├º├úo "company_opportunity_preferences" n├úo existe
psql:C:/unificard/backend/migrations/0078_company_opportunity_preferences.sql:64: ERRO:  rela├º├úo "company_opportunity_preferences" n├úo existe
psql:C:/unificard/backend/migrations/0078_company_opportunity_preferences.sql:67: ERRO:  rela├º├úo "company_opportunity_preferences" n├úo existe
psql:C:/unificard/backend/migrations/0078_company_opportunity_preferences.sql:70: ERRO:  rela├º├úo "company_opportunity_preferences" n├úo existe
psql:C:/unificard/backend/migrations/0078_company_opportunity_preferences.sql:73: ERRO:  rela├º├úo "company_opportunity_preferences" n├úo existe
OK: 0078_company_opportunity_preferences.sql
BEGIN
DO
psql:C:/unificard/backend/migrations/0079_kyc_levels.sql:30: NOTA:  a coluna "kyc_level" da rela├º├úo "actors" j├í existe, ignorada
psql:C:/unificard/backend/migrations/0079_kyc_levels.sql:30: NOTA:  a coluna "kyc_verified_at" da rela├º├úo "actors" j├í existe, ignorada
psql:C:/unificard/backend/migrations/0079_kyc_levels.sql:30: NOTA:  a coluna "kyc_verified_by" da rela├º├úo "actors" j├í existe, ignorada
ALTER TABLE
COMMENT
COMMENT
COMMENT
psql:C:/unificard/backend/migrations/0079_kyc_levels.sql:60: NOTA:  rela├º├úo "kyc_limits" j├í existe, ignorando
CREATE TABLE
COMMENT
INSERT 0 0
CREATE INDEX
psql:C:/unificard/backend/migrations/0079_kyc_levels.sql:116: NOTA:  rela├º├úo "idx_actors_kyc_level" j├í existe, ignorando
CREATE FUNCTION
COMMENT
COMMIT
OK: 0079_kyc_levels.sql
CREATE FUNCTION
CREATE FUNCTION
psql:C:/unificard/backend/migrations/0120_system_accounts.sql:111: ERRO:  coluna "tenant_id" n├úo existe
LINHA 1: SELECT tenant_id FROM tenants
                ^
CONSULTA:  SELECT tenant_id FROM tenants
CONTEXTO:  fun├º├úo PL/pgSQL inline_code_block linha 5 em FOR sobre registros de SELECT
COMMENT
COMMENT
OK: 0120_system_accounts.sql
psql:C:/unificard/backend/migrations/0121_unifybank_test_currency.sql:44: ERRO:  rela├º├úo "accounts" n├úo existe
psql:C:/unificard/backend/migrations/0121_unifybank_test_currency.sql:45: ERRO:  rela├º├úo "transactions" n├úo existe
OK: 0121_unifybank_test_currency.sql
psql:C:/unificard/backend/migrations/0122_bank_policies.sql:45: ERRO:  coluna "tenant_id" referenciada na restri├º├úo de chave estrangeira n├úo existe
psql:C:/unificard/backend/migrations/0122_bank_policies.sql:52: ERRO:  rela├º├úo "bank_policies" n├úo existe
psql:C:/unificard/backend/migrations/0122_bank_policies.sql:56: ERRO:  rela├º├úo "bank_policies" n├úo existe
psql:C:/unificard/backend/migrations/0122_bank_policies.sql:61: ERRO:  rela├º├úo "bank_policies" n├úo existe
psql:C:/unificard/backend/migrations/0122_bank_policies.sql:64: ERRO:  rela├º├úo "bank_policies" n├úo existe
CREATE FUNCTION
psql:C:/unificard/backend/migrations/0122_bank_policies.sql:80: ERRO:  rela├º├úo "bank_policies" n├úo existe
psql:C:/unificard/backend/migrations/0122_bank_policies.sql:86: ERRO:  rela├º├úo "bank_policies" n├úo existe
psql:C:/unificard/backend/migrations/0122_bank_policies.sql:89: ERRO:  rela├º├úo "bank_policies" n├úo existe
psql:C:/unificard/backend/migrations/0122_bank_policies.sql:92: ERRO:  rela├º├úo "bank_policies" n├úo existe
psql:C:/unificard/backend/migrations/0122_bank_policies.sql:95: ERRO:  rela├º├úo "bank_policies" n├úo existe
psql:C:/unificard/backend/migrations/0122_bank_policies.sql:98: ERRO:  rela├º├úo "bank_policies" n├úo existe
psql:C:/unificard/backend/migrations/0122_bank_policies.sql:111: ERRO:  rela├º├úo "bank_policies" n├úo existe
LINHA 1: INSERT INTO bank_policies (tenant_id, key, version, status, ...
                     ^
psql:C:/unificard/backend/migrations/0122_bank_policies.sql:121: ERRO:  rela├º├úo "bank_policies" n├úo existe
LINHA 1: INSERT INTO bank_policies (tenant_id, key, version, status, ...
                     ^
psql:C:/unificard/backend/migrations/0122_bank_policies.sql:131: ERRO:  rela├º├úo "bank_policies" n├úo existe
LINHA 1: INSERT INTO bank_policies (tenant_id, key, version, status, ...
                     ^
psql:C:/unificard/backend/migrations/0122_bank_policies.sql:141: ERRO:  rela├º├úo "bank_policies" n├úo existe
LINHA 1: INSERT INTO bank_policies (tenant_id, key, version, status, ...
                     ^
psql:C:/unificard/backend/migrations/0122_bank_policies.sql:151: ERRO:  rela├º├úo "bank_policies" n├úo existe
LINHA 1: INSERT INTO bank_policies (tenant_id, key, version, status, ...
                     ^
OK: 0122_bank_policies.sql
psql:C:/unificard/backend/migrations/0123_bank_limit_change_requests.sql:70: ERRO:  coluna "tenant_id" referenciada na restri├º├úo de chave estrangeira n├úo existe
psql:C:/unificard/backend/migrations/0123_bank_limit_change_requests.sql:77: ERRO:  rela├º├úo "bank_limit_change_requests" n├úo existe
psql:C:/unificard/backend/migrations/0123_bank_limit_change_requests.sql:82: ERRO:  rela├º├úo "bank_limit_change_requests" n├úo existe
psql:C:/unificard/backend/migrations/0123_bank_limit_change_requests.sql:86: ERRO:  rela├º├úo "bank_limit_change_requests" n├úo existe
psql:C:/unificard/backend/migrations/0123_bank_limit_change_requests.sql:91: ERRO:  rela├º├úo "bank_limit_change_requests" n├úo existe
psql:C:/unificard/backend/migrations/0123_bank_limit_change_requests.sql:94: ERRO:  rela├º├úo "bank_limit_change_requests" n├úo existe
CREATE FUNCTION
psql:C:/unificard/backend/migrations/0123_bank_limit_change_requests.sql:110: ERRO:  rela├º├úo "bank_limit_change_requests" n├úo existe
psql:C:/unificard/backend/migrations/0123_bank_limit_change_requests.sql:116: ERRO:  rela├º├úo "bank_limit_change_requests" n├úo existe
psql:C:/unificard/backend/migrations/0123_bank_limit_change_requests.sql:119: ERRO:  rela├º├úo "bank_limit_change_requests" n├úo existe
psql:C:/unificard/backend/migrations/0123_bank_limit_change_requests.sql:122: ERRO:  rela├º├úo "bank_limit_change_requests" n├úo existe
psql:C:/unificard/backend/migrations/0123_bank_limit_change_requests.sql:125: ERRO:  rela├º├úo "bank_limit_change_requests" n├úo existe
psql:C:/unificard/backend/migrations/0123_bank_limit_change_requests.sql:128: ERRO:  rela├º├úo "bank_limit_change_requests" n├úo existe
psql:C:/unificard/backend/migrations/0123_bank_limit_change_requests.sql:131: ERRO:  rela├º├úo "bank_limit_change_requests" n├úo existe
psql:C:/unificard/backend/migrations/0123_bank_limit_change_requests.sql:134: ERRO:  rela├º├úo "bank_limit_change_requests" n├úo existe
psql:C:/unificard/backend/migrations/0123_bank_limit_change_requests.sql:137: ERRO:  rela├º├úo "bank_limit_change_requests" n├úo existe
psql:C:/unificard/backend/migrations/0123_bank_limit_change_requests.sql:140: ERRO:  rela├º├úo "bank_limit_change_requests" n├úo existe
OK: 0123_bank_limit_change_requests.sql
psql:C:/unificard/backend/migrations/0124_bank_limits_read_model.sql:49: ERRO:  coluna "tenant_id" referenciada na restri├º├úo de chave estrangeira n├úo existe
psql:C:/unificard/backend/migrations/0124_bank_limits_read_model.sql:56: ERRO:  rela├º├úo "bank_limits_read_model" n├úo existe
psql:C:/unificard/backend/migrations/0124_bank_limits_read_model.sql:61: ERRO:  rela├º├úo "bank_limits_read_model" n├úo existe
psql:C:/unificard/backend/migrations/0124_bank_limits_read_model.sql:66: ERRO:  rela├º├úo "bank_limits_read_model" n├úo existe
psql:C:/unificard/backend/migrations/0124_bank_limits_read_model.sql:69: ERRO:  rela├º├úo "bank_limits_read_model" n├úo existe
CREATE FUNCTION
psql:C:/unificard/backend/migrations/0124_bank_limits_read_model.sql:85: ERRO:  rela├º├úo "bank_limits_read_model" n├úo existe
psql:C:/unificard/backend/migrations/0124_bank_limits_read_model.sql:91: ERRO:  rela├º├úo "bank_limits_read_model" n├úo existe
psql:C:/unificard/backend/migrations/0124_bank_limits_read_model.sql:94: ERRO:  rela├º├úo "bank_limits_read_model" n├úo existe
psql:C:/unificard/backend/migrations/0124_bank_limits_read_model.sql:97: ERRO:  rela├º├úo "bank_limits_read_model" n├úo existe
psql:C:/unificard/backend/migrations/0124_bank_limits_read_model.sql:100: ERRO:  rela├º├úo "bank_limits_read_model" n├úo existe
OK: 0124_bank_limits_read_model.sql
BEGIN
ALTER TABLE
COMMENT
COMMENT
COMMENT
COMMENT
COMMENT
psql:C:/unificard/backend/migrations/0129_settlement_external.sql:50: ERRO:  coluna "settled_at" n├úo existe
LINHA 3: WHERE settled_at IS NOT NULL
               ^
psql:C:/unificard/backend/migrations/0129_settlement_external.sql:53: ERRO:  transa├º├úo atual foi interrompida, comandos ignorados at├® o fim do bloco de transa├º├úo
psql:C:/unificard/backend/migrations/0129_settlement_external.sql:82: ERRO:  transa├º├úo atual foi interrompida, comandos ignorados at├® o fim do bloco de transa├º├úo
psql:C:/unificard/backend/migrations/0129_settlement_external.sql:85: ERRO:  transa├º├úo atual foi interrompida, comandos ignorados at├® o fim do bloco de transa├º├úo
psql:C:/unificard/backend/migrations/0129_settlement_external.sql:90: ERRO:  transa├º├úo atual foi interrompida, comandos ignorados at├® o fim do bloco de transa├º├úo
psql:C:/unificard/backend/migrations/0129_settlement_external.sql:148: ERRO:  transa├º├úo atual foi interrompida, comandos ignorados at├® o fim do bloco de transa├º├úo
psql:C:/unificard/backend/migrations/0129_settlement_external.sql:151: ERRO:  transa├º├úo atual foi interrompida, comandos ignorados at├® o fim do bloco de transa├º├úo
psql:C:/unificard/backend/migrations/0129_settlement_external.sql:157: ERRO:  transa├º├úo atual foi interrompida, comandos ignorados at├® o fim do bloco de transa├º├úo
psql:C:/unificard/backend/migrations/0129_settlement_external.sql:163: ERRO:  transa├º├úo atual foi interrompida, comandos ignorados at├® o fim do bloco de transa├º├úo
psql:C:/unificard/backend/migrations/0129_settlement_external.sql:170: ERRO:  transa├º├úo atual foi interrompida, comandos ignorados at├® o fim do bloco de transa├º├úo
psql:C:/unificard/backend/migrations/0129_settlement_external.sql:173: ERRO:  transa├º├úo atual foi interrompida, comandos ignorados at├® o fim do bloco de transa├º├úo
psql:C:/unificard/backend/migrations/0129_settlement_external.sql:176: ERRO:  transa├º├úo atual foi interrompida, comandos ignorados at├® o fim do bloco de transa├º├úo
ROLLBACK
OK: 0129_settlement_external.sql
BEGIN
CREATE EXTENSION
psql:C:/unificard/backend/migrations/0130_ledger_entries.sql:20: NOTA:  extens├úo "uuid-ossp" j├í existe, ignorando
DO
psql:C:/unificard/backend/migrations/0130_ledger_entries.sql:73: ERRO:  rela├º├úo "evidence_packs" n├úo existe
psql:C:/unificard/backend/migrations/0130_ledger_entries.sql:85: ERRO:  transa├º├úo atual foi interrompida, comandos ignorados at├® o fim do bloco de transa├º├úo
psql:C:/unificard/backend/migrations/0130_ledger_entries.sql:87: ERRO:  transa├º├úo atual foi interrompida, comandos ignorados at├® o fim do bloco de transa├º├úo
psql:C:/unificard/backend/migrations/0130_ledger_entries.sql:91: ERRO:  transa├º├úo atual foi interrompida, comandos ignorados at├® o fim do bloco de transa├º├úo
psql:C:/unificard/backend/migrations/0130_ledger_entries.sql:93: ERRO:  transa├º├úo atual foi interrompida, comandos ignorados at├® o fim do bloco de transa├º├úo
psql:C:/unificard/backend/migrations/0130_ledger_entries.sql:97: ERRO:  transa├º├úo atual foi interrompida, comandos ignorados at├® o fim do bloco de transa├º├úo
psql:C:/unificard/backend/migrations/0130_ledger_entries.sql:104: ERRO:  transa├º├úo atual foi interrompida, comandos ignorados at├® o fim do bloco de transa├º├úo
psql:C:/unificard/backend/migrations/0130_ledger_entries.sql:107: ERRO:  transa├º├úo atual foi interrompida, comandos ignorados at├® o fim do bloco de transa├º├úo
psql:C:/unificard/backend/migrations/0130_ledger_entries.sql:110: ERRO:  transa├º├úo atual foi interrompida, comandos ignorados at├® o fim do bloco de transa├º├úo
psql:C:/unificard/backend/migrations/0130_ledger_entries.sql:113: ERRO:  transa├º├úo atual foi interrompida, comandos ignorados at├® o fim do bloco de transa├º├úo
psql:C:/unificard/backend/migrations/0130_ledger_entries.sql:116: ERRO:  transa├º├úo atual foi interrompida, comandos ignorados at├® o fim do bloco de transa├º├úo
psql:C:/unificard/backend/migrations/0130_ledger_entries.sql:119: ERRO:  transa├º├úo atual foi interrompida, comandos ignorados at├® o fim do bloco de transa├º├úo
psql:C:/unificard/backend/migrations/0130_ledger_entries.sql:127: ERRO:  transa├º├úo atual foi interrompida, comandos ignorados at├® o fim do bloco de transa├º├úo
psql:C:/unificard/backend/migrations/0130_ledger_entries.sql:133: ERRO:  transa├º├úo atual foi interrompida, comandos ignorados at├® o fim do bloco de transa├º├úo
psql:C:/unificard/backend/migrations/0130_ledger_entries.sql:148: ERRO:  transa├º├úo atual foi interrompida, comandos ignorados at├® o fim do bloco de transa├º├úo
psql:C:/unificard/backend/migrations/0130_ledger_entries.sql:155: ERRO:  transa├º├úo atual foi interrompida, comandos ignorados at├® o fim do bloco de transa├º├úo
psql:C:/unificard/backend/migrations/0130_ledger_entries.sql:158: ERRO:  transa├º├úo atual foi interrompida, comandos ignorados at├® o fim do bloco de transa├º├úo
psql:C:/unificard/backend/migrations/0130_ledger_entries.sql:161: ERRO:  transa├º├úo atual foi interrompida, comandos ignorados at├® o fim do bloco de transa├º├úo
psql:C:/unificard/backend/migrations/0130_ledger_entries.sql:164: ERRO:  transa├º├úo atual foi interrompida, comandos ignorados at├® o fim do bloco de transa├º├úo
psql:C:/unificard/backend/migrations/0130_ledger_entries.sql:167: ERRO:  transa├º├úo atual foi interrompida, comandos ignorados at├® o fim do bloco de transa├º├úo
psql:C:/unificard/backend/migrations/0130_ledger_entries.sql:170: ERRO:  transa├º├úo atual foi interrompida, comandos ignorados at├® o fim do bloco de transa├º├úo
psql:C:/unificard/backend/migrations/0130_ledger_entries.sql:173: ERRO:  transa├º├úo atual foi interrompida, comandos ignorados at├® o fim do bloco de transa├º├úo
psql:C:/unificard/backend/migrations/0130_ledger_entries.sql:210: ERRO:  transa├º├úo atual foi interrompida, comandos ignorados at├® o fim do bloco de transa├º├úo
psql:C:/unificard/backend/migrations/0130_ledger_entries.sql:213: ERRO:  transa├º├úo atual foi interrompida, comandos ignorados at├® o fim do bloco de transa├º├úo
ROLLBACK
OK: 0130_ledger_entries.sql
psql:C:/unificard/backend/migrations/0131_impact_ledger.sql:62: ERRO:  coluna "tenant_id" referenciada na restri├º├úo de chave estrangeira n├úo existe
psql:C:/unificard/backend/migrations/0131_impact_ledger.sql:66: ERRO:  rela├º├úo "impact_ledger" n├úo existe
psql:C:/unificard/backend/migrations/0131_impact_ledger.sql:69: ERRO:  rela├º├úo "impact_ledger" n├úo existe
psql:C:/unificard/backend/migrations/0131_impact_ledger.sql:72: ERRO:  rela├º├úo "impact_ledger" n├úo existe
psql:C:/unificard/backend/migrations/0131_impact_ledger.sql:91: ERRO:  coluna "tenant_id" referenciada na restri├º├úo de chave estrangeira n├úo existe
psql:C:/unificard/backend/migrations/0131_impact_ledger.sql:98: ERRO:  rela├º├úo "impact_ledger" n├úo existe
psql:C:/unificard/backend/migrations/0131_impact_ledger.sql:101: ERRO:  rela├º├úo "impact_balances" n├úo existe
psql:C:/unificard/backend/migrations/0131_impact_ledger.sql:104: ERRO:  rela├º├úo "impact_ledger" n├úo existe
psql:C:/unificard/backend/migrations/0131_impact_ledger.sql:107: ERRO:  rela├º├úo "impact_ledger" n├úo existe
psql:C:/unificard/backend/migrations/0131_impact_ledger.sql:110: ERRO:  rela├º├úo "impact_balances" n├úo existe
OK: 0131_impact_ledger.sql
DO
psql:C:/unificard/backend/migrations/0132_loyalty_ledger.sql:37: ERRO:  coluna "tenant_id" referenciada na restri├º├úo de chave estrangeira n├úo existe
psql:C:/unificard/backend/migrations/0132_loyalty_ledger.sql:42: ERRO:  rela├º├úo "loyalty_ledger" n├úo existe
psql:C:/unificard/backend/migrations/0132_loyalty_ledger.sql:43: ERRO:  rela├º├úo "loyalty_ledger" n├úo existe
psql:C:/unificard/backend/migrations/0132_loyalty_ledger.sql:48: ERRO:  rela├º├úo "loyalty_ledger" n├úo existe
psql:C:/unificard/backend/migrations/0132_loyalty_ledger.sql:49: ERRO:  rela├º├úo "loyalty_ledger" n├úo existe
OK: 0132_loyalty_ledger.sql
DO
psql:C:/unificard/backend/migrations/0140_payment_intents.sql:63: ERRO:  coluna "tenant_id" referenciada na restri├º├úo de chave estrangeira n├úo existe
psql:C:/unificard/backend/migrations/0140_payment_intents.sql:70: ERRO:  rela├º├úo "payment_intents" n├úo existe
psql:C:/unificard/backend/migrations/0140_payment_intents.sql:74: ERRO:  rela├º├úo "payment_intents" n├úo existe
psql:C:/unificard/backend/migrations/0140_payment_intents.sql:78: ERRO:  rela├º├úo "payment_intents" n├úo existe
psql:C:/unificard/backend/migrations/0140_payment_intents.sql:82: ERRO:  rela├º├úo "payment_intents" n├úo existe
psql:C:/unificard/backend/migrations/0140_payment_intents.sql:87: ERRO:  rela├º├úo "payment_intents" n├úo existe
psql:C:/unificard/backend/migrations/0140_payment_intents.sql:90: ERRO:  rela├º├úo "payment_intents" n├úo existe
CREATE FUNCTION
psql:C:/unificard/backend/migrations/0140_payment_intents.sql:106: ERRO:  rela├º├úo "payment_intents" n├úo existe
psql:C:/unificard/backend/migrations/0140_payment_intents.sql:112: ERRO:  rela├º├úo "payment_intents" n├úo existe
psql:C:/unificard/backend/migrations/0140_payment_intents.sql:115: ERRO:  rela├º├úo "payment_intents" n├úo existe
psql:C:/unificard/backend/migrations/0140_payment_intents.sql:118: ERRO:  rela├º├úo "payment_intents" n├úo existe
psql:C:/unificard/backend/migrations/0140_payment_intents.sql:121: ERRO:  rela├º├úo "payment_intents" n├úo existe
psql:C:/unificard/backend/migrations/0140_payment_intents.sql:124: ERRO:  rela├º├úo "payment_intents" n├úo existe
OK: 0140_payment_intents.sql
DO
DO
psql:C:/unificard/backend/migrations/0141_payment_methods.sql:95: ERRO:  coluna "tenant_id" referenciada na restri├º├úo de chave estrangeira n├úo existe
psql:C:/unificard/backend/migrations/0141_payment_methods.sql:102: ERRO:  rela├º├úo "payment_methods" n├úo existe
psql:C:/unificard/backend/migrations/0141_payment_methods.sql:106: ERRO:  rela├º├úo "payment_methods" n├úo existe
psql:C:/unificard/backend/migrations/0141_payment_methods.sql:110: ERRO:  rela├º├úo "payment_methods" n├úo existe
psql:C:/unificard/backend/migrations/0141_payment_methods.sql:115: ERRO:  rela├º├úo "payment_methods" n├úo existe
psql:C:/unificard/backend/migrations/0141_payment_methods.sql:120: ERRO:  rela├º├úo "payment_methods" n├úo existe
psql:C:/unificard/backend/migrations/0141_payment_methods.sql:126: ERRO:  rela├º├úo "payment_methods" n├úo existe
CREATE FUNCTION
psql:C:/unificard/backend/migrations/0141_payment_methods.sql:151: ERRO:  rela├º├úo "payment_methods" n├úo existe
psql:C:/unificard/backend/migrations/0141_payment_methods.sql:156: ERRO:  rela├º├úo "payment_methods" n├úo existe
psql:C:/unificard/backend/migrations/0141_payment_methods.sql:157: ERRO:  rela├º├úo "payment_methods" n├úo existe
psql:C:/unificard/backend/migrations/0141_payment_methods.sql:158: ERRO:  rela├º├úo "payment_methods" n├úo existe
psql:C:/unificard/backend/migrations/0141_payment_methods.sql:159: ERRO:  rela├º├úo "payment_methods" n├úo existe
psql:C:/unificard/backend/migrations/0141_payment_methods.sql:160: ERRO:  rela├º├úo "payment_methods" n├úo existe
psql:C:/unificard/backend/migrations/0141_payment_methods.sql:161: ERRO:  rela├º├úo "payment_methods" n├úo existe
OK: 0141_payment_methods.sql
BEGIN
CREATE EXTENSION
psql:C:/unificard/backend/migrations/0142_unifycard_payment_methods.sql:25: NOTA:  extens├úo "uuid-ossp" j├í existe, ignorando
DO
psql:C:/unificard/backend/migrations/0142_unifycard_payment_methods.sql:81: NOTA:  rela├º├úo "unifycard_payment_methods" j├í existe, ignorando
CREATE TABLE
CREATE INDEX
CREATE INDEX
ALTER TABLE
psql:C:/unificard/backend/migrations/0142_unifycard_payment_methods.sql:88: NOTA:  rela├º├úo "idx_unifycard_methods_tenant" j├í existe, ignorando
psql:C:/unificard/backend/migrations/0142_unifycard_payment_methods.sql:91: NOTA:  rela├º├úo "idx_unifycard_methods_type" j├í existe, ignorando
DO
COMMENT
COMMENT
COMMENT
COMMENT
COMMIT
OK: 0142_unifycard_payment_methods.sql
DO
psql:C:/unificard/backend/migrations/0143_pix_charges.sql:77: ERRO:  coluna "tenant_id" referenciada na restri├º├úo de chave estrangeira n├úo existe
psql:C:/unificard/backend/migrations/0143_pix_charges.sql:84: ERRO:  rela├º├úo "pix_charges" n├úo existe
psql:C:/unificard/backend/migrations/0143_pix_charges.sql:88: ERRO:  rela├º├úo "pix_charges" n├úo existe
psql:C:/unificard/backend/migrations/0143_pix_charges.sql:92: ERRO:  rela├º├úo "pix_charges" n├úo existe
psql:C:/unificard/backend/migrations/0143_pix_charges.sql:97: ERRO:  rela├º├úo "pix_charges" n├úo existe
psql:C:/unificard/backend/migrations/0143_pix_charges.sql:102: ERRO:  rela├º├úo "pix_charges" n├úo existe
psql:C:/unificard/backend/migrations/0143_pix_charges.sql:107: ERRO:  rela├º├úo "pix_charges" n├úo existe
psql:C:/unificard/backend/migrations/0143_pix_charges.sql:123: ERRO:  rela├º├úo "pix_charges" n├úo existe
CONTEXTO:  comando SQL "CREATE POLICY pix_charges_tenant_isolation

      ON pix_charges

      FOR ALL

      USING (tenant_id::text = current_setting('app.current_tenant', true))"
fun├º├úo PL/pgSQL inline_code_block linha 9 em comando SQL
CREATE FUNCTION
psql:C:/unificard/backend/migrations/0143_pix_charges.sql:140: ERRO:  rela├º├úo "pix_charges" n├úo existe
psql:C:/unificard/backend/migrations/0143_pix_charges.sql:145: ERRO:  rela├º├úo "pix_charges" n├úo existe
psql:C:/unificard/backend/migrations/0143_pix_charges.sql:146: ERRO:  rela├º├úo "pix_charges" n├úo existe
psql:C:/unificard/backend/migrations/0143_pix_charges.sql:147: ERRO:  rela├º├úo "pix_charges" n├úo existe
psql:C:/unificard/backend/migrations/0143_pix_charges.sql:148: ERRO:  rela├º├úo "pix_charges" n├úo existe
psql:C:/unificard/backend/migrations/0143_pix_charges.sql:149: ERRO:  rela├º├úo "pix_charges" n├úo existe
OK: 0143_pix_charges.sql
DO
psql:C:/unificard/backend/migrations/0144_pix_webhook_events.sql:69: ERRO:  coluna "tenant_id" referenciada na restri├º├úo de chave estrangeira n├úo existe
psql:C:/unificard/backend/migrations/0144_pix_webhook_events.sql:76: ERRO:  rela├º├úo "pix_webhook_events" n├úo existe
psql:C:/unificard/backend/migrations/0144_pix_webhook_events.sql:80: ERRO:  rela├º├úo "pix_webhook_events" n├úo existe
psql:C:/unificard/backend/migrations/0144_pix_webhook_events.sql:85: ERRO:  rela├º├úo "pix_webhook_events" n├úo existe
psql:C:/unificard/backend/migrations/0144_pix_webhook_events.sql:90: ERRO:  rela├º├úo "pix_webhook_events" n├úo existe
psql:C:/unificard/backend/migrations/0144_pix_webhook_events.sql:94: ERRO:  rela├º├úo "pix_webhook_events" n├úo existe
psql:C:/unificard/backend/migrations/0144_pix_webhook_events.sql:99: ERRO:  rela├º├úo "pix_webhook_events" n├úo existe
psql:C:/unificard/backend/migrations/0144_pix_webhook_events.sql:115: ERRO:  rela├º├úo "pix_webhook_events" n├úo existe
CONTEXTO:  comando SQL "CREATE POLICY pix_webhook_events_tenant_isolation

      ON pix_webhook_events

      FOR ALL

      USING (tenant_id::text = current_setting('app.current_tenant', true))"
fun├º├úo PL/pgSQL inline_code_block linha 9 em comando SQL
psql:C:/unificard/backend/migrations/0144_pix_webhook_events.sql:120: ERRO:  rela├º├úo "pix_webhook_events" n├úo existe
psql:C:/unificard/backend/migrations/0144_pix_webhook_events.sql:121: ERRO:  rela├º├úo "pix_webhook_events" n├úo existe
psql:C:/unificard/backend/migrations/0144_pix_webhook_events.sql:122: ERRO:  rela├º├úo "pix_webhook_events" n├úo existe
OK: 0144_pix_webhook_events.sql
DO
psql:C:/unificard/backend/migrations/0145_payment_links.sql:78: ERRO:  coluna "tenant_id" referenciada na restri├º├úo de chave estrangeira n├úo existe
psql:C:/unificard/backend/migrations/0145_payment_links.sql:85: ERRO:  rela├º├úo "payment_links" n├úo existe
psql:C:/unificard/backend/migrations/0145_payment_links.sql:90: ERRO:  rela├º├úo "payment_links" n├úo existe
psql:C:/unificard/backend/migrations/0145_payment_links.sql:94: ERRO:  rela├º├úo "payment_links" n├úo existe
psql:C:/unificard/backend/migrations/0145_payment_links.sql:99: ERRO:  rela├º├úo "payment_links" n├úo existe
psql:C:/unificard/backend/migrations/0145_payment_links.sql:104: ERRO:  rela├º├úo "payment_links" n├úo existe
psql:C:/unificard/backend/migrations/0145_payment_links.sql:120: ERRO:  rela├º├úo "payment_links" n├úo existe
CONTEXTO:  comando SQL "CREATE POLICY payment_links_tenant_isolation

      ON payment_links

      FOR ALL

      USING (tenant_id::text = current_setting('app.current_tenant', true))"
fun├º├úo PL/pgSQL inline_code_block linha 9 em comando SQL
CREATE FUNCTION
psql:C:/unificard/backend/migrations/0145_payment_links.sql:137: ERRO:  rela├º├úo "payment_links" n├úo existe
psql:C:/unificard/backend/migrations/0145_payment_links.sql:142: ERRO:  rela├º├úo "payment_links" n├úo existe
psql:C:/unificard/backend/migrations/0145_payment_links.sql:143: ERRO:  rela├º├úo "payment_links" n├úo existe
psql:C:/unificard/backend/migrations/0145_payment_links.sql:144: ERRO:  rela├º├úo "payment_links" n├úo existe
psql:C:/unificard/backend/migrations/0145_payment_links.sql:145: ERRO:  rela├º├úo "payment_links" n├úo existe
OK: 0145_payment_links.sql
DO
psql:C:/unificard/backend/migrations/0146_payment_link_payments.sql:65: ERRO:  coluna "tenant_id" referenciada na restri├º├úo de chave estrangeira n├úo existe
psql:C:/unificard/backend/migrations/0146_payment_link_payments.sql:72: ERRO:  rela├º├úo "payment_link_payments" n├úo existe
psql:C:/unificard/backend/migrations/0146_payment_link_payments.sql:76: ERRO:  rela├º├úo "payment_link_payments" n├úo existe
psql:C:/unificard/backend/migrations/0146_payment_link_payments.sql:80: ERRO:  rela├º├úo "payment_link_payments" n├úo existe
psql:C:/unificard/backend/migrations/0146_payment_link_payments.sql:85: ERRO:  rela├º├úo "payment_link_payments" n├úo existe
psql:C:/unificard/backend/migrations/0146_payment_link_payments.sql:89: ERRO:  rela├º├úo "payment_link_payments" n├úo existe
psql:C:/unificard/backend/migrations/0146_payment_link_payments.sql:94: ERRO:  rela├º├úo "payment_link_payments" n├úo existe
psql:C:/unificard/backend/migrations/0146_payment_link_payments.sql:110: ERRO:  rela├º├úo "payment_link_payments" n├úo existe
CONTEXTO:  comando SQL "CREATE POLICY payment_link_payments_tenant_isolation

      ON payment_link_payments

      FOR ALL

      USING (tenant_id::text = current_setting('app.current_tenant', true))"
fun├º├úo PL/pgSQL inline_code_block linha 9 em comando SQL
CREATE FUNCTION
psql:C:/unificard/backend/migrations/0146_payment_link_payments.sql:127: ERRO:  rela├º├úo "payment_link_payments" n├úo existe
psql:C:/unificard/backend/migrations/0146_payment_link_payments.sql:132: ERRO:  rela├º├úo "payment_link_payments" n├úo existe
psql:C:/unificard/backend/migrations/0146_payment_link_payments.sql:133: ERRO:  rela├º├úo "payment_link_payments" n├úo existe
OK: 0146_payment_link_payments.sql
DO
psql:C:/unificard/backend/migrations/0150_commission_rules.sql:70: ERRO:  coluna "tenant_id" referenciada na restri├º├úo de chave estrangeira n├úo existe
psql:C:/unificard/backend/migrations/0150_commission_rules.sql:77: ERRO:  rela├º├úo "commission_rules" n├úo existe
psql:C:/unificard/backend/migrations/0150_commission_rules.sql:81: ERRO:  rela├º├úo "commission_rules" n├úo existe
psql:C:/unificard/backend/migrations/0150_commission_rules.sql:86: ERRO:  rela├º├úo "commission_rules" n├úo existe
psql:C:/unificard/backend/migrations/0150_commission_rules.sql:92: ERRO:  rela├º├úo "commission_rules" n├úo existe
psql:C:/unificard/backend/migrations/0150_commission_rules.sql:97: ERRO:  rela├º├úo "commission_rules" n├úo existe
psql:C:/unificard/backend/migrations/0150_commission_rules.sql:98: ERRO:  rela├º├úo "commission_rules" n├úo existe
psql:C:/unificard/backend/migrations/0150_commission_rules.sql:99: ERRO:  rela├º├úo "commission_rules" n├úo existe
psql:C:/unificard/backend/migrations/0150_commission_rules.sql:100: ERRO:  rela├º├úo "commission_rules" n├úo existe
psql:C:/unificard/backend/migrations/0150_commission_rules.sql:101: ERRO:  rela├º├úo "commission_rules" n├úo existe
psql:C:/unificard/backend/migrations/0150_commission_rules.sql:102: ERRO:  rela├º├úo "commission_rules" n├úo existe
OK: 0150_commission_rules.sql
BEGIN
psql:C:/unificard/backend/migrations/0165_add_service_order_id_to_bank_splits.sql:20: ERRO:  rela├º├úo "service_orders" n├úo existe
psql:C:/unificard/backend/migrations/0165_add_service_order_id_to_bank_splits.sql:25: ERRO:  transa├º├úo atual foi interrompida, comandos ignorados at├® o fim do bloco de transa├º├úo
psql:C:/unificard/backend/migrations/0165_add_service_order_id_to_bank_splits.sql:29: ERRO:  transa├º├úo atual foi interrompida, comandos ignorados at├® o fim do bloco de transa├º├úo
ROLLBACK
OK: 0165_add_service_order_id_to_bank_splits.sql
psql:C:/unificard/backend/migrations/0166_add_financial_authorship.sql:29: NOTA:  a coluna "performed_by_user_id" da rela├º├úo "bank_transactions" j├í existe, ignorada
psql:C:/unificard/backend/migrations/0166_add_financial_authorship.sql:29: NOTA:  a coluna "acting_for_actor_id" da rela├º├úo "bank_transactions" j├í existe, ignorada
psql:C:/unificard/backend/migrations/0166_add_financial_authorship.sql:29: NOTA:  a coluna "acting_for_account_id" da rela├º├úo "bank_transactions" j├í existe, ignorada
psql:C:/unificard/backend/migrations/0166_add_financial_authorship.sql:29: NOTA:  a coluna "authority_source" da rela├º├úo "bank_transactions" j├í existe, ignorada
psql:C:/unificard/backend/migrations/0166_add_financial_authorship.sql:29: NOTA:  a coluna "permission_snapshot" da rela├º├úo "bank_transactions" j├í existe, ignorada
psql:C:/unificard/backend/migrations/0166_add_financial_authorship.sql:29: NOTA:  a coluna "policy_snapshot" da rela├º├úo "bank_transactions" j├í existe, ignorada
ALTER TABLE
psql:C:/unificard/backend/migrations/0166_add_financial_authorship.sql:34: NOTA:  rela├º├úo "idx_bank_transactions_performed_by_user_id" j├í existe, ignorando
CREATE INDEX
psql:C:/unificard/backend/migrations/0166_add_financial_authorship.sql:38: NOTA:  rela├º├úo "idx_bank_transactions_acting_for_actor_id" j├í existe, ignorando
CREATE INDEX
psql:C:/unificard/backend/migrations/0166_add_financial_authorship.sql:42: NOTA:  rela├º├úo "idx_bank_transactions_acting_for_account_id" j├í existe, ignorando
CREATE INDEX
CREATE INDEX
psql:C:/unificard/backend/migrations/0166_add_financial_authorship.sql:46: NOTA:  rela├º├úo "idx_bank_transactions_tenant_authority" j├í existe, ignorando
psql:C:/unificard/backend/migrations/0166_add_financial_authorship.sql:58: NOTA:  a coluna "performed_by_user_id" da rela├º├úo "bank_ledger" j├í existe, ignorada
psql:C:/unificard/backend/migrations/0166_add_financial_authorship.sql:58: NOTA:  a coluna "acting_for_actor_id" da rela├º├úo "bank_ledger" j├í existe, ignorada
psql:C:/unificard/backend/migrations/0166_add_financial_authorship.sql:58: NOTA:  a coluna "acting_for_account_id" da rela├º├úo "bank_ledger" j├í existe, ignorada
psql:C:/unificard/backend/migrations/0166_add_financial_authorship.sql:58: NOTA:  a coluna "authority_source" da rela├º├úo "bank_ledger" j├í existe, ignorada
psql:C:/unificard/backend/migrations/0166_add_financial_authorship.sql:58: NOTA:  a coluna "permission_snapshot" da rela├º├úo "bank_ledger" j├í existe, ignorada
psql:C:/unificard/backend/migrations/0166_add_financial_authorship.sql:58: NOTA:  a coluna "policy_snapshot" da rela├º├úo "bank_ledger" j├í existe, ignorada
ALTER TABLE
CREATE INDEX
psql:C:/unificard/backend/migrations/0166_add_financial_authorship.sql:63: NOTA:  rela├º├úo "idx_bank_ledger_performed_by_user_id" j├í existe, ignorando
CREATE INDEX
psql:C:/unificard/backend/migrations/0166_add_financial_authorship.sql:67: NOTA:  rela├º├úo "idx_bank_ledger_acting_for_actor_id" j├í existe, ignorando
CREATE INDEX
psql:C:/unificard/backend/migrations/0166_add_financial_authorship.sql:71: NOTA:  rela├º├úo "idx_bank_ledger_acting_for_account_id" j├í existe, ignorando
CREATE INDEX
psql:C:/unificard/backend/migrations/0166_add_financial_authorship.sql:75: NOTA:  rela├º├úo "idx_bank_ledger_tenant_authority" j├í existe, ignorando
psql:C:/unificard/backend/migrations/0166_add_financial_authorship.sql:87: NOTA:  a coluna "performed_by_user_id" da rela├º├úo "bank_splits" j├í existe, ignorada
psql:C:/unificard/backend/migrations/0166_add_financial_authorship.sql:87: NOTA:  a coluna "acting_for_actor_id" da rela├º├úo "bank_splits" j├í existe, ignorada
psql:C:/unificard/backend/migrations/0166_add_financial_authorship.sql:87: NOTA:  a coluna "acting_for_account_id" da rela├º├úo "bank_splits" j├í existe, ignorada
psql:C:/unificard/backend/migrations/0166_add_financial_authorship.sql:87: NOTA:  a coluna "authority_source" da rela├º├úo "bank_splits" j├í existe, ignorada
psql:C:/unificard/backend/migrations/0166_add_financial_authorship.sql:87: NOTA:  a coluna "permission_snapshot" da rela├º├úo "bank_splits" j├í existe, ignorada
psql:C:/unificard/backend/migrations/0166_add_financial_authorship.sql:87: NOTA:  a coluna "policy_snapshot" da rela├º├úo "bank_splits" j├í existe, ignorada
ALTER TABLE
CREATE INDEX
psql:C:/unificard/backend/migrations/0166_add_financial_authorship.sql:92: NOTA:  rela├º├úo "idx_bank_splits_performed_by_user_id" j├í existe, ignorando
psql:C:/unificard/backend/migrations/0166_add_financial_authorship.sql:96: NOTA:  rela├º├úo "idx_bank_splits_acting_for_actor_id" j├í existe, ignorando
CREATE INDEX
CREATE INDEX
psql:C:/unificard/backend/migrations/0166_add_financial_authorship.sql:100: NOTA:  rela├º├úo "idx_bank_splits_acting_for_account_id" j├í existe, ignorando
psql:C:/unificard/backend/migrations/0166_add_financial_authorship.sql:104: NOTA:  rela├º├úo "idx_bank_splits_tenant_authority" j├í existe, ignorando
CREATE INDEX
COMMENT
COMMENT
COMMENT
COMMENT
COMMENT
COMMENT
COMMENT
COMMENT
COMMENT
COMMENT
COMMENT
COMMENT
COMMENT
COMMENT
COMMENT
COMMENT
COMMENT
COMMENT
OK: 0166_add_financial_authorship.sql
UPDATE 0
UPDATE 0
DO
ALTER TABLE
ALTER TABLE
UPDATE 0
UPDATE 0
DO
ALTER TABLE
ALTER TABLE
UPDATE 0
UPDATE 0
DO
ALTER TABLE
ALTER TABLE
COMMENT
COMMENT
COMMENT
OK: 0167_harden_financial_authorship.sql
UPDATE 0
UPDATE 0
UPDATE 0
UPDATE 0
UPDATE 0
UPDATE 0
psql:C:/unificard/backend/migrations/0168_backfill_financial_authorship.sql:98: ERRO:  coluna "from_account_id" n├úo existe
LINHA 4:   AND from_account_id IS NOT NULL
               ^
psql:C:/unificard/backend/migrations/0168_backfill_financial_authorship.sql:109: ERRO:  coluna "to_account_id" n├úo existe
LINHA 4:   AND to_account_id IS NOT NULL
               ^
DICA:  Talvez voc├¬ queira fazer refer├¬ncia ├á coluna "bank_transactions.account_id".
UPDATE 0
psql:C:/unificard/backend/migrations/0168_backfill_financial_authorship.sql:129: ERRO:  coluna "target_account_id" n├úo existe
LINHA 4:   AND target_account_id IS NOT NULL
               ^
psql:C:/unificard/backend/migrations/0168_backfill_financial_authorship.sql:153: ERRO:  coluna "owner_type" n├úo existe
LINHA 17:       AND owner_type IN ('user', 'company')
                    ^
psql:C:/unificard/backend/migrations/0168_backfill_financial_authorship.sql:173: ERRO:  coluna "owner_type" n├úo existe
LINHA 17:       AND owner_type IN ('user', 'company')
                    ^
psql:C:/unificard/backend/migrations/0168_backfill_financial_authorship.sql:193: ERRO:  coluna "account_id" n├úo existe
LINHA 16:     WHERE account_id = bank_splits.acting_for_account_id
                    ^
psql:C:/unificard/backend/migrations/0168_backfill_financial_authorship.sql:243: NOTA:  Backfill conclu├¡do:
psql:C:/unificard/backend/migrations/0168_backfill_financial_authorship.sql:243: NOTA:    bank_transactions com acting_for_account_id NULL: 0
psql:C:/unificard/backend/migrations/0168_backfill_financial_authorship.sql:243: NOTA:    bank_ledger com acting_for_account_id NULL: 0
DO
psql:C:/unificard/backend/migrations/0168_backfill_financial_authorship.sql:243: NOTA:    bank_splits com acting_for_account_id NULL: 0
psql:C:/unificard/backend/migrations/0168_backfill_financial_authorship.sql:243: NOTA:    bank_transactions com acting_for_actor_id NULL: 0
psql:C:/unificard/backend/migrations/0168_backfill_financial_authorship.sql:243: NOTA:    bank_ledger com acting_for_actor_id NULL: 0
psql:C:/unificard/backend/migrations/0168_backfill_financial_authorship.sql:243: NOTA:    bank_splits com acting_for_actor_id NULL: 0
OK: 0168_backfill_financial_authorship.sql
psql:C:/unificard/backend/migrations/0169_add_financial_authorship_fks.sql:26: ERRO:  coluna "user_id" referenciada na restri├º├úo de chave estrangeira n├úo existe
psql:C:/unificard/backend/migrations/0169_add_financial_authorship_fks.sql:33: ERRO:  coluna "actor_id" referenciada na restri├º├úo de chave estrangeira n├úo existe
psql:C:/unificard/backend/migrations/0169_add_financial_authorship_fks.sql:40: ERRO:  coluna "account_id" referenciada na restri├º├úo de chave estrangeira n├úo existe
psql:C:/unificard/backend/migrations/0169_add_financial_authorship_fks.sql:46: NOTA:  rela├º├úo "idx_bank_transactions_tenant_authority_audit" j├í existe, ignorando
CREATE INDEX
psql:C:/unificard/backend/migrations/0169_add_financial_authorship_fks.sql:57: ERRO:  coluna "user_id" referenciada na restri├º├úo de chave estrangeira n├úo existe
psql:C:/unificard/backend/migrations/0169_add_financial_authorship_fks.sql:64: ERRO:  coluna "actor_id" referenciada na restri├º├úo de chave estrangeira n├úo existe
psql:C:/unificard/backend/migrations/0169_add_financial_authorship_fks.sql:71: ERRO:  coluna "account_id" referenciada na restri├º├úo de chave estrangeira n├úo existe
CREATE INDEX
psql:C:/unificard/backend/migrations/0169_add_financial_authorship_fks.sql:77: NOTA:  rela├º├úo "idx_bank_ledger_tenant_authority_audit" j├í existe, ignorando
psql:C:/unificard/backend/migrations/0169_add_financial_authorship_fks.sql:88: ERRO:  coluna "user_id" referenciada na restri├º├úo de chave estrangeira n├úo existe
psql:C:/unificard/backend/migrations/0169_add_financial_authorship_fks.sql:95: ERRO:  coluna "actor_id" referenciada na restri├º├úo de chave estrangeira n├úo existe
psql:C:/unificard/backend/migrations/0169_add_financial_authorship_fks.sql:102: ERRO:  coluna "account_id" referenciada na restri├º├úo de chave estrangeira n├úo existe
CREATE INDEX
psql:C:/unificard/backend/migrations/0169_add_financial_authorship_fks.sql:108: NOTA:  rela├º├úo "idx_bank_splits_tenant_authority_audit" j├í existe, ignorando
psql:C:/unificard/backend/migrations/0169_add_financial_authorship_fks.sql:115: ERRO:  restri├º├úo "fk_bank_transactions_performed_by_user" na tabela "bank_transactions" n├úo existe
psql:C:/unificard/backend/migrations/0169_add_financial_authorship_fks.sql:118: ERRO:  restri├º├úo "fk_bank_transactions_acting_for_actor" na tabela "bank_transactions" n├úo existe
psql:C:/unificard/backend/migrations/0169_add_financial_authorship_fks.sql:121: ERRO:  restri├º├úo "fk_bank_transactions_acting_for_account" na tabela "bank_transactions" n├úo existe
psql:C:/unificard/backend/migrations/0169_add_financial_authorship_fks.sql:124: ERRO:  restri├º├úo "fk_bank_ledger_performed_by_user" na tabela "bank_ledger" n├úo existe
psql:C:/unificard/backend/migrations/0169_add_financial_authorship_fks.sql:127: ERRO:  restri├º├úo "fk_bank_ledger_acting_for_actor" na tabela "bank_ledger" n├úo existe
psql:C:/unificard/backend/migrations/0169_add_financial_authorship_fks.sql:130: ERRO:  restri├º├úo "fk_bank_ledger_acting_for_account" na tabela "bank_ledger" n├úo existe
psql:C:/unificard/backend/migrations/0169_add_financial_authorship_fks.sql:133: ERRO:  restri├º├úo "fk_bank_splits_performed_by_user" na tabela "bank_splits" n├úo existe
psql:C:/unificard/backend/migrations/0169_add_financial_authorship_fks.sql:136: ERRO:  restri├º├úo "fk_bank_splits_acting_for_actor" na tabela "bank_splits" n├úo existe
psql:C:/unificard/backend/migrations/0169_add_financial_authorship_fks.sql:139: ERRO:  restri├º├úo "fk_bank_splits_acting_for_account" na tabela "bank_splits" n├úo existe
OK: 0169_add_financial_authorship_fks.sql
ALTER TABLE
psql:C:/unificard/backend/migrations/0170_rename_financial_authorship_constraints.sql:25: ERRO:  restri├º├úo "chk_bank_transactions_system_user_id_null" para rela├º├úo "bank_transactions" j├í existe
psql:C:/unificard/backend/migrations/0170_rename_financial_authorship_constraints.sql:32: ERRO:  restri├º├úo "chk_bank_transactions_non_system_user_id_not_null" para rela├º├úo "bank_transactions" j├í existe
ALTER TABLE
psql:C:/unificard/backend/migrations/0170_rename_financial_authorship_constraints.sql:47: ERRO:  restri├º├úo "chk_bank_ledger_system_user_id_null" para rela├º├úo "bank_ledger" j├í existe
psql:C:/unificard/backend/migrations/0170_rename_financial_authorship_constraints.sql:54: ERRO:  restri├º├úo "chk_bank_ledger_non_system_user_id_not_null" para rela├º├úo "bank_ledger" j├í existe
ALTER TABLE
psql:C:/unificard/backend/migrations/0170_rename_financial_authorship_constraints.sql:69: ERRO:  restri├º├úo "chk_bank_splits_system_user_id_null" para rela├º├úo "bank_splits" j├í existe
psql:C:/unificard/backend/migrations/0170_rename_financial_authorship_constraints.sql:76: ERRO:  restri├º├úo "chk_bank_splits_non_system_user_id_not_null" para rela├º├úo "bank_splits" j├í existe
COMMENT
COMMENT
COMMENT
COMMENT
COMMENT
COMMENT
OK: 0170_rename_financial_authorship_constraints.sql
psql:C:/unificard/backend/migrations/0185_regional_fund_governance.sql:90: ERRO:  coluna "tenant_id" referenciada na restri├º├úo de chave estrangeira n├úo existe
psql:C:/unificard/backend/migrations/0185_regional_fund_governance.sql:94: ERRO:  rela├º├úo "regional_fund_proposals" n├úo existe
psql:C:/unificard/backend/migrations/0185_regional_fund_governance.sql:97: ERRO:  rela├º├úo "regional_fund_proposals" n├úo existe
psql:C:/unificard/backend/migrations/0185_regional_fund_governance.sql:100: ERRO:  rela├º├úo "regional_fund_proposals" n├úo existe
psql:C:/unificard/backend/migrations/0185_regional_fund_governance.sql:104: ERRO:  rela├º├úo "regional_fund_proposals" n├úo existe
psql:C:/unificard/backend/migrations/0185_regional_fund_governance.sql:110: ERRO:  rela├º├úo "regional_fund_proposals" n├úo existe
psql:C:/unificard/backend/migrations/0185_regional_fund_governance.sql:134: ERRO:  rela├º├úo "regional_fund_proposals" n├úo existe
psql:C:/unificard/backend/migrations/0185_regional_fund_governance.sql:138: ERRO:  rela├º├úo "regional_fund_votes" n├úo existe
psql:C:/unificard/backend/migrations/0185_regional_fund_governance.sql:141: ERRO:  rela├º├úo "regional_fund_votes" n├úo existe
psql:C:/unificard/backend/migrations/0185_regional_fund_governance.sql:144: ERRO:  rela├º├úo "regional_fund_votes" n├úo existe
psql:C:/unificard/backend/migrations/0185_regional_fund_governance.sql:151: ERRO:  rela├º├úo "regional_fund_proposals" n├úo existe
psql:C:/unificard/backend/migrations/0185_regional_fund_governance.sql:152: ERRO:  rela├º├úo "regional_fund_votes" n├úo existe
psql:C:/unificard/backend/migrations/0185_regional_fund_governance.sql:156: ERRO:  rela├º├úo "regional_fund_proposals" n├úo existe
psql:C:/unificard/backend/migrations/0185_regional_fund_governance.sql:167: ERRO:  rela├º├úo "regional_fund_votes" n├úo existe
psql:C:/unificard/backend/migrations/0185_regional_fund_governance.sql:175: ERRO:  rela├º├úo "regional_fund_proposals" n├úo existe
psql:C:/unificard/backend/migrations/0185_regional_fund_governance.sql:178: ERRO:  rela├º├úo "regional_fund_votes" n├úo existe
psql:C:/unificard/backend/migrations/0185_regional_fund_governance.sql:181: ERRO:  rela├º├úo "regional_fund_proposals" n├úo existe
psql:C:/unificard/backend/migrations/0185_regional_fund_governance.sql:184: ERRO:  rela├º├úo "regional_fund_proposals" n├úo existe
psql:C:/unificard/backend/migrations/0185_regional_fund_governance.sql:187: ERRO:  rela├º├úo "regional_fund_proposals" n├úo existe
OK: 0185_regional_fund_governance.sql
psql:C:/unificard/backend/migrations/0186_regional_fund_governance_patch.sql:57: ERRO:  rela├º├úo "regional_fund_proposals" n├úo existe
psql:C:/unificard/backend/migrations/0186_regional_fund_governance_patch.sql:80: ERRO:  rela├º├úo "regional_fund_proposals" n├úo existe
LINHA 3:     WHERE conrelid = 'regional_fund_proposals'::regclass
                              ^
CONSULTA:  SELECT conname

    FROM pg_constraint

    WHERE conrelid = 'regional_fund_proposals'::regclass

      AND contype = 'c'
CONTEXTO:  fun├º├úo PL/pgSQL inline_code_block linha 5 em FOR sobre registros de SELECT
psql:C:/unificard/backend/migrations/0186_regional_fund_governance_patch.sql:94: ERRO:  rela├º├úo "regional_fund_proposals" n├úo existe
psql:C:/unificard/backend/migrations/0186_regional_fund_governance_patch.sql:104: ERRO:  rela├º├úo "regional_fund_proposals" n├úo existe
psql:C:/unificard/backend/migrations/0186_regional_fund_governance_patch.sql:109: ERRO:  rela├º├úo "regional_fund_proposals" n├úo existe
psql:C:/unificard/backend/migrations/0186_regional_fund_governance_patch.sql:117: ERRO:  rela├º├úo "regional_fund_proposals" n├úo existe
psql:C:/unificard/backend/migrations/0186_regional_fund_governance_patch.sql:120: ERRO:  rela├º├úo "regional_fund_proposals" n├úo existe
OK: 0186_regional_fund_governance_patch.sql
DO
DO
DO
psql:C:/unificard/backend/migrations/0187_escrow_accounts.sql:102: ERRO:  coluna "tenant_id" referenciada na restri├º├úo de chave estrangeira n├úo existe
psql:C:/unificard/backend/migrations/0187_escrow_accounts.sql:105: ERRO:  rela├º├úo "escrow_accounts" n├úo existe
psql:C:/unificard/backend/migrations/0187_escrow_accounts.sql:106: ERRO:  rela├º├úo "escrow_accounts" n├úo existe
psql:C:/unificard/backend/migrations/0187_escrow_accounts.sql:107: ERRO:  rela├º├úo "escrow_accounts" n├úo existe
psql:C:/unificard/backend/migrations/0187_escrow_accounts.sql:108: ERRO:  rela├º├úo "escrow_accounts" n├úo existe
psql:C:/unificard/backend/migrations/0187_escrow_accounts.sql:109: ERRO:  rela├º├úo "escrow_accounts" n├úo existe
CREATE FUNCTION
psql:C:/unificard/backend/migrations/0187_escrow_accounts.sql:123: ERRO:  rela├º├úo "escrow_accounts" n├úo existe
psql:C:/unificard/backend/migrations/0187_escrow_accounts.sql:149: ERRO:  rela├º├úo "escrow_accounts" n├úo existe
psql:C:/unificard/backend/migrations/0187_escrow_accounts.sql:152: ERRO:  rela├º├úo "payment_milestones" n├úo existe
psql:C:/unificard/backend/migrations/0187_escrow_accounts.sql:153: ERRO:  rela├º├úo "payment_milestones" n├úo existe
CREATE FUNCTION
psql:C:/unificard/backend/migrations/0187_escrow_accounts.sql:167: ERRO:  rela├º├úo "payment_milestones" n├úo existe
psql:C:/unificard/backend/migrations/0187_escrow_accounts.sql:191: ERRO:  rela├º├úo "escrow_accounts" n├úo existe
psql:C:/unificard/backend/migrations/0187_escrow_accounts.sql:194: ERRO:  rela├º├úo "escrow_transactions" n├úo existe
psql:C:/unificard/backend/migrations/0187_escrow_accounts.sql:195: ERRO:  rela├º├úo "escrow_transactions" n├úo existe
psql:C:/unificard/backend/migrations/0187_escrow_accounts.sql:196: ERRO:  rela├º├úo "escrow_transactions" n├úo existe
psql:C:/unificard/backend/migrations/0187_escrow_accounts.sql:197: ERRO:  rela├º├úo "escrow_transactions" n├úo existe
psql:C:/unificard/backend/migrations/0187_escrow_accounts.sql:200: ERRO:  rela├º├úo "escrow_accounts" n├úo existe
psql:C:/unificard/backend/migrations/0187_escrow_accounts.sql:201: ERRO:  rela├º├úo "payment_milestones" n├úo existe
psql:C:/unificard/backend/migrations/0187_escrow_accounts.sql:202: ERRO:  rela├º├úo "escrow_transactions" n├úo existe
OK: 0187_escrow_accounts.sql
psql:C:/unificard/backend/migrations/0188_event_escrow.sql:72: ERRO:  coluna "tenant_id" referenciada na restri├º├úo de chave estrangeira n├úo existe
psql:C:/unificard/backend/migrations/0188_event_escrow.sql:104: ERRO:  coluna "tenant_id" referenciada na restri├º├úo de chave estrangeira n├úo existe
psql:C:/unificard/backend/migrations/0188_event_escrow.sql:111: ERRO:  rela├º├úo "event_escrow" n├úo existe
psql:C:/unificard/backend/migrations/0188_event_escrow.sql:114: ERRO:  rela├º├úo "event_escrow" n├úo existe
psql:C:/unificard/backend/migrations/0188_event_escrow.sql:117: ERRO:  rela├º├úo "event_escrow" n├úo existe
psql:C:/unificard/backend/migrations/0188_event_escrow.sql:120: ERRO:  rela├º├úo "event_escrow_transactions" n├úo existe
psql:C:/unificard/backend/migrations/0188_event_escrow.sql:123: ERRO:  rela├º├úo "event_escrow_transactions" n├úo existe
psql:C:/unificard/backend/migrations/0188_event_escrow.sql:126: ERRO:  rela├º├úo "event_escrow_transactions" n├úo existe
psql:C:/unificard/backend/migrations/0188_event_escrow.sql:132: ERRO:  rela├º├úo "event_escrow" n├úo existe
psql:C:/unificard/backend/migrations/0188_event_escrow.sql:133: ERRO:  rela├º├úo "event_escrow_transactions" n├úo existe
DROP POLICY
psql:C:/unificard/backend/migrations/0188_event_escrow.sql:135: NOTA:  rela├º├úo "event_escrow" n├úo existe, ignorando
DROP POLICY
psql:C:/unificard/backend/migrations/0188_event_escrow.sql:136: NOTA:  rela├º├úo "event_escrow_transactions" n├úo existe, ignorando
psql:C:/unificard/backend/migrations/0188_event_escrow.sql:140: ERRO:  rela├º├úo "event_escrow" n├úo existe
psql:C:/unificard/backend/migrations/0188_event_escrow.sql:144: ERRO:  rela├º├úo "event_escrow_transactions" n├úo existe
psql:C:/unificard/backend/migrations/0188_event_escrow.sql:151: ERRO:  rela├º├úo "event_escrow" n├úo existe
psql:C:/unificard/backend/migrations/0188_event_escrow.sql:154: ERRO:  rela├º├úo "event_escrow_transactions" n├úo existe
psql:C:/unificard/backend/migrations/0188_event_escrow.sql:157: ERRO:  rela├º├úo "event_escrow" n├úo existe
psql:C:/unificard/backend/migrations/0188_event_escrow.sql:160: ERRO:  rela├º├úo "event_escrow_transactions" n├úo existe
OK: 0188_event_escrow.sql
DO
psql:C:/unificard/backend/migrations/0189_regional_fees.sql:70: ERRO:  coluna "tenant_id" referenciada na restri├º├úo de chave estrangeira n├úo existe
psql:C:/unificard/backend/migrations/0189_regional_fees.sql:77: ERRO:  rela├º├úo "regional_fees" n├úo existe
psql:C:/unificard/backend/migrations/0189_regional_fees.sql:81: ERRO:  rela├º├úo "regional_fees" n├úo existe
psql:C:/unificard/backend/migrations/0189_regional_fees.sql:85: ERRO:  rela├º├úo "regional_fees" n├úo existe
psql:C:/unificard/backend/migrations/0189_regional_fees.sql:90: ERRO:  rela├º├úo "regional_fees" n├úo existe
psql:C:/unificard/backend/migrations/0189_regional_fees.sql:94: ERRO:  rela├º├úo "regional_fees" n├úo existe
psql:C:/unificard/backend/migrations/0189_regional_fees.sql:99: ERRO:  rela├º├úo "regional_fees" n├úo existe
psql:C:/unificard/backend/migrations/0189_regional_fees.sql:105: ERRO:  rela├º├úo "regional_fees" n├úo existe
psql:C:/unificard/backend/migrations/0189_regional_fees.sql:110: ERRO:  rela├º├úo "regional_fees" n├úo existe
psql:C:/unificard/backend/migrations/0189_regional_fees.sql:111: ERRO:  rela├º├úo "regional_fees" n├úo existe
psql:C:/unificard/backend/migrations/0189_regional_fees.sql:112: ERRO:  rela├º├úo "regional_fees" n├úo existe
psql:C:/unificard/backend/migrations/0189_regional_fees.sql:113: ERRO:  rela├º├úo "regional_fees" n├úo existe
OK: 0189_regional_fees.sql
BEGIN
psql:C:/unificard/backend/migrations/0190_region_balances_read_model.sql:47: ERRO:  coluna bl.bank_account_id n├úo existe
LINHA 17:   ON ba.id = bl.bank_account_id
                       ^
psql:C:/unificard/backend/migrations/0190_region_balances_read_model.sql:54: ERRO:  transa├º├úo atual foi interrompida, comandos ignorados at├® o fim do bloco de transa├º├úo
psql:C:/unificard/backend/migrations/0190_region_balances_read_model.sql:57: ERRO:  transa├º├úo atual foi interrompida, comandos ignorados at├® o fim do bloco de transa├º├úo
ROLLBACK
OK: 0190_region_balances_read_model.sql
DO
DO
psql:C:/unificard/backend/migrations/0192_promotions.sql:82: ERRO:  coluna "tenant_id" referenciada na restri├º├úo de chave estrangeira n├úo existe
psql:C:/unificard/backend/migrations/0192_promotions.sql:89: ERRO:  rela├º├úo "promotions" n├úo existe
psql:C:/unificard/backend/migrations/0192_promotions.sql:93: ERRO:  rela├º├úo "promotions" n├úo existe
psql:C:/unificard/backend/migrations/0192_promotions.sql:98: ERRO:  rela├º├úo "promotions" n├úo existe
psql:C:/unificard/backend/migrations/0192_promotions.sql:103: ERRO:  rela├º├úo "promotions" n├úo existe
psql:C:/unificard/backend/migrations/0192_promotions.sql:106: ERRO:  rela├º├úo "promotions" n├úo existe
psql:C:/unificard/backend/migrations/0192_promotions.sql:114: ERRO:  rela├º├úo "promotions" n├úo existe
psql:C:/unificard/backend/migrations/0192_promotions.sql:120: ERRO:  rela├º├úo "promotions" n├úo existe
psql:C:/unificard/backend/migrations/0192_promotions.sql:123: ERRO:  rela├º├úo "promotions" n├úo existe
psql:C:/unificard/backend/migrations/0192_promotions.sql:126: ERRO:  rela├º├úo "promotions" n├úo existe
psql:C:/unificard/backend/migrations/0192_promotions.sql:129: ERRO:  rela├º├úo "promotions" n├úo existe
psql:C:/unificard/backend/migrations/0192_promotions.sql:132: ERRO:  rela├º├úo "promotions" n├úo existe
psql:C:/unificard/backend/migrations/0192_promotions.sql:135: ERRO:  rela├º├úo "promotions" n├úo existe
OK: 0192_promotions.sql
DO
DO
psql:C:/unificard/backend/migrations/0193_fiscal_documents.sql:83: ERRO:  coluna "tenant_id" referenciada na restri├º├úo de chave estrangeira n├úo existe
psql:C:/unificard/backend/migrations/0193_fiscal_documents.sql:90: ERRO:  rela├º├úo "fiscal_documents" n├úo existe
psql:C:/unificard/backend/migrations/0193_fiscal_documents.sql:94: ERRO:  rela├º├úo "fiscal_documents" n├úo existe
psql:C:/unificard/backend/migrations/0193_fiscal_documents.sql:99: ERRO:  rela├º├úo "fiscal_documents" n├úo existe
psql:C:/unificard/backend/migrations/0193_fiscal_documents.sql:103: ERRO:  rela├º├úo "fiscal_documents" n├úo existe
psql:C:/unificard/backend/migrations/0193_fiscal_documents.sql:107: ERRO:  rela├º├úo "fiscal_documents" n├úo existe
psql:C:/unificard/backend/migrations/0193_fiscal_documents.sql:112: ERRO:  rela├º├úo "fiscal_documents" n├úo existe
psql:C:/unificard/backend/migrations/0193_fiscal_documents.sql:115: ERRO:  rela├º├úo "fiscal_documents" n├úo existe
psql:C:/unificard/backend/migrations/0193_fiscal_documents.sql:123: ERRO:  rela├º├úo "fiscal_documents" n├úo existe
psql:C:/unificard/backend/migrations/0193_fiscal_documents.sql:152: ERRO:  rela├º├úo "fiscal_documents" n├úo existe
psql:C:/unificard/backend/migrations/0193_fiscal_documents.sql:159: ERRO:  rela├º├úo "fiscal_document_items" n├úo existe
psql:C:/unificard/backend/migrations/0193_fiscal_documents.sql:163: ERRO:  rela├º├úo "fiscal_document_items" n├úo existe
psql:C:/unificard/backend/migrations/0193_fiscal_documents.sql:175: ERRO:  rela├º├úo "fiscal_documents" n├úo existe
psql:C:/unificard/backend/migrations/0193_fiscal_documents.sql:178: ERRO:  rela├º├úo "fiscal_documents" n├úo existe
psql:C:/unificard/backend/migrations/0193_fiscal_documents.sql:181: ERRO:  rela├º├úo "fiscal_documents" n├úo existe
psql:C:/unificard/backend/migrations/0193_fiscal_documents.sql:184: ERRO:  rela├º├úo "fiscal_documents" n├úo existe
psql:C:/unificard/backend/migrations/0193_fiscal_documents.sql:187: ERRO:  rela├º├úo "fiscal_documents" n├úo existe
psql:C:/unificard/backend/migrations/0193_fiscal_documents.sql:190: ERRO:  rela├º├úo "fiscal_document_items" n├úo existe
psql:C:/unificard/backend/migrations/0193_fiscal_documents.sql:193: ERRO:  rela├º├úo "fiscal_document_items" n├úo existe
OK: 0193_fiscal_documents.sql
DO
DO
psql:C:/unificard/backend/migrations/0194_subscriptions.sql:62: ERRO:  coluna "tenant_id" referenciada na restri├º├úo de chave estrangeira n├úo existe
psql:C:/unificard/backend/migrations/0194_subscriptions.sql:67: ERRO:  rela├º├úo "subscriptions" n├úo existe
psql:C:/unificard/backend/migrations/0194_subscriptions.sql:68: ERRO:  rela├º├úo "subscriptions" n├úo existe
psql:C:/unificard/backend/migrations/0194_subscriptions.sql:69: ERRO:  rela├º├úo "subscriptions" n├úo existe
psql:C:/unificard/backend/migrations/0194_subscriptions.sql:70: ERRO:  rela├º├úo "subscriptions" n├úo existe
psql:C:/unificard/backend/migrations/0194_subscriptions.sql:75: ERRO:  rela├º├úo "subscriptions" n├úo existe
psql:C:/unificard/backend/migrations/0194_subscriptions.sql:76: ERRO:  rela├º├úo "subscriptions" n├úo existe
CREATE FUNCTION
psql:C:/unificard/backend/migrations/0194_subscriptions.sql:87: ERRO:  rela├º├úo "subscriptions" n├úo existe
OK: 0194_subscriptions.sql
DO
DO
psql:C:/unificard/backend/migrations/0195_promo_benefits.sql:49: ERRO:  coluna "tenant_id" referenciada na restri├º├úo de chave estrangeira n├úo existe
psql:C:/unificard/backend/migrations/0195_promo_benefits.sql:67: ERRO:  coluna "tenant_id" referenciada na restri├º├úo de chave estrangeira n├úo existe
psql:C:/unificard/backend/migrations/0195_promo_benefits.sql:72: ERRO:  rela├º├úo "promo_benefits" n├úo existe
psql:C:/unificard/backend/migrations/0195_promo_benefits.sql:73: ERRO:  rela├º├úo "promo_benefits" n├úo existe
psql:C:/unificard/backend/migrations/0195_promo_benefits.sql:74: ERRO:  rela├º├úo "promo_benefits" n├úo existe
psql:C:/unificard/backend/migrations/0195_promo_benefits.sql:75: ERRO:  rela├º├úo "promo_benefit_redemptions" n├úo existe
psql:C:/unificard/backend/migrations/0195_promo_benefits.sql:76: ERRO:  rela├º├úo "promo_benefit_redemptions" n├úo existe
psql:C:/unificard/backend/migrations/0195_promo_benefits.sql:81: ERRO:  rela├º├úo "promo_benefits" n├úo existe
psql:C:/unificard/backend/migrations/0195_promo_benefits.sql:82: ERRO:  rela├º├úo "promo_benefits" n├úo existe
psql:C:/unificard/backend/migrations/0195_promo_benefits.sql:84: ERRO:  rela├º├úo "promo_benefit_redemptions" n├úo existe
psql:C:/unificard/backend/migrations/0195_promo_benefits.sql:85: ERRO:  rela├º├úo "promo_benefit_redemptions" n├úo existe
OK: 0195_promo_benefits.sql
psql:C:/unificard/backend/migrations/0196_add_combo_discounts.sql:91: ERRO:  rela├º├úo "categories" n├úo existe
psql:C:/unificard/backend/migrations/0196_add_combo_discounts.sql:98: ERRO:  rela├º├úo "combo_discount_rules" n├úo existe
psql:C:/unificard/backend/migrations/0196_add_combo_discounts.sql:101: ERRO:  rela├º├úo "combo_discount_rules" n├úo existe
psql:C:/unificard/backend/migrations/0196_add_combo_discounts.sql:105: ERRO:  rela├º├úo "combo_discount_rules" n├úo existe
psql:C:/unificard/backend/migrations/0196_add_combo_discounts.sql:112: ERRO:  rela├º├úo "combo_discount_rules" n├úo existe
psql:C:/unificard/backend/migrations/0196_add_combo_discounts.sql:127: ERRO:  rela├º├úo "combo_discount_rules" n├úo existe
CONTEXTO:  comando SQL "CREATE POLICY combo_discount_rules_rls

      ON combo_discount_rules

      USING (

        global_user_id::text = current_setting('app.current_user', true)

      )"
fun├º├úo PL/pgSQL inline_code_block linha 8 em comando SQL
psql:C:/unificard/backend/migrations/0196_add_combo_discounts.sql:145: ERRO:  rela├º├úo "combo_discount_rules" n├úo existe
CONTEXTO:  comando SQL "CREATE TRIGGER trg_combo_discount_rules_updated_at

      BEFORE UPDATE ON combo_discount_rules

      FOR EACH ROW

      EXECUTE FUNCTION update_updated_at_column()"
fun├º├úo PL/pgSQL inline_code_block linha 7 em comando SQL
psql:C:/unificard/backend/migrations/0196_add_combo_discounts.sql:153: ERRO:  rela├º├úo "combo_discount_rules" n├úo existe
psql:C:/unificard/backend/migrations/0196_add_combo_discounts.sql:156: ERRO:  rela├º├úo "combo_discount_rules" n├úo existe
psql:C:/unificard/backend/migrations/0196_add_combo_discounts.sql:159: ERRO:  rela├º├úo "combo_discount_rules" n├úo existe
OK: 0196_add_combo_discounts.sql
DO
DO
psql:C:/unificard/backend/migrations/0210_accounts_payable.sql:111: ERRO:  coluna "tenant_id" referenciada na restri├º├úo de chave estrangeira n├úo existe
psql:C:/unificard/backend/migrations/0210_accounts_payable.sql:118: ERRO:  rela├º├úo "accounts_payable" n├úo existe
psql:C:/unificard/backend/migrations/0210_accounts_payable.sql:122: ERRO:  rela├º├úo "accounts_payable" n├úo existe
psql:C:/unificard/backend/migrations/0210_accounts_payable.sql:126: ERRO:  rela├º├úo "accounts_payable" n├úo existe
psql:C:/unificard/backend/migrations/0210_accounts_payable.sql:131: ERRO:  rela├º├úo "accounts_payable" n├úo existe
psql:C:/unificard/backend/migrations/0210_accounts_payable.sql:135: ERRO:  rela├º├úo "accounts_payable" n├úo existe
psql:C:/unificard/backend/migrations/0210_accounts_payable.sql:140: ERRO:  rela├º├úo "accounts_payable" n├úo existe
psql:C:/unificard/backend/migrations/0210_accounts_payable.sql:145: ERRO:  rela├º├úo "accounts_payable" n├úo existe
psql:C:/unificard/backend/migrations/0210_accounts_payable.sql:151: ERRO:  rela├º├úo "accounts_payable" n├úo existe
CREATE FUNCTION
psql:C:/unificard/backend/migrations/0210_accounts_payable.sql:168: ERRO:  rela├º├úo "accounts_payable" n├úo existe
psql:C:/unificard/backend/migrations/0210_accounts_payable.sql:173: ERRO:  rela├º├úo "accounts_payable" n├úo existe
psql:C:/unificard/backend/migrations/0210_accounts_payable.sql:174: ERRO:  rela├º├úo "accounts_payable" n├úo existe
psql:C:/unificard/backend/migrations/0210_accounts_payable.sql:175: ERRO:  rela├º├úo "accounts_payable" n├úo existe
psql:C:/unificard/backend/migrations/0210_accounts_payable.sql:176: ERRO:  rela├º├úo "accounts_payable" n├úo existe
psql:C:/unificard/backend/migrations/0210_accounts_payable.sql:177: ERRO:  rela├º├úo "accounts_payable" n├úo existe
OK: 0210_accounts_payable.sql
DO
DO
psql:C:/unificard/backend/migrations/0211_accounts_receivable.sql:114: ERRO:  coluna "tenant_id" referenciada na restri├º├úo de chave estrangeira n├úo existe
psql:C:/unificard/backend/migrations/0211_accounts_receivable.sql:121: ERRO:  rela├º├úo "accounts_receivable" n├úo existe
psql:C:/unificard/backend/migrations/0211_accounts_receivable.sql:125: ERRO:  rela├º├úo "accounts_receivable" n├úo existe
psql:C:/unificard/backend/migrations/0211_accounts_receivable.sql:129: ERRO:  rela├º├úo "accounts_receivable" n├úo existe
psql:C:/unificard/backend/migrations/0211_accounts_receivable.sql:134: ERRO:  rela├º├úo "accounts_receivable" n├úo existe
psql:C:/unificard/backend/migrations/0211_accounts_receivable.sql:138: ERRO:  rela├º├úo "accounts_receivable" n├úo existe
psql:C:/unificard/backend/migrations/0211_accounts_receivable.sql:143: ERRO:  rela├º├úo "accounts_receivable" n├úo existe
psql:C:/unificard/backend/migrations/0211_accounts_receivable.sql:149: ERRO:  rela├º├úo "accounts_receivable" n├úo existe
CREATE FUNCTION
psql:C:/unificard/backend/migrations/0211_accounts_receivable.sql:166: ERRO:  rela├º├úo "accounts_receivable" n├úo existe
psql:C:/unificard/backend/migrations/0211_accounts_receivable.sql:171: ERRO:  rela├º├úo "accounts_receivable" n├úo existe
psql:C:/unificard/backend/migrations/0211_accounts_receivable.sql:172: ERRO:  rela├º├úo "accounts_receivable" n├úo existe
psql:C:/unificard/backend/migrations/0211_accounts_receivable.sql:173: ERRO:  rela├º├úo "accounts_receivable" n├úo existe
psql:C:/unificard/backend/migrations/0211_accounts_receivable.sql:174: ERRO:  rela├º├úo "accounts_receivable" n├úo existe
psql:C:/unificard/backend/migrations/0211_accounts_receivable.sql:175: ERRO:  rela├º├úo "accounts_receivable" n├úo existe
OK: 0211_accounts_receivable.sql
DO
DO
psql:C:/unificard/backend/migrations/0212_invoices.sql:87: ERRO:  coluna "tenant_id" referenciada na restri├º├úo de chave estrangeira n├úo existe
psql:C:/unificard/backend/migrations/0212_invoices.sql:90: ERRO:  rela├º├úo "invoices" n├úo existe
psql:C:/unificard/backend/migrations/0212_invoices.sql:91: ERRO:  rela├º├úo "invoices" n├úo existe
psql:C:/unificard/backend/migrations/0212_invoices.sql:92: ERRO:  rela├º├úo "invoices" n├úo existe
psql:C:/unificard/backend/migrations/0212_invoices.sql:93: ERRO:  rela├º├úo "invoices" n├úo existe
psql:C:/unificard/backend/migrations/0212_invoices.sql:94: ERRO:  rela├º├úo "invoices" n├úo existe
psql:C:/unificard/backend/migrations/0212_invoices.sql:95: ERRO:  rela├º├úo "invoices" n├úo existe
psql:C:/unificard/backend/migrations/0212_invoices.sql:96: ERRO:  rela├º├úo "invoices" n├úo existe
psql:C:/unificard/backend/migrations/0212_invoices.sql:97: ERRO:  rela├º├úo "invoices" n├úo existe
psql:C:/unificard/backend/migrations/0212_invoices.sql:101: ERRO:  rela├º├úo "invoices" n├úo existe
CREATE FUNCTION
psql:C:/unificard/backend/migrations/0212_invoices.sql:115: ERRO:  rela├º├úo "invoices" n├úo existe
CREATE FUNCTION
psql:C:/unificard/backend/migrations/0212_invoices.sql:132: ERRO:  rela├º├úo "invoices" n├úo existe
psql:C:/unificard/backend/migrations/0212_invoices.sql:135: ERRO:  rela├º├úo "invoices" n├úo existe
psql:C:/unificard/backend/migrations/0212_invoices.sql:136: ERRO:  rela├º├úo "invoices" n├úo existe
psql:C:/unificard/backend/migrations/0212_invoices.sql:137: ERRO:  rela├º├úo "invoices" n├úo existe
psql:C:/unificard/backend/migrations/0212_invoices.sql:138: ERRO:  rela├º├úo "invoices" n├úo existe
psql:C:/unificard/backend/migrations/0212_invoices.sql:139: ERRO:  rela├º├úo "invoices" n├úo existe
psql:C:/unificard/backend/migrations/0212_invoices.sql:140: ERRO:  rela├º├úo "invoices" n├úo existe
psql:C:/unificard/backend/migrations/0212_invoices.sql:141: ERRO:  rela├º├úo "invoices" n├úo existe
psql:C:/unificard/backend/migrations/0212_invoices.sql:142: ERRO:  rela├º├úo "invoices" n├úo existe
OK: 0212_invoices.sql
DO
DO
psql:C:/unificard/backend/migrations/0213_payouts.sql:82: ERRO:  coluna "tenant_id" referenciada na restri├º├úo de chave estrangeira n├úo existe
psql:C:/unificard/backend/migrations/0213_payouts.sql:85: ERRO:  rela├º├úo "payout_batches" n├úo existe
psql:C:/unificard/backend/migrations/0213_payouts.sql:86: ERRO:  rela├º├úo "payout_batches" n├úo existe
psql:C:/unificard/backend/migrations/0213_payouts.sql:87: ERRO:  rela├º├úo "payout_batches" n├úo existe
CREATE FUNCTION
psql:C:/unificard/backend/migrations/0213_payouts.sql:101: ERRO:  rela├º├úo "payout_batches" n├úo existe
psql:C:/unificard/backend/migrations/0213_payouts.sql:133: ERRO:  coluna "tenant_id" referenciada na restri├º├úo de chave estrangeira n├úo existe
psql:C:/unificard/backend/migrations/0213_payouts.sql:136: ERRO:  rela├º├úo "payout_orders" n├úo existe
psql:C:/unificard/backend/migrations/0213_payouts.sql:137: ERRO:  rela├º├úo "payout_orders" n├úo existe
psql:C:/unificard/backend/migrations/0213_payouts.sql:138: ERRO:  rela├º├úo "payout_orders" n├úo existe
psql:C:/unificard/backend/migrations/0213_payouts.sql:139: ERRO:  rela├º├úo "payout_orders" n├úo existe
psql:C:/unificard/backend/migrations/0213_payouts.sql:140: ERRO:  rela├º├úo "payout_orders" n├úo existe
psql:C:/unificard/backend/migrations/0213_payouts.sql:141: ERRO:  rela├º├úo "payout_orders" n├úo existe
psql:C:/unificard/backend/migrations/0213_payouts.sql:146: ERRO:  rela├º├úo "payout_orders" n├úo existe
CREATE FUNCTION
psql:C:/unificard/backend/migrations/0213_payouts.sql:160: ERRO:  rela├º├úo "payout_orders" n├úo existe
psql:C:/unificard/backend/migrations/0213_payouts.sql:163: ERRO:  rela├º├úo "payout_batches" n├úo existe
psql:C:/unificard/backend/migrations/0213_payouts.sql:164: ERRO:  rela├º├úo "payout_orders" n├úo existe
psql:C:/unificard/backend/migrations/0213_payouts.sql:165: ERRO:  rela├º├úo "payout_orders" n├úo existe
psql:C:/unificard/backend/migrations/0213_payouts.sql:166: ERRO:  rela├º├úo "payout_orders" n├úo existe
psql:C:/unificard/backend/migrations/0213_payouts.sql:167: ERRO:  rela├º├úo "payout_orders" n├úo existe
psql:C:/unificard/backend/migrations/0213_payouts.sql:168: ERRO:  rela├º├úo "payout_orders" n├úo existe
psql:C:/unificard/backend/migrations/0213_payouts.sql:169: ERRO:  rela├º├úo "payout_orders" n├úo existe
OK: 0213_payouts.sql
DO
DO
psql:C:/unificard/backend/migrations/0214_settlements.sql:99: ERRO:  coluna "tenant_id" referenciada na restri├º├úo de chave estrangeira n├úo existe
psql:C:/unificard/backend/migrations/0214_settlements.sql:106: ERRO:  rela├º├úo "settlements" n├úo existe
psql:C:/unificard/backend/migrations/0214_settlements.sql:110: ERRO:  rela├º├úo "settlements" n├úo existe
psql:C:/unificard/backend/migrations/0214_settlements.sql:114: ERRO:  rela├º├úo "settlements" n├úo existe
psql:C:/unificard/backend/migrations/0214_settlements.sql:119: ERRO:  rela├º├úo "settlements" n├úo existe
psql:C:/unificard/backend/migrations/0214_settlements.sql:124: ERRO:  rela├º├úo "settlements" n├úo existe
psql:C:/unificard/backend/migrations/0214_settlements.sql:130: ERRO:  rela├º├úo "settlements" n├úo existe
CREATE FUNCTION
psql:C:/unificard/backend/migrations/0214_settlements.sql:147: ERRO:  rela├º├úo "settlements" n├úo existe
psql:C:/unificard/backend/migrations/0214_settlements.sql:152: ERRO:  rela├º├úo "settlements" n├úo existe
psql:C:/unificard/backend/migrations/0214_settlements.sql:153: ERRO:  rela├º├úo "settlements" n├úo existe
psql:C:/unificard/backend/migrations/0214_settlements.sql:154: ERRO:  rela├º├úo "settlements" n├úo existe
psql:C:/unificard/backend/migrations/0214_settlements.sql:155: ERRO:  rela├º├úo "settlements" n├úo existe
OK: 0214_settlements.sql
DO
psql:C:/unificard/backend/migrations/0215_event_settlements.sql:82: ERRO:  coluna "tenant_id" referenciada na restri├º├úo de chave estrangeira n├úo existe
psql:C:/unificard/backend/migrations/0215_event_settlements.sql:89: ERRO:  rela├º├úo "event_settlements" n├úo existe
psql:C:/unificard/backend/migrations/0215_event_settlements.sql:93: ERRO:  rela├º├úo "event_settlements" n├úo existe
psql:C:/unificard/backend/migrations/0215_event_settlements.sql:98: ERRO:  rela├º├úo "event_settlements" n├úo existe
psql:C:/unificard/backend/migrations/0215_event_settlements.sql:103: ERRO:  rela├º├úo "event_settlements" n├úo existe
psql:C:/unificard/backend/migrations/0215_event_settlements.sql:108: ERRO:  rela├º├úo "event_settlements" n├úo existe
psql:C:/unificard/backend/migrations/0215_event_settlements.sql:114: ERRO:  rela├º├úo "event_settlements" n├úo existe
CREATE FUNCTION
psql:C:/unificard/backend/migrations/0215_event_settlements.sql:131: ERRO:  rela├º├úo "event_settlements" n├úo existe
psql:C:/unificard/backend/migrations/0215_event_settlements.sql:136: ERRO:  rela├º├úo "event_settlements" n├úo existe
psql:C:/unificard/backend/migrations/0215_event_settlements.sql:137: ERRO:  rela├º├úo "event_settlements" n├úo existe
psql:C:/unificard/backend/migrations/0215_event_settlements.sql:138: ERRO:  rela├º├úo "event_settlements" n├úo existe
psql:C:/unificard/backend/migrations/0215_event_settlements.sql:139: ERRO:  rela├º├úo "event_settlements" n├úo existe
psql:C:/unificard/backend/migrations/0215_event_settlements.sql:140: ERRO:  rela├º├úo "event_settlements" n├úo existe
OK: 0215_event_settlements.sql
psql:C:/unificard/backend/migrations/0216_bank_reconciliation_history.sql:42: ERRO:  coluna "tenant_id" referenciada na restri├º├úo de chave estrangeira n├úo existe
psql:C:/unificard/backend/migrations/0216_bank_reconciliation_history.sql:49: ERRO:  rela├º├úo "bank_reconciliation_history" n├úo existe
psql:C:/unificard/backend/migrations/0216_bank_reconciliation_history.sql:53: ERRO:  rela├º├úo "bank_reconciliation_history" n├úo existe
psql:C:/unificard/backend/migrations/0216_bank_reconciliation_history.sql:57: ERRO:  rela├º├úo "bank_reconciliation_history" n├úo existe
psql:C:/unificard/backend/migrations/0216_bank_reconciliation_history.sql:62: ERRO:  rela├º├úo "bank_reconciliation_history" n├úo existe
psql:C:/unificard/backend/migrations/0216_bank_reconciliation_history.sql:68: ERRO:  rela├º├úo "bank_reconciliation_history" n├úo existe
psql:C:/unificard/backend/migrations/0216_bank_reconciliation_history.sql:71: ERRO:  rela├º├úo "bank_reconciliation_history" n├úo existe
psql:C:/unificard/backend/migrations/0216_bank_reconciliation_history.sql:74: ERRO:  rela├º├úo "bank_reconciliation_history" n├úo existe
psql:C:/unificard/backend/migrations/0216_bank_reconciliation_history.sql:77: ERRO:  rela├º├úo "bank_reconciliation_history" n├úo existe
psql:C:/unificard/backend/migrations/0216_bank_reconciliation_history.sql:80: ERRO:  rela├º├úo "bank_reconciliation_history" n├úo existe
psql:C:/unificard/backend/migrations/0216_bank_reconciliation_history.sql:83: ERRO:  rela├º├úo "bank_reconciliation_history" n├úo existe
OK: 0216_bank_reconciliation_history.sql
psql:C:/unificard/backend/migrations/0217_organizer_plans.sql:41: ERRO:  rela├º├úo "event_organizers" n├úo existe
psql:C:/unificard/backend/migrations/0217_organizer_plans.sql:44: ERRO:  rela├º├úo "event_organizers" n├úo existe
psql:C:/unificard/backend/migrations/0217_organizer_plans.sql:61: ERRO:  rela├º├úo "event_organizers" n├úo existe
CONTEXTO:  comando SQL "ALTER TABLE event_organizers

      ADD CONSTRAINT event_organizers_plan_check

      CHECK (plan IN ('free', 'basic', 'pro', 'enterprise'))"
fun├º├úo PL/pgSQL inline_code_block linha 7 em comando SQL
psql:C:/unificard/backend/migrations/0217_organizer_plans.sql:70: ERRO:  rela├º├úo "event_organizers" n├úo existe
psql:C:/unificard/backend/migrations/0217_organizer_plans.sql:75: ERRO:  rela├º├úo "event_organizers" n├úo existe
psql:C:/unificard/backend/migrations/0217_organizer_plans.sql:83: ERRO:  rela├º├úo "event_organizers" n├úo existe
psql:C:/unificard/backend/migrations/0217_organizer_plans.sql:86: ERRO:  rela├º├úo "event_organizers" n├úo existe
OK: 0217_organizer_plans.sql
psql:C:/unificard/backend/migrations/0218_organizer_subscriptions.sql:68: ERRO:  coluna "tenant_id" referenciada na restri├º├úo de chave estrangeira n├úo existe
psql:C:/unificard/backend/migrations/0218_organizer_subscriptions.sql:85: ERRO:  rela├º├úo "organizer_subscriptions" n├úo existe
CONTEXTO:  comando SQL "ALTER TABLE organizer_subscriptions

      ADD CONSTRAINT organizer_subscriptions_plan_check

      CHECK (plan IN ('free', 'basic', 'pro', 'enterprise'))"
fun├º├úo PL/pgSQL inline_code_block linha 7 em comando SQL
psql:C:/unificard/backend/migrations/0218_organizer_subscriptions.sql:97: ERRO:  rela├º├úo "organizer_subscriptions" n├úo existe
CONTEXTO:  comando SQL "ALTER TABLE organizer_subscriptions

      ADD CONSTRAINT organizer_subscriptions_status_check

      CHECK (status IN ('active', 'canceled', 'expired', 'past_due'))"
fun├º├úo PL/pgSQL inline_code_block linha 7 em comando SQL
psql:C:/unificard/backend/migrations/0218_organizer_subscriptions.sql:107: ERRO:  rela├º├úo "organizer_subscriptions" n├úo existe
psql:C:/unificard/backend/migrations/0218_organizer_subscriptions.sql:112: ERRO:  rela├º├úo "organizer_subscriptions" n├úo existe
psql:C:/unificard/backend/migrations/0218_organizer_subscriptions.sql:120: ERRO:  rela├º├úo "organizer_subscriptions" n├úo existe
psql:C:/unificard/backend/migrations/0218_organizer_subscriptions.sql:123: ERRO:  rela├º├úo "organizer_subscriptions" n├úo existe
psql:C:/unificard/backend/migrations/0218_organizer_subscriptions.sql:127: ERRO:  rela├º├úo "organizer_subscriptions" n├úo existe
psql:C:/unificard/backend/migrations/0218_organizer_subscriptions.sql:134: ERRO:  rela├º├úo "organizer_subscriptions" n├úo existe
psql:C:/unificard/backend/migrations/0218_organizer_subscriptions.sql:147: ERRO:  rela├º├úo "organizer_subscriptions" n├úo existe
CONTEXTO:  comando SQL "CREATE POLICY organizer_subscriptions_rls

      ON organizer_subscriptions

      USING (tenant_id::text = current_setting('app.current_tenant', true))"
fun├º├úo PL/pgSQL inline_code_block linha 8 em comando SQL
psql:C:/unificard/backend/migrations/0218_organizer_subscriptions.sql:165: ERRO:  rela├º├úo "organizer_subscriptions" n├úo existe
CONTEXTO:  comando SQL "CREATE TRIGGER trg_organizer_subscriptions_updated_at

      BEFORE UPDATE ON organizer_subscriptions

      FOR EACH ROW

      EXECUTE FUNCTION update_updated_at_column()"
fun├º├úo PL/pgSQL inline_code_block linha 7 em comando SQL
psql:C:/unificard/backend/migrations/0218_organizer_subscriptions.sql:173: ERRO:  rela├º├úo "organizer_subscriptions" n├úo existe
psql:C:/unificard/backend/migrations/0218_organizer_subscriptions.sql:176: ERRO:  rela├º├úo "organizer_subscriptions" n├úo existe
psql:C:/unificard/backend/migrations/0218_organizer_subscriptions.sql:179: ERRO:  rela├º├úo "organizer_subscriptions" n├úo existe
psql:C:/unificard/backend/migrations/0218_organizer_subscriptions.sql:182: ERRO:  rela├º├úo "organizer_subscriptions" n├úo existe
OK: 0218_organizer_subscriptions.sql
psql:C:/unificard/backend/migrations/0270_add_metadata_to_transactions.sql:69: ERRO:  rela├º├úo "transactions" n├úo existe
psql:C:/unificard/backend/migrations/0270_add_metadata_to_transactions.sql:72: ERRO:  rela├º├úo "transactions" n├úo existe
psql:C:/unificard/backend/migrations/0270_add_metadata_to_transactions.sql:81: ERRO:  rela├º├úo "transactions" n├úo existe
psql:C:/unificard/backend/migrations/0270_add_metadata_to_transactions.sql:84: ERRO:  rela├º├úo "transactions" n├úo existe
psql:C:/unificard/backend/migrations/0270_add_metadata_to_transactions.sql:93: ERRO:  rela├º├úo "transactions" n├úo existe
psql:C:/unificard/backend/migrations/0270_add_metadata_to_transactions.sql:96: ERRO:  rela├º├úo "idx_transactions_metadata_gin" n├úo existe
psql:C:/unificard/backend/migrations/0270_add_metadata_to_transactions.sql:101: ERRO:  rela├º├úo "transactions" n├úo existe
psql:C:/unificard/backend/migrations/0270_add_metadata_to_transactions.sql:104: ERRO:  rela├º├úo "idx_transactions_metadata_module" n├úo existe
OK: 0270_add_metadata_to_transactions.sql
psql:C:/unificard/backend/migrations/0271_events_split_processed.sql:39: ERRO:  rela├º├úo "events" n├úo existe
psql:C:/unificard/backend/migrations/0271_events_split_processed.sql:46: ERRO:  rela├º├úo "events" n├úo existe
psql:C:/unificard/backend/migrations/0271_events_split_processed.sql:53: ERRO:  rela├º├úo "events" n├úo existe
psql:C:/unificard/backend/migrations/0271_events_split_processed.sql:56: ERRO:  rela├º├úo "events" n├úo existe
OK: 0271_events_split_processed.sql
psql:C:/unificard/backend/migrations/0272_actor_debts_due_at.sql:40: ERRO:  rela├º├úo "actor_debts" n├úo existe
psql:C:/unificard/backend/migrations/0272_actor_debts_due_at.sql:47: ERRO:  rela├º├úo "actor_debts" n├úo existe
psql:C:/unificard/backend/migrations/0272_actor_debts_due_at.sql:55: ERRO:  rela├º├úo "actor_debts" n├úo existe
psql:C:/unificard/backend/migrations/0272_actor_debts_due_at.sql:62: ERRO:  rela├º├úo "actor_debts" n├úo existe
OK: 0272_actor_debts_due_at.sql
DO
psql:C:/unificard/backend/migrations/0273_loyalty_accounts.sql:33: ERRO:  coluna "tenant_id" referenciada na restri├º├úo de chave estrangeira n├úo existe
psql:C:/unificard/backend/migrations/0273_loyalty_accounts.sql:38: ERRO:  rela├º├úo "loyalty_accounts" n├úo existe
psql:C:/unificard/backend/migrations/0273_loyalty_accounts.sql:39: ERRO:  rela├º├úo "loyalty_accounts" n├úo existe
psql:C:/unificard/backend/migrations/0273_loyalty_accounts.sql:44: ERRO:  rela├º├úo "loyalty_accounts" n├úo existe
psql:C:/unificard/backend/migrations/0273_loyalty_accounts.sql:45: ERRO:  rela├º├úo "loyalty_accounts" n├úo existe
CREATE FUNCTION
psql:C:/unificard/backend/migrations/0273_loyalty_accounts.sql:56: ERRO:  rela├º├úo "loyalty_accounts" n├úo existe
OK: 0273_loyalty_accounts.sql
DO
DO
DO
psql:C:/unificard/backend/migrations/0274_loyalty_rules.sql:65: ERRO:  coluna "tenant_id" referenciada na restri├º├úo de chave estrangeira n├úo existe
psql:C:/unificard/backend/migrations/0274_loyalty_rules.sql:70: ERRO:  rela├º├úo "loyalty_rules" n├úo existe
psql:C:/unificard/backend/migrations/0274_loyalty_rules.sql:71: ERRO:  rela├º├úo "loyalty_rules" n├úo existe
psql:C:/unificard/backend/migrations/0274_loyalty_rules.sql:72: ERRO:  rela├º├úo "loyalty_rules" n├úo existe
psql:C:/unificard/backend/migrations/0274_loyalty_rules.sql:77: ERRO:  rela├º├úo "loyalty_rules" n├úo existe
psql:C:/unificard/backend/migrations/0274_loyalty_rules.sql:78: ERRO:  rela├º├úo "loyalty_rules" n├úo existe
OK: 0274_loyalty_rules.sql
DO
DO
psql:C:/unificard/backend/migrations/0275_loyalty_vouchers.sql:51: ERRO:  coluna "tenant_id" referenciada na restri├º├úo de chave estrangeira n├úo existe
psql:C:/unificard/backend/migrations/0275_loyalty_vouchers.sql:56: ERRO:  rela├º├úo "loyalty_vouchers" n├úo existe
psql:C:/unificard/backend/migrations/0275_loyalty_vouchers.sql:57: ERRO:  rela├º├úo "loyalty_vouchers" n├úo existe
psql:C:/unificard/backend/migrations/0275_loyalty_vouchers.sql:58: ERRO:  rela├º├úo "loyalty_vouchers" n├úo existe
psql:C:/unificard/backend/migrations/0275_loyalty_vouchers.sql:63: ERRO:  rela├º├úo "loyalty_vouchers" n├úo existe
psql:C:/unificard/backend/migrations/0275_loyalty_vouchers.sql:64: ERRO:  rela├º├úo "loyalty_vouchers" n├úo existe
OK: 0275_loyalty_vouchers.sql
BEGIN
ALTER TABLE
psql:C:/unificard/backend/migrations/0276_unifywork_financial_links.sql:41: ERRO:  rela├º├úo "payment_intents" n├úo existe
psql:C:/unificard/backend/migrations/0276_unifywork_financial_links.sql:44: ERRO:  transa├º├úo atual foi interrompida, comandos ignorados at├® o fim do bloco de transa├º├úo
psql:C:/unificard/backend/migrations/0276_unifywork_financial_links.sql:47: ERRO:  transa├º├úo atual foi interrompida, comandos ignorados at├® o fim do bloco de transa├º├úo
psql:C:/unificard/backend/migrations/0276_unifywork_financial_links.sql:56: ERRO:  transa├º├úo atual foi interrompida, comandos ignorados at├® o fim do bloco de transa├º├úo
psql:C:/unificard/backend/migrations/0276_unifywork_financial_links.sql:62: ERRO:  transa├º├úo atual foi interrompida, comandos ignorados at├® o fim do bloco de transa├º├úo
psql:C:/unificard/backend/migrations/0276_unifywork_financial_links.sql:65: ERRO:  transa├º├úo atual foi interrompida, comandos ignorados at├® o fim do bloco de transa├º├úo
psql:C:/unificard/backend/migrations/0276_unifywork_financial_links.sql:68: ERRO:  transa├º├úo atual foi interrompida, comandos ignorados at├® o fim do bloco de transa├º├úo
psql:C:/unificard/backend/migrations/0276_unifywork_financial_links.sql:85: ERRO:  transa├º├úo atual foi interrompida, comandos ignorados at├® o fim do bloco de transa├º├úo
psql:C:/unificard/backend/migrations/0276_unifywork_financial_links.sql:88: ERRO:  transa├º├úo atual foi interrompida, comandos ignorados at├® o fim do bloco de transa├º├úo
ROLLBACK
OK: 0276_unifywork_financial_links.sql
DO
psql:C:/unificard/backend/migrations/0277_event_payment_authorization.sql:81: ERRO:  coluna "tenant_id" referenciada na restri├º├úo de chave estrangeira n├úo existe
psql:C:/unificard/backend/migrations/0277_event_payment_authorization.sql:88: ERRO:  rela├º├úo "event_payment_authorization" n├úo existe
psql:C:/unificard/backend/migrations/0277_event_payment_authorization.sql:92: ERRO:  rela├º├úo "event_payment_authorization" n├úo existe
psql:C:/unificard/backend/migrations/0277_event_payment_authorization.sql:95: ERRO:  rela├º├úo "event_payment_authorization" n├úo existe
psql:C:/unificard/backend/migrations/0277_event_payment_authorization.sql:98: ERRO:  rela├º├úo "event_payment_authorization" n├úo existe
psql:C:/unificard/backend/migrations/0277_event_payment_authorization.sql:104: ERRO:  rela├º├úo "event_payment_authorization" n├úo existe
psql:C:/unificard/backend/migrations/0277_event_payment_authorization.sql:120: ERRO:  rela├º├úo "event_payment_authorization" n├úo existe
CONTEXTO:  comando SQL "CREATE POLICY event_payment_authorization_tenant_isolation

      ON event_payment_authorization

      FOR ALL

      USING (tenant_id::text = current_setting('app.current_tenant', true))"
fun├º├úo PL/pgSQL inline_code_block linha 10 em comando SQL
psql:C:/unificard/backend/migrations/0277_event_payment_authorization.sql:126: NOTA:  rela├º├úo "event_payment_authorization" n├úo existe, ignorando
DROP TRIGGER
psql:C:/unificard/backend/migrations/0277_event_payment_authorization.sql:130: ERRO:  rela├º├úo "event_payment_authorization" n├úo existe
psql:C:/unificard/backend/migrations/0277_event_payment_authorization.sql:137: ERRO:  rela├º├úo "event_payment_authorization" n├úo existe
psql:C:/unificard/backend/migrations/0277_event_payment_authorization.sql:140: ERRO:  rela├º├úo "event_payment_authorization" n├úo existe
psql:C:/unificard/backend/migrations/0277_event_payment_authorization.sql:143: ERRO:  rela├º├úo "event_payment_authorization" n├úo existe
psql:C:/unificard/backend/migrations/0277_event_payment_authorization.sql:146: ERRO:  rela├º├úo "event_payment_authorization" n├úo existe
psql:C:/unificard/backend/migrations/0277_event_payment_authorization.sql:149: ERRO:  rela├º├úo "event_payment_authorization" n├úo existe
psql:C:/unificard/backend/migrations/0277_event_payment_authorization.sql:152: ERRO:  rela├º├úo "event_payment_authorization" n├úo existe
OK: 0277_event_payment_authorization.sql
DO
DO
DO
psql:C:/unificard/backend/migrations/0278_event_refund_chargeback.sql:125: ERRO:  coluna "tenant_id" referenciada na restri├º├úo de chave estrangeira n├úo existe
psql:C:/unificard/backend/migrations/0278_event_refund_chargeback.sql:173: ERRO:  coluna "tenant_id" referenciada na restri├º├úo de chave estrangeira n├úo existe
psql:C:/unificard/backend/migrations/0278_event_refund_chargeback.sql:180: ERRO:  rela├º├úo "event_refund" n├úo existe
psql:C:/unificard/backend/migrations/0278_event_refund_chargeback.sql:183: ERRO:  rela├º├úo "event_refund" n├úo existe
psql:C:/unificard/backend/migrations/0278_event_refund_chargeback.sql:186: ERRO:  rela├º├úo "event_refund" n├úo existe
psql:C:/unificard/backend/migrations/0278_event_refund_chargeback.sql:189: ERRO:  rela├º├úo "event_refund" n├úo existe
psql:C:/unificard/backend/migrations/0278_event_refund_chargeback.sql:196: ERRO:  rela├º├úo "event_chargeback" n├úo existe
psql:C:/unificard/backend/migrations/0278_event_refund_chargeback.sql:199: ERRO:  rela├º├úo "event_chargeback" n├úo existe
psql:C:/unificard/backend/migrations/0278_event_refund_chargeback.sql:203: ERRO:  rela├º├úo "event_chargeback" n├úo existe
psql:C:/unificard/backend/migrations/0278_event_refund_chargeback.sql:206: ERRO:  rela├º├úo "event_chargeback" n├úo existe
psql:C:/unificard/backend/migrations/0278_event_refund_chargeback.sql:212: ERRO:  rela├º├úo "event_refund" n├úo existe
psql:C:/unificard/backend/migrations/0278_event_refund_chargeback.sql:228: ERRO:  rela├º├úo "event_refund" n├úo existe
CONTEXTO:  comando SQL "CREATE POLICY event_refund_tenant_isolation

      ON event_refund

      FOR ALL

      USING (tenant_id::text = current_setting('app.current_tenant', true))"
fun├º├úo PL/pgSQL inline_code_block linha 10 em comando SQL
psql:C:/unificard/backend/migrations/0278_event_refund_chargeback.sql:234: ERRO:  rela├º├úo "event_chargeback" n├úo existe
psql:C:/unificard/backend/migrations/0278_event_refund_chargeback.sql:250: ERRO:  rela├º├úo "event_chargeback" n├úo existe
CONTEXTO:  comando SQL "CREATE POLICY event_chargeback_tenant_isolation

      ON event_chargeback

      FOR ALL

      USING (tenant_id::text = current_setting('app.current_tenant', true))"
fun├º├úo PL/pgSQL inline_code_block linha 10 em comando SQL
DROP TRIGGER
psql:C:/unificard/backend/migrations/0278_event_refund_chargeback.sql:256: NOTA:  rela├º├úo "event_refund" n├úo existe, ignorando
psql:C:/unificard/backend/migrations/0278_event_refund_chargeback.sql:260: ERRO:  rela├º├úo "event_refund" n├úo existe
DROP TRIGGER
psql:C:/unificard/backend/migrations/0278_event_refund_chargeback.sql:262: NOTA:  rela├º├úo "event_chargeback" n├úo existe, ignorando
psql:C:/unificard/backend/migrations/0278_event_refund_chargeback.sql:266: ERRO:  rela├º├úo "event_chargeback" n├úo existe
psql:C:/unificard/backend/migrations/0278_event_refund_chargeback.sql:273: ERRO:  rela├º├úo "event_refund" n├úo existe
psql:C:/unificard/backend/migrations/0278_event_refund_chargeback.sql:276: ERRO:  rela├º├úo "event_refund" n├úo existe
psql:C:/unificard/backend/migrations/0278_event_refund_chargeback.sql:279: ERRO:  rela├º├úo "event_refund" n├úo existe
psql:C:/unificard/backend/migrations/0278_event_refund_chargeback.sql:282: ERRO:  rela├º├úo "event_refund" n├úo existe
psql:C:/unificard/backend/migrations/0278_event_refund_chargeback.sql:289: ERRO:  rela├º├úo "event_chargeback" n├úo existe
psql:C:/unificard/backend/migrations/0278_event_refund_chargeback.sql:292: ERRO:  rela├º├úo "event_chargeback" n├úo existe
psql:C:/unificard/backend/migrations/0278_event_refund_chargeback.sql:295: ERRO:  rela├º├úo "event_chargeback" n├úo existe
psql:C:/unificard/backend/migrations/0278_event_refund_chargeback.sql:298: ERRO:  rela├º├úo "event_chargeback" n├úo existe
psql:C:/unificard/backend/migrations/0278_event_refund_chargeback.sql:301: ERRO:  rela├º├úo "event_chargeback" n├úo existe
OK: 0278_event_refund_chargeback.sql
BEGIN
psql:C:/unificard/backend/migrations/0279_event_payment_execution.sql:52: ERRO:  rela├º├úo "events" n├úo existe
psql:C:/unificard/backend/migrations/0279_event_payment_execution.sql:56: ERRO:  transa├º├úo atual foi interrompida, comandos ignorados at├® o fim do bloco de transa├º├úo
psql:C:/unificard/backend/migrations/0279_event_payment_execution.sql:59: ERRO:  transa├º├úo atual foi interrompida, comandos ignorados at├® o fim do bloco de transa├º├úo
psql:C:/unificard/backend/migrations/0279_event_payment_execution.sql:62: ERRO:  transa├º├úo atual foi interrompida, comandos ignorados at├® o fim do bloco de transa├º├úo
psql:C:/unificard/backend/migrations/0279_event_payment_execution.sql:65: ERRO:  transa├º├úo atual foi interrompida, comandos ignorados at├® o fim do bloco de transa├º├úo
psql:C:/unificard/backend/migrations/0279_event_payment_execution.sql:68: ERRO:  transa├º├úo atual foi interrompida, comandos ignorados at├® o fim do bloco de transa├º├úo
psql:C:/unificard/backend/migrations/0279_event_payment_execution.sql:71: ERRO:  transa├º├úo atual foi interrompida, comandos ignorados at├® o fim do bloco de transa├º├úo
psql:C:/unificard/backend/migrations/0279_event_payment_execution.sql:74: ERRO:  transa├º├úo atual foi interrompida, comandos ignorados at├® o fim do bloco de transa├º├úo
psql:C:/unificard/backend/migrations/0279_event_payment_execution.sql:77: ERRO:  transa├º├úo atual foi interrompida, comandos ignorados at├® o fim do bloco de transa├º├úo
ROLLBACK
OK: 0279_event_payment_execution.sql
psql:C:/unificard/backend/migrations/0350_catalog_canonical.sql:22: NOTA:  extens├úo "uuid-ossp" j├í existe, ignorando
CREATE EXTENSION
psql:C:/unificard/backend/migrations/0350_catalog_canonical.sql:52: ERRO:  coluna "tenant_id" referenciada na restri├º├úo de chave estrangeira n├úo existe
psql:C:/unificard/backend/migrations/0350_catalog_canonical.sql:56: ERRO:  rela├º├úo "canonical_products" n├úo existe
psql:C:/unificard/backend/migrations/0350_catalog_canonical.sql:59: ERRO:  rela├º├úo "canonical_products" n├úo existe
psql:C:/unificard/backend/migrations/0350_catalog_canonical.sql:62: ERRO:  rela├º├úo "canonical_products" n├úo existe
psql:C:/unificard/backend/migrations/0350_catalog_canonical.sql:65: ERRO:  rela├º├úo "canonical_products" n├úo existe
psql:C:/unificard/backend/migrations/0350_catalog_canonical.sql:68: ERRO:  rela├º├úo "canonical_products" n├úo existe
psql:C:/unificard/backend/migrations/0350_catalog_canonical.sql:71: ERRO:  rela├º├úo "canonical_products" n├úo existe
psql:C:/unificard/backend/migrations/0350_catalog_canonical.sql:86: ERRO:  rela├º├úo "canonical_products" n├úo existe
CONTEXTO:  comando SQL "CREATE POLICY canonical_products_rls

      ON canonical_products

      USING (tenant_id::text = current_setting('app.current_tenant', true))

      WITH CHECK (tenant_id::text = current_setting('app.current_tenant', true))"
fun├º├úo PL/pgSQL inline_code_block linha 9 em comando SQL
psql:C:/unificard/backend/migrations/0350_catalog_canonical.sql:89: NOTA:  rela├º├úo "canonical_products" n├úo existe, ignorando
DROP TRIGGER
psql:C:/unificard/backend/migrations/0350_catalog_canonical.sql:94: ERRO:  rela├º├úo "canonical_products" n├úo existe
psql:C:/unificard/backend/migrations/0350_catalog_canonical.sql:126: ERRO:  coluna "tenant_id" referenciada na restri├º├úo de chave estrangeira n├úo existe
psql:C:/unificard/backend/migrations/0350_catalog_canonical.sql:130: ERRO:  rela├º├úo "product_offers" n├úo existe
psql:C:/unificard/backend/migrations/0350_catalog_canonical.sql:133: ERRO:  rela├º├úo "product_offers" n├úo existe
psql:C:/unificard/backend/migrations/0350_catalog_canonical.sql:136: ERRO:  rela├º├úo "product_offers" n├úo existe
psql:C:/unificard/backend/migrations/0350_catalog_canonical.sql:139: ERRO:  rela├º├úo "product_offers" n├úo existe
psql:C:/unificard/backend/migrations/0350_catalog_canonical.sql:142: ERRO:  rela├º├úo "product_offers" n├úo existe
psql:C:/unificard/backend/migrations/0350_catalog_canonical.sql:145: ERRO:  rela├º├úo "product_offers" n├úo existe
psql:C:/unificard/backend/migrations/0350_catalog_canonical.sql:148: ERRO:  rela├º├úo "product_offers" n├úo existe
psql:C:/unificard/backend/migrations/0350_catalog_canonical.sql:163: ERRO:  rela├º├úo "product_offers" n├úo existe
CONTEXTO:  comando SQL "CREATE POLICY product_offers_rls

      ON product_offers

      USING (tenant_id::text = current_setting('app.current_tenant', true))

      WITH CHECK (tenant_id::text = current_setting('app.current_tenant', true))"
fun├º├úo PL/pgSQL inline_code_block linha 9 em comando SQL
psql:C:/unificard/backend/migrations/0350_catalog_canonical.sql:166: NOTA:  rela├º├úo "product_offers" n├úo existe, ignorando
DROP TRIGGER
psql:C:/unificard/backend/migrations/0350_catalog_canonical.sql:171: ERRO:  rela├º├úo "product_offers" n├úo existe
psql:C:/unificard/backend/migrations/0350_catalog_canonical.sql:200: ERRO:  coluna "tenant_id" referenciada na restri├º├úo de chave estrangeira n├úo existe
psql:C:/unificard/backend/migrations/0350_catalog_canonical.sql:204: ERRO:  rela├º├úo "local_products" n├úo existe
psql:C:/unificard/backend/migrations/0350_catalog_canonical.sql:207: ERRO:  rela├º├úo "local_products" n├úo existe
psql:C:/unificard/backend/migrations/0350_catalog_canonical.sql:210: ERRO:  rela├º├úo "local_products" n├úo existe
psql:C:/unificard/backend/migrations/0350_catalog_canonical.sql:213: ERRO:  rela├º├úo "local_products" n├úo existe
psql:C:/unificard/backend/migrations/0350_catalog_canonical.sql:216: ERRO:  rela├º├úo "local_products" n├úo existe
psql:C:/unificard/backend/migrations/0350_catalog_canonical.sql:219: ERRO:  rela├º├úo "local_products" n├úo existe
psql:C:/unificard/backend/migrations/0350_catalog_canonical.sql:234: ERRO:  rela├º├úo "local_products" n├úo existe
CONTEXTO:  comando SQL "CREATE POLICY local_products_rls

      ON local_products

      USING (tenant_id::text = current_setting('app.current_tenant', true))

      WITH CHECK (tenant_id::text = current_setting('app.current_tenant', true))"
fun├º├úo PL/pgSQL inline_code_block linha 9 em comando SQL
psql:C:/unificard/backend/migrations/0350_catalog_canonical.sql:237: NOTA:  rela├º├úo "local_products" n├úo existe, ignorando
DROP TRIGGER
psql:C:/unificard/backend/migrations/0350_catalog_canonical.sql:242: ERRO:  rela├º├úo "local_products" n├úo existe
OK: 0350_catalog_canonical.sql
BEGIN
psql:C:/unificard/backend/migrations/0351_category_core_canonical.sql:21: NOTA:  extens├úo "uuid-ossp" j├í existe, ignorando
CREATE EXTENSION
CREATE EXTENSION
psql:C:/unificard/backend/migrations/0351_category_core_canonical.sql:22: NOTA:  extens├úo "pg_trgm" j├í existe, ignorando
CREATE FUNCTION
DO
psql:C:/unificard/backend/migrations/0351_category_core_canonical.sql:126: ERRO:  coluna "user_id" referenciada na restri├º├úo de chave estrangeira n├úo existe
psql:C:/unificard/backend/migrations/0351_category_core_canonical.sql:160: ERRO:  transa├º├úo atual foi interrompida, comandos ignorados at├® o fim do bloco de transa├º├úo
psql:C:/unificard/backend/migrations/0351_category_core_canonical.sql:165: ERRO:  transa├º├úo atual foi interrompida, comandos ignorados at├® o fim do bloco de transa├º├úo
psql:C:/unificard/backend/migrations/0351_category_core_canonical.sql:170: ERRO:  transa├º├úo atual foi interrompida, comandos ignorados at├® o fim do bloco de transa├º├úo
psql:C:/unificard/backend/migrations/0351_category_core_canonical.sql:177: ERRO:  transa├º├úo atual foi interrompida, comandos ignorados at├® o fim do bloco de transa├º├úo
psql:C:/unificard/backend/migrations/0351_category_core_canonical.sql:180: ERRO:  transa├º├úo atual foi interrompida, comandos ignorados at├® o fim do bloco de transa├º├úo
psql:C:/unificard/backend/migrations/0351_category_core_canonical.sql:183: ERRO:  transa├º├úo atual foi interrompida, comandos ignorados at├® o fim do bloco de transa├º├úo
psql:C:/unificard/backend/migrations/0351_category_core_canonical.sql:186: ERRO:  transa├º├úo atual foi interrompida, comandos ignorados at├® o fim do bloco de transa├º├úo
psql:C:/unificard/backend/migrations/0351_category_core_canonical.sql:189: ERRO:  transa├º├úo atual foi interrompida, comandos ignorados at├® o fim do bloco de transa├º├úo
psql:C:/unificard/backend/migrations/0351_category_core_canonical.sql:192: ERRO:  transa├º├úo atual foi interrompida, comandos ignorados at├® o fim do bloco de transa├º├úo
psql:C:/unificard/backend/migrations/0351_category_core_canonical.sql:195: ERRO:  transa├º├úo atual foi interrompida, comandos ignorados at├® o fim do bloco de transa├º├úo
psql:C:/unificard/backend/migrations/0351_category_core_canonical.sql:198: ERRO:  transa├º├úo atual foi interrompida, comandos ignorados at├® o fim do bloco de transa├º├úo
psql:C:/unificard/backend/migrations/0351_category_core_canonical.sql:217: ERRO:  transa├º├úo atual foi interrompida, comandos ignorados at├® o fim do bloco de transa├º├úo
psql:C:/unificard/backend/migrations/0351_category_core_canonical.sql:220: ERRO:  transa├º├úo atual foi interrompida, comandos ignorados at├® o fim do bloco de transa├º├úo
psql:C:/unificard/backend/migrations/0351_category_core_canonical.sql:223: ERRO:  transa├º├úo atual foi interrompida, comandos ignorados at├® o fim do bloco de transa├º├úo
psql:C:/unificard/backend/migrations/0351_category_core_canonical.sql:226: ERRO:  transa├º├úo atual foi interrompida, comandos ignorados at├® o fim do bloco de transa├º├úo
psql:C:/unificard/backend/migrations/0351_category_core_canonical.sql:228: ERRO:  transa├º├úo atual foi interrompida, comandos ignorados at├® o fim do bloco de transa├º├úo
psql:C:/unificard/backend/migrations/0351_category_core_canonical.sql:233: ERRO:  transa├º├úo atual foi interrompida, comandos ignorados at├® o fim do bloco de transa├º├úo
psql:C:/unificard/backend/migrations/0351_category_core_canonical.sql:256: ERRO:  transa├º├úo atual foi interrompida, comandos ignorados at├® o fim do bloco de transa├º├úo
psql:C:/unificard/backend/migrations/0351_category_core_canonical.sql:259: ERRO:  transa├º├úo atual foi interrompida, comandos ignorados at├® o fim do bloco de transa├º├úo
psql:C:/unificard/backend/migrations/0351_category_core_canonical.sql:262: ERRO:  transa├º├úo atual foi interrompida, comandos ignorados at├® o fim do bloco de transa├º├úo
psql:C:/unificard/backend/migrations/0351_category_core_canonical.sql:267: ERRO:  transa├º├úo atual foi interrompida, comandos ignorados at├® o fim do bloco de transa├º├úo
psql:C:/unificard/backend/migrations/0351_category_core_canonical.sql:279: ERRO:  transa├º├úo atual foi interrompida, comandos ignorados at├® o fim do bloco de transa├º├úo
psql:C:/unificard/backend/migrations/0351_category_core_canonical.sql:282: ERRO:  transa├º├úo atual foi interrompida, comandos ignorados at├® o fim do bloco de transa├º├úo
psql:C:/unificard/backend/migrations/0351_category_core_canonical.sql:285: ERRO:  transa├º├úo atual foi interrompida, comandos ignorados at├® o fim do bloco de transa├º├úo
psql:C:/unificard/backend/migrations/0351_category_core_canonical.sql:297: ERRO:  transa├º├úo atual foi interrompida, comandos ignorados at├® o fim do bloco de transa├º├úo
psql:C:/unificard/backend/migrations/0351_category_core_canonical.sql:300: ERRO:  transa├º├úo atual foi interrompida, comandos ignorados at├® o fim do bloco de transa├º├úo
psql:C:/unificard/backend/migrations/0351_category_core_canonical.sql:303: ERRO:  transa├º├úo atual foi interrompida, comandos ignorados at├® o fim do bloco de transa├º├úo
psql:C:/unificard/backend/migrations/0351_category_core_canonical.sql:315: ERRO:  transa├º├úo atual foi interrompida, comandos ignorados at├® o fim do bloco de transa├º├úo
psql:C:/unificard/backend/migrations/0351_category_core_canonical.sql:318: ERRO:  transa├º├úo atual foi interrompida, comandos ignorados at├® o fim do bloco de transa├º├úo
psql:C:/unificard/backend/migrations/0351_category_core_canonical.sql:321: ERRO:  transa├º├úo atual foi interrompida, comandos ignorados at├® o fim do bloco de transa├º├úo
psql:C:/unificard/backend/migrations/0351_category_core_canonical.sql:346: ERRO:  transa├º├úo atual foi interrompida, comandos ignorados at├® o fim do bloco de transa├º├úo
psql:C:/unificard/backend/migrations/0351_category_core_canonical.sql:349: ERRO:  transa├º├úo atual foi interrompida, comandos ignorados at├® o fim do bloco de transa├º├úo
psql:C:/unificard/backend/migrations/0351_category_core_canonical.sql:352: ERRO:  transa├º├úo atual foi interrompida, comandos ignorados at├® o fim do bloco de transa├º├úo
psql:C:/unificard/backend/migrations/0351_category_core_canonical.sql:354: ERRO:  transa├º├úo atual foi interrompida, comandos ignorados at├® o fim do bloco de transa├º├úo
psql:C:/unificard/backend/migrations/0351_category_core_canonical.sql:361: ERRO:  transa├º├úo atual foi interrompida, comandos ignorados at├® o fim do bloco de transa├º├úo
psql:C:/unificard/backend/migrations/0351_category_core_canonical.sql:364: ERRO:  transa├º├úo atual foi interrompida, comandos ignorados at├® o fim do bloco de transa├º├úo
psql:C:/unificard/backend/migrations/0351_category_core_canonical.sql:367: ERRO:  transa├º├úo atual foi interrompida, comandos ignorados at├® o fim do bloco de transa├º├úo
psql:C:/unificard/backend/migrations/0351_category_core_canonical.sql:370: ERRO:  transa├º├úo atual foi interrompida, comandos ignorados at├® o fim do bloco de transa├º├úo
psql:C:/unificard/backend/migrations/0351_category_core_canonical.sql:373: ERRO:  transa├º├úo atual foi interrompida, comandos ignorados at├® o fim do bloco de transa├º├úo
psql:C:/unificard/backend/migrations/0351_category_core_canonical.sql:376: ERRO:  transa├º├úo atual foi interrompida, comandos ignorados at├® o fim do bloco de transa├º├úo
ROLLBACK
OK: 0351_category_core_canonical.sql
CREATE EXTENSION
psql:C:/unificard/backend/migrations/0352_occupations_reference.sql:49: NOTA:  extens├úo "pg_trgm" j├í existe, ignorando
psql:C:/unificard/backend/migrations/0352_occupations_reference.sql:50: NOTA:  extens├úo "pgcrypto" j├í existe, ignorando
CREATE EXTENSION
CREATE TABLE
psql:C:/unificard/backend/migrations/0352_occupations_reference.sql:74: NOTA:  rela├º├úo "occupations_reference" j├í existe, ignorando
psql:C:/unificard/backend/migrations/0352_occupations_reference.sql:78: NOTA:  rela├º├úo "idx_occupations_title_trgm" j├í existe, ignorando
CREATE INDEX
CREATE INDEX
psql:C:/unificard/backend/migrations/0352_occupations_reference.sql:81: NOTA:  rela├º├úo "idx_occupations_slug" j├í existe, ignorando
psql:C:/unificard/backend/migrations/0352_occupations_reference.sql:84: NOTA:  rela├º├úo "idx_occupations_synonyms_gin" j├í existe, ignorando
CREATE INDEX
CREATE INDEX
psql:C:/unificard/backend/migrations/0352_occupations_reference.sql:87: NOTA:  rela├º├úo "idx_occupations_cbo_code" j├í existe, ignorando
psql:C:/unificard/backend/migrations/0352_occupations_reference.sql:93: ERRO:  gatilho "trg_occupations_reference_updated_at" para rela├º├úo "occupations_reference" j├í existe
CREATE TABLE
psql:C:/unificard/backend/migrations/0352_occupations_reference.sql:116: NOTA:  rela├º├úo "embeddings_cache" j├í existe, ignorando
CREATE TABLE
psql:C:/unificard/backend/migrations/0352_occupations_reference.sql:150: NOTA:  rela├º├úo "category_input_audit" j├í existe, ignorando
CREATE INDEX
psql:C:/unificard/backend/migrations/0352_occupations_reference.sql:154: NOTA:  rela├º├úo "idx_category_input_audit_context" j├í existe, ignorando
CREATE INDEX
psql:C:/unificard/backend/migrations/0352_occupations_reference.sql:157: NOTA:  rela├º├úo "idx_category_input_audit_decision" j├í existe, ignorando
CREATE INDEX
psql:C:/unificard/backend/migrations/0352_occupations_reference.sql:160: NOTA:  rela├º├úo "idx_category_input_audit_created_at" j├í existe, ignorando
psql:C:/unificard/backend/migrations/0352_occupations_reference.sql:163: NOTA:  rela├º├úo "idx_category_input_audit_normalized" j├í existe, ignorando
CREATE INDEX
COMMENT
COMMENT
COMMENT
OK: 0352_occupations_reference.sql
BEGIN
psql:C:/unificard/backend/migrations/0353_user_skills_categories.sql:59: NOTA:  rela├º├úo "user_skills_categories" j├í existe, ignorando
CREATE TABLE
CREATE INDEX
psql:C:/unificard/backend/migrations/0353_user_skills_categories.sql:66: NOTA:  rela├º├úo "idx_user_skills_categories_user" j├í existe, ignorando
CREATE INDEX
psql:C:/unificard/backend/migrations/0353_user_skills_categories.sql:69: NOTA:  rela├º├úo "idx_user_skills_categories_category" j├í existe, ignorando
COMMENT
COMMENT
COMMENT
COMMIT
OK: 0353_user_skills_categories.sql
BEGIN
DO
CREATE TABLE
CREATE INDEX
CREATE INDEX
COMMENT
COMMENT
COMMENT
COMMENT
psql:C:/unificard/backend/migrations/0354_profession_skills_normalization.sql:106: ERRO:  rela├º├úo "categories" n├úo existe
psql:C:/unificard/backend/migrations/0354_profession_skills_normalization.sql:109: ERRO:  transa├º├úo atual foi interrompida, comandos ignorados at├® o fim do bloco de transa├º├úo
psql:C:/unificard/backend/migrations/0354_profession_skills_normalization.sql:110: ERRO:  transa├º├úo atual foi interrompida, comandos ignorados at├® o fim do bloco de transa├º├úo
psql:C:/unificard/backend/migrations/0354_profession_skills_normalization.sql:114: ERRO:  transa├º├úo atual foi interrompida, comandos ignorados at├® o fim do bloco de transa├º├úo
psql:C:/unificard/backend/migrations/0354_profession_skills_normalization.sql:116: ERRO:  transa├º├úo atual foi interrompida, comandos ignorados at├® o fim do bloco de transa├º├úo
psql:C:/unificard/backend/migrations/0354_profession_skills_normalization.sql:118: ERRO:  transa├º├úo atual foi interrompida, comandos ignorados at├® o fim do bloco de transa├º├úo
psql:C:/unificard/backend/migrations/0354_profession_skills_normalization.sql:225: ERRO:  transa├º├úo atual foi interrompida, comandos ignorados at├® o fim do bloco de transa├º├úo
psql:C:/unificard/backend/migrations/0354_profession_skills_normalization.sql:233: ERRO:  transa├º├úo atual foi interrompida, comandos ignorados at├® o fim do bloco de transa├º├úo
ROLLBACK
OK: 0354_profession_skills_normalization.sql
psql:C:/unificard/backend/migrations/0355_products.sql:48: ERRO:  coluna "tenant_id" referenciada na restri├º├úo de chave estrangeira n├úo existe
psql:C:/unificard/backend/migrations/0355_products.sql:55: ERRO:  rela├º├úo "products" n├úo existe
psql:C:/unificard/backend/migrations/0355_products.sql:59: ERRO:  rela├º├úo "products" n├úo existe
psql:C:/unificard/backend/migrations/0355_products.sql:63: ERRO:  rela├º├úo "products" n├úo existe
psql:C:/unificard/backend/migrations/0355_products.sql:67: ERRO:  rela├º├úo "products" n├úo existe
psql:C:/unificard/backend/migrations/0355_products.sql:72: ERRO:  rela├º├úo "products" n├úo existe
psql:C:/unificard/backend/migrations/0355_products.sql:75: ERRO:  rela├º├úo "products" n├úo existe
CREATE FUNCTION
psql:C:/unificard/backend/migrations/0355_products.sql:91: ERRO:  rela├º├úo "products" n├úo existe
psql:C:/unificard/backend/migrations/0355_products.sql:97: ERRO:  rela├º├úo "products" n├úo existe
psql:C:/unificard/backend/migrations/0355_products.sql:100: ERRO:  rela├º├úo "products" n├úo existe
psql:C:/unificard/backend/migrations/0355_products.sql:103: ERRO:  rela├º├úo "products" n├úo existe
psql:C:/unificard/backend/migrations/0355_products.sql:106: ERRO:  rela├º├úo "products" n├úo existe
psql:C:/unificard/backend/migrations/0355_products.sql:109: ERRO:  rela├º├úo "products" n├úo existe
OK: 0355_products.sql
psql:C:/unificard/backend/migrations/0356_product_variants.sql:54: ERRO:  coluna "tenant_id" referenciada na restri├º├úo de chave estrangeira n├úo existe
psql:C:/unificard/backend/migrations/0356_product_variants.sql:61: ERRO:  rela├º├úo "product_variants" n├úo existe
psql:C:/unificard/backend/migrations/0356_product_variants.sql:65: ERRO:  rela├º├úo "product_variants" n├úo existe
psql:C:/unificard/backend/migrations/0356_product_variants.sql:69: ERRO:  rela├º├úo "product_variants" n├úo existe
psql:C:/unificard/backend/migrations/0356_product_variants.sql:73: ERRO:  rela├º├úo "product_variants" n├úo existe
psql:C:/unificard/backend/migrations/0356_product_variants.sql:77: ERRO:  rela├º├úo "product_variants" n├úo existe
psql:C:/unificard/backend/migrations/0356_product_variants.sql:82: ERRO:  rela├º├úo "product_variants" n├úo existe
psql:C:/unificard/backend/migrations/0356_product_variants.sql:85: ERRO:  rela├º├úo "product_variants" n├úo existe
CREATE FUNCTION
psql:C:/unificard/backend/migrations/0356_product_variants.sql:101: ERRO:  rela├º├úo "product_variants" n├úo existe
psql:C:/unificard/backend/migrations/0356_product_variants.sql:107: ERRO:  rela├º├úo "product_variants" n├úo existe
psql:C:/unificard/backend/migrations/0356_product_variants.sql:110: ERRO:  rela├º├úo "product_variants" n├úo existe
psql:C:/unificard/backend/migrations/0356_product_variants.sql:113: ERRO:  rela├º├úo "product_variants" n├úo existe
psql:C:/unificard/backend/migrations/0356_product_variants.sql:116: ERRO:  rela├º├úo "product_variants" n├úo existe
psql:C:/unificard/backend/migrations/0356_product_variants.sql:119: ERRO:  rela├º├úo "product_variants" n├úo existe
psql:C:/unificard/backend/migrations/0356_product_variants.sql:122: ERRO:  rela├º├úo "product_variants" n├úo existe
psql:C:/unificard/backend/migrations/0356_product_variants.sql:125: ERRO:  rela├º├úo "product_variants" n├úo existe
OK: 0356_product_variants.sql
psql:C:/unificard/backend/migrations/0357_menus.sql:15: ERRO:  coluna "tenant_id" referenciada na restri├º├úo de chave estrangeira n├úo existe
psql:C:/unificard/backend/migrations/0357_menus.sql:30: ERRO:  rela├º├úo "menus" n├úo existe
psql:C:/unificard/backend/migrations/0357_menus.sql:35: ERRO:  rela├º├úo "menus" n├úo existe
psql:C:/unificard/backend/migrations/0357_menus.sql:36: ERRO:  rela├º├úo "menus" n├úo existe
psql:C:/unificard/backend/migrations/0357_menus.sql:37: ERRO:  rela├º├úo "menu_items" n├úo existe
psql:C:/unificard/backend/migrations/0357_menus.sql:38: ERRO:  rela├º├úo "menu_items" n├úo existe
psql:C:/unificard/backend/migrations/0357_menus.sql:39: ERRO:  rela├º├úo "menu_items" n├úo existe
psql:C:/unificard/backend/migrations/0357_menus.sql:44: ERRO:  rela├º├úo "menus" n├úo existe
psql:C:/unificard/backend/migrations/0357_menus.sql:45: ERRO:  rela├º├úo "menus" n├úo existe
psql:C:/unificard/backend/migrations/0357_menus.sql:53: ERRO:  rela├º├úo "menu_items" n├úo existe
CONTEXTO:  comando SQL "ALTER TABLE menu_items ADD COLUMN tenant_id UUID REFERENCES tenants(tenant_id) ON DELETE CASCADE"
fun├º├úo PL/pgSQL inline_code_block linha 4 em comando SQL
psql:C:/unificard/backend/migrations/0357_menus.sql:55: ERRO:  rela├º├úo "menu_items" n├úo existe
psql:C:/unificard/backend/migrations/0357_menus.sql:58: ERRO:  rela├º├úo "menu_items" n├úo existe
CREATE FUNCTION
psql:C:/unificard/backend/migrations/0357_menus.sql:71: ERRO:  rela├º├úo "menu_items" n├úo existe
OK: 0357_menus.sql
DO
psql:C:/unificard/backend/migrations/0358_tabs.sql:35: ERRO:  coluna "tenant_id" referenciada na restri├º├úo de chave estrangeira n├úo existe
psql:C:/unificard/backend/migrations/0358_tabs.sql:40: ERRO:  rela├º├úo "tabs" n├úo existe
psql:C:/unificard/backend/migrations/0358_tabs.sql:41: ERRO:  rela├º├úo "tabs" n├úo existe
psql:C:/unificard/backend/migrations/0358_tabs.sql:42: ERRO:  rela├º├úo "tabs" n├úo existe
psql:C:/unificard/backend/migrations/0358_tabs.sql:47: ERRO:  rela├º├úo "tabs" n├úo existe
psql:C:/unificard/backend/migrations/0358_tabs.sql:48: ERRO:  rela├º├úo "tabs" n├úo existe
CREATE FUNCTION
psql:C:/unificard/backend/migrations/0358_tabs.sql:59: ERRO:  rela├º├úo "tabs" n├úo existe
OK: 0358_tabs.sql
psql:C:/unificard/backend/migrations/0359_tab_orders.sql:15: ERRO:  coluna "tenant_id" referenciada na restri├º├úo de chave estrangeira n├úo existe
psql:C:/unificard/backend/migrations/0359_tab_orders.sql:20: ERRO:  rela├º├úo "tab_orders" n├úo existe
psql:C:/unificard/backend/migrations/0359_tab_orders.sql:21: ERRO:  rela├º├úo "tab_orders" n├úo existe
psql:C:/unificard/backend/migrations/0359_tab_orders.sql:26: ERRO:  rela├º├úo "tab_orders" n├úo existe
psql:C:/unificard/backend/migrations/0359_tab_orders.sql:27: ERRO:  rela├º├úo "tab_orders" n├úo existe
OK: 0359_tab_orders.sql
psql:C:/unificard/backend/migrations/0360_world_geography.sql:22: NOTA:  extens├úo "pgcrypto" j├í existe, ignorando
CREATE EXTENSION
CREATE FUNCTION
psql:C:/unificard/backend/migrations/0360_world_geography.sql:50: NOTA:  rela├º├úo "countries" j├í existe, ignorando
CREATE TABLE
psql:C:/unificard/backend/migrations/0360_world_geography.sql:52: NOTA:  rela├º├úo "idx_countries_code" j├í existe, ignorando
CREATE INDEX
CREATE INDEX
psql:C:/unificard/backend/migrations/0360_world_geography.sql:53: NOTA:  rela├º├úo "idx_countries_name" j├í existe, ignorando
DROP TRIGGER
CREATE TRIGGER
psql:C:/unificard/backend/migrations/0360_world_geography.sql:77: NOTA:  rela├º├úo "states" j├í existe, ignorando
CREATE TABLE
psql:C:/unificard/backend/migrations/0360_world_geography.sql:79: NOTA:  rela├º├úo "idx_states_country" j├í existe, ignorando
CREATE INDEX
psql:C:/unificard/backend/migrations/0360_world_geography.sql:80: NOTA:  rela├º├úo "idx_states_code" j├í existe, ignorando
CREATE INDEX
psql:C:/unificard/backend/migrations/0360_world_geography.sql:81: NOTA:  rela├º├úo "idx_states_name" j├í existe, ignorando
CREATE INDEX
DROP TRIGGER
CREATE TRIGGER
psql:C:/unificard/backend/migrations/0360_world_geography.sql:107: NOTA:  rela├º├úo "cities" j├í existe, ignorando
CREATE TABLE
psql:C:/unificard/backend/migrations/0360_world_geography.sql:109: NOTA:  rela├º├úo "idx_cities_state" j├í existe, ignorando
CREATE INDEX
CREATE INDEX
psql:C:/unificard/backend/migrations/0360_world_geography.sql:110: NOTA:  rela├º├úo "idx_cities_name" j├í existe, ignorando
psql:C:/unificard/backend/migrations/0360_world_geography.sql:111: NOTA:  rela├º├úo "idx_cities_name_en" j├í existe, ignorando
CREATE INDEX
psql:C:/unificard/backend/migrations/0360_world_geography.sql:114: NOTA:  rela├º├úo "idx_cities_location" j├í existe, ignorando
CREATE INDEX
DROP TRIGGER
CREATE TRIGGER
COMMENT
COMMENT
COMMENT
COMMENT
COMMENT
COMMENT
COMMENT
OK: 0360_world_geography.sql
BEGIN
CREATE TABLE
psql:C:/unificard/backend/migrations/0361_location_core_neighborhoods.sql:35: NOTA:  rela├º├úo "neighborhoods" j├í existe, ignorando
psql:C:/unificard/backend/migrations/0361_location_core_neighborhoods.sql:37: NOTA:  rela├º├úo "idx_neighborhoods_city" j├í existe, ignorando
CREATE INDEX
psql:C:/unificard/backend/migrations/0361_location_core_neighborhoods.sql:38: NOTA:  rela├º├úo "idx_neighborhoods_name" j├í existe, ignorando
CREATE INDEX
psql:C:/unificard/backend/migrations/0361_location_core_neighborhoods.sql:39: NOTA:  rela├º├úo "idx_neighborhoods_name_en" j├í existe, ignorando
CREATE INDEX
DROP TRIGGER
CREATE TRIGGER
COMMENT
COMMENT
COMMENT
DO
COMMIT
OK: 0361_location_core_neighborhoods.sql
BEGIN
CREATE FUNCTION
psql:C:/unificard/backend/migrations/0362_location_core_normalization.sql:49: NOTA:  a coluna "name_display" da rela├º├úo "countries" j├í existe, ignorada
psql:C:/unificard/backend/migrations/0362_location_core_normalization.sql:49: NOTA:  a coluna "name_normalized" da rela├º├úo "countries" j├í existe, ignorada
ALTER TABLE
UPDATE 0
ALTER TABLE
ALTER TABLE
ALTER TABLE
CREATE INDEX
psql:C:/unificard/backend/migrations/0362_location_core_normalization.sql:68: NOTA:  rela├º├úo "idx_countries_name_normalized" j├í existe, ignorando
CREATE FUNCTION
DROP TRIGGER
CREATE TRIGGER
ALTER TABLE
psql:C:/unificard/backend/migrations/0362_location_core_normalization.sql:94: NOTA:  a coluna "name_display" da rela├º├úo "states" j├í existe, ignorada
psql:C:/unificard/backend/migrations/0362_location_core_normalization.sql:94: NOTA:  a coluna "name_normalized" da rela├º├úo "states" j├í existe, ignorada
UPDATE 0
ALTER TABLE
ALTER TABLE
ALTER TABLE
ALTER TABLE
ALTER TABLE
CREATE INDEX
psql:C:/unificard/backend/migrations/0362_location_core_normalization.sql:114: NOTA:  rela├º├úo "idx_states_name_normalized" j├í existe, ignorando
CREATE FUNCTION
DROP TRIGGER
CREATE TRIGGER
psql:C:/unificard/backend/migrations/0362_location_core_normalization.sql:139: NOTA:  a coluna "name_display" da rela├º├úo "cities" j├í existe, ignorada
psql:C:/unificard/backend/migrations/0362_location_core_normalization.sql:139: NOTA:  a coluna "name_normalized" da rela├º├úo "cities" j├í existe, ignorada
ALTER TABLE
UPDATE 0
ALTER TABLE
psql:C:/unificard/backend/migrations/0362_location_core_normalization.sql:152: NOTA:  restri├º├úo "cities_state_name_unique" da rela├º├úo "cities" n├úo existe, ignorando
ALTER TABLE
psql:C:/unificard/backend/migrations/0362_location_core_normalization.sql:153: ERRO:  rela├º├úo "cities_state_name_normalized_unique" j├í existe
psql:C:/unificard/backend/migrations/0362_location_core_normalization.sql:155: ERRO:  transa├º├úo atual foi interrompida, comandos ignorados at├® o fim do bloco de transa├º├úo
psql:C:/unificard/backend/migrations/0362_location_core_normalization.sql:166: ERRO:  transa├º├úo atual foi interrompida, comandos ignorados at├® o fim do bloco de transa├º├úo
psql:C:/unificard/backend/migrations/0362_location_core_normalization.sql:168: ERRO:  transa├º├úo atual foi interrompida, comandos ignorados at├® o fim do bloco de transa├º├úo
psql:C:/unificard/backend/migrations/0362_location_core_normalization.sql:172: ERRO:  transa├º├úo atual foi interrompida, comandos ignorados at├® o fim do bloco de transa├º├úo
psql:C:/unificard/backend/migrations/0362_location_core_normalization.sql:180: ERRO:  transa├º├úo atual foi interrompida, comandos ignorados at├® o fim do bloco de transa├º├úo
psql:C:/unificard/backend/migrations/0362_location_core_normalization.sql:186: ERRO:  transa├º├úo atual foi interrompida, comandos ignorados at├® o fim do bloco de transa├º├úo
psql:C:/unificard/backend/migrations/0362_location_core_normalization.sql:190: ERRO:  transa├º├úo atual foi interrompida, comandos ignorados at├® o fim do bloco de transa├º├úo
psql:C:/unificard/backend/migrations/0362_location_core_normalization.sql:193: ERRO:  transa├º├úo atual foi interrompida, comandos ignorados at├® o fim do bloco de transa├º├úo
psql:C:/unificard/backend/migrations/0362_location_core_normalization.sql:194: ERRO:  transa├º├úo atual foi interrompida, comandos ignorados at├® o fim do bloco de transa├º├úo
psql:C:/unificard/backend/migrations/0362_location_core_normalization.sql:196: ERRO:  transa├º├úo atual foi interrompida, comandos ignorados at├® o fim do bloco de transa├º├úo
psql:C:/unificard/backend/migrations/0362_location_core_normalization.sql:207: ERRO:  transa├º├úo atual foi interrompida, comandos ignorados at├® o fim do bloco de transa├º├úo
psql:C:/unificard/backend/migrations/0362_location_core_normalization.sql:209: ERRO:  transa├º├úo atual foi interrompida, comandos ignorados at├® o fim do bloco de transa├º├úo
psql:C:/unificard/backend/migrations/0362_location_core_normalization.sql:213: ERRO:  transa├º├úo atual foi interrompida, comandos ignorados at├® o fim do bloco de transa├º├úo
ROLLBACK
OK: 0362_location_core_normalization.sql
BEGIN
psql:C:/unificard/backend/migrations/0363_location_core_addresses.sql:60: NOTA:  rela├º├úo "addresses" j├í existe, ignorando
CREATE TABLE
CREATE INDEX
psql:C:/unificard/backend/migrations/0363_location_core_addresses.sql:63: NOTA:  rela├º├úo "idx_addresses_country" j├í existe, ignorando
CREATE INDEX
psql:C:/unificard/backend/migrations/0363_location_core_addresses.sql:64: NOTA:  rela├º├úo "idx_addresses_state" j├í existe, ignorando
CREATE INDEX
psql:C:/unificard/backend/migrations/0363_location_core_addresses.sql:65: NOTA:  rela├º├úo "idx_addresses_city" j├í existe, ignorando
CREATE INDEX
psql:C:/unificard/backend/migrations/0363_location_core_addresses.sql:66: NOTA:  rela├º├úo "idx_addresses_neighborhood" j├í existe, ignorando
CREATE INDEX
psql:C:/unificard/backend/migrations/0363_location_core_addresses.sql:67: NOTA:  rela├º├úo "idx_addresses_postal_code" j├í existe, ignorando
psql:C:/unificard/backend/migrations/0363_location_core_addresses.sql:68: NOTA:  rela├º├úo "idx_addresses_status" j├í existe, ignorando
CREATE INDEX
CREATE INDEX
psql:C:/unificard/backend/migrations/0363_location_core_addresses.sql:73: NOTA:  rela├º├úo "idx_addresses_location" j├í existe, ignorando
DROP TRIGGER
CREATE TRIGGER
COMMENT
COMMENT
COMMENT
COMMIT
OK: 0363_location_core_addresses.sql
BEGIN
psql:C:/unificard/backend/migrations/0380_add_health_scope_to_categories.sql:8: ERRO:  rela├º├úo "categories" n├úo existe
psql:C:/unificard/backend/migrations/0380_add_health_scope_to_categories.sql:23: ERRO:  transa├º├úo atual foi interrompida, comandos ignorados at├® o fim do bloco de transa├º├úo
ROLLBACK
OK: 0380_add_health_scope_to_categories.sql
BEGIN
psql:C:/unificard/backend/migrations/0381_extend_categories_scope_with_health.sql:9: ERRO:  rela├º├úo "categories" n├úo existe
psql:C:/unificard/backend/migrations/0381_extend_categories_scope_with_health.sql:25: ERRO:  transa├º├úo atual foi interrompida, comandos ignorados at├® o fim do bloco de transa├º├úo
ROLLBACK
OK: 0381_extend_categories_scope_with_health.sql
psql:C:/unificard/backend/migrations/0382_health_relational_model.sql:65: ERRO:  coluna "tenant_id" referenciada na restri├º├úo de chave estrangeira n├úo existe
psql:C:/unificard/backend/migrations/0382_health_relational_model.sql:71: ERRO:  rela├º├úo "health_taxonomies" n├úo existe
psql:C:/unificard/backend/migrations/0382_health_relational_model.sql:74: ERRO:  rela├º├úo "health_taxonomies" n├úo existe
psql:C:/unificard/backend/migrations/0382_health_relational_model.sql:77: ERRO:  rela├º├úo "health_taxonomies" n├úo existe
psql:C:/unificard/backend/migrations/0382_health_relational_model.sql:81: ERRO:  rela├º├úo "health_taxonomies" n├úo existe
psql:C:/unificard/backend/migrations/0382_health_relational_model.sql:84: ERRO:  rela├º├úo "health_taxonomies" n├úo existe
psql:C:/unificard/backend/migrations/0382_health_relational_model.sql:131: ERRO:  coluna "tenant_id" referenciada na restri├º├úo de chave estrangeira n├úo existe
psql:C:/unificard/backend/migrations/0382_health_relational_model.sql:137: ERRO:  rela├º├úo "user_health_facts" n├úo existe
psql:C:/unificard/backend/migrations/0382_health_relational_model.sql:140: ERRO:  rela├º├úo "user_health_facts" n├úo existe
psql:C:/unificard/backend/migrations/0382_health_relational_model.sql:144: ERRO:  rela├º├úo "user_health_facts" n├úo existe
psql:C:/unificard/backend/migrations/0382_health_relational_model.sql:148: ERRO:  rela├º├úo "user_health_facts" n├úo existe
psql:C:/unificard/backend/migrations/0382_health_relational_model.sql:153: ERRO:  rela├º├úo "user_health_facts" n├úo existe
psql:C:/unificard/backend/migrations/0382_health_relational_model.sql:202: ERRO:  coluna "tenant_id" referenciada na restri├º├úo de chave estrangeira n├úo existe
psql:C:/unificard/backend/migrations/0382_health_relational_model.sql:208: ERRO:  rela├º├úo "health_consents" n├úo existe
psql:C:/unificard/backend/migrations/0382_health_relational_model.sql:211: ERRO:  rela├º├úo "health_consents" n├úo existe
psql:C:/unificard/backend/migrations/0382_health_relational_model.sql:215: ERRO:  rela├º├úo "health_consents" n├úo existe
psql:C:/unificard/backend/migrations/0382_health_relational_model.sql:220: ERRO:  rela├º├úo "health_taxonomies" n├úo existe
psql:C:/unificard/backend/migrations/0382_health_relational_model.sql:221: ERRO:  rela├º├úo "user_health_facts" n├úo existe
psql:C:/unificard/backend/migrations/0382_health_relational_model.sql:222: ERRO:  rela├º├úo "health_consents" n├úo existe
psql:C:/unificard/backend/migrations/0382_health_relational_model.sql:238: ERRO:  rela├º├úo "health_taxonomies" n├úo existe
CONTEXTO:  comando SQL "CREATE POLICY health_taxonomies_rls

      ON health_taxonomies

      USING (tenant_id::text = current_setting('app.current_tenant', true))

      WITH CHECK (tenant_id::text = current_setting('app.current_tenant', true))"
fun├º├úo PL/pgSQL inline_code_block linha 9 em comando SQL
psql:C:/unificard/backend/migrations/0382_health_relational_model.sql:254: ERRO:  rela├º├úo "user_health_facts" n├úo existe
CONTEXTO:  comando SQL "CREATE POLICY user_health_facts_rls

      ON user_health_facts

      USING (tenant_id::text = current_setting('app.current_tenant', true))

      WITH CHECK (tenant_id::text = current_setting('app.current_tenant', true))"
fun├º├úo PL/pgSQL inline_code_block linha 9 em comando SQL
psql:C:/unificard/backend/migrations/0382_health_relational_model.sql:270: ERRO:  rela├º├úo "health_consents" n├úo existe
CONTEXTO:  comando SQL "CREATE POLICY health_consents_rls

      ON health_consents

      USING (tenant_id::text = current_setting('app.current_tenant', true))

      WITH CHECK (tenant_id::text = current_setting('app.current_tenant', true))"
fun├º├úo PL/pgSQL inline_code_block linha 9 em comando SQL
psql:C:/unificard/backend/migrations/0382_health_relational_model.sql:275: NOTA:  rela├º├úo "health_taxonomies" n├úo existe, ignorando
DROP TRIGGER
psql:C:/unificard/backend/migrations/0382_health_relational_model.sql:279: ERRO:  rela├º├úo "health_taxonomies" n├úo existe
DROP TRIGGER
psql:C:/unificard/backend/migrations/0382_health_relational_model.sql:281: NOTA:  rela├º├úo "user_health_facts" n├úo existe, ignorando
psql:C:/unificard/backend/migrations/0382_health_relational_model.sql:285: ERRO:  rela├º├úo "user_health_facts" n├úo existe
DROP TRIGGER
psql:C:/unificard/backend/migrations/0382_health_relational_model.sql:287: NOTA:  rela├º├úo "health_consents" n├úo existe, ignorando
psql:C:/unificard/backend/migrations/0382_health_relational_model.sql:291: ERRO:  rela├º├úo "health_consents" n├úo existe
psql:C:/unificard/backend/migrations/0382_health_relational_model.sql:297: ERRO:  rela├º├úo "health_taxonomies" n├úo existe
psql:C:/unificard/backend/migrations/0382_health_relational_model.sql:300: ERRO:  rela├º├úo "user_health_facts" n├úo existe
psql:C:/unificard/backend/migrations/0382_health_relational_model.sql:303: ERRO:  rela├º├úo "health_consents" n├úo existe
psql:C:/unificard/backend/migrations/0382_health_relational_model.sql:306: ERRO:  rela├º├úo "user_health_facts" n├úo existe
psql:C:/unificard/backend/migrations/0382_health_relational_model.sql:309: ERRO:  rela├º├úo "health_consents" n├úo existe
psql:C:/unificard/backend/migrations/0382_health_relational_model.sql:312: ERRO:  rela├º├úo "health_consents" n├úo existe
psql:C:/unificard/backend/migrations/0382_health_relational_model.sql:315: ERRO:  rela├º├úo "health_consents" n├úo existe
OK: 0382_health_relational_model.sql
BEGIN
psql:C:/unificard/backend/migrations/0384_health_declarations.sql:63: NOTA:  rela├º├úo "health_declarations" j├í existe, ignorando
CREATE TABLE
ALTER TABLE
DO
CREATE INDEX
CREATE INDEX
CREATE INDEX
psql:C:/unificard/backend/migrations/0384_health_declarations.sql:90: NOTA:  rela├º├úo "idx_health_declarations_tenant" j├í existe, ignorando
psql:C:/unificard/backend/migrations/0384_health_declarations.sql:93: NOTA:  rela├º├úo "idx_health_declarations_actor" j├í existe, ignorando
psql:C:/unificard/backend/migrations/0384_health_declarations.sql:96: NOTA:  rela├º├úo "idx_health_declarations_created_at" j├í existe, ignorando
psql:C:/unificard/backend/migrations/0384_health_declarations.sql:99: NOTA:  rela├º├úo "idx_health_declarations_tenant_actor" j├í existe, ignorando
CREATE INDEX
psql:C:/unificard/backend/migrations/0384_health_declarations.sql:103: NOTA:  rela├º├úo "idx_health_declarations_section" j├í existe, ignorando
CREATE INDEX
CREATE INDEX
psql:C:/unificard/backend/migrations/0384_health_declarations.sql:107: NOTA:  rela├º├úo "idx_health_declarations_consent_scope" j├í existe, ignorando
CREATE INDEX
psql:C:/unificard/backend/migrations/0384_health_declarations.sql:112: NOTA:  rela├º├úo "idx_health_declarations_payload_gin" j├í existe, ignorando
COMMENT
COMMENT
COMMENT
COMMENT
COMMENT
COMMENT
COMMENT
COMMENT
COMMIT
OK: 0384_health_declarations.sql
psql:C:/unificard/backend/migrations/0390_product_prices.sql:47: ERRO:  coluna "tenant_id" referenciada na restri├º├úo de chave estrangeira n├úo existe
psql:C:/unificard/backend/migrations/0390_product_prices.sql:54: ERRO:  rela├º├úo "product_prices" n├úo existe
psql:C:/unificard/backend/migrations/0390_product_prices.sql:58: ERRO:  rela├º├úo "product_prices" n├úo existe
psql:C:/unificard/backend/migrations/0390_product_prices.sql:62: ERRO:  rela├º├úo "product_prices" n├úo existe
psql:C:/unificard/backend/migrations/0390_product_prices.sql:67: ERRO:  rela├º├úo "product_prices" n├úo existe
psql:C:/unificard/backend/migrations/0390_product_prices.sql:70: ERRO:  rela├º├úo "product_prices" n├úo existe
psql:C:/unificard/backend/migrations/0390_product_prices.sql:78: ERRO:  rela├º├úo "product_prices" n├úo existe
psql:C:/unificard/backend/migrations/0390_product_prices.sql:84: ERRO:  rela├º├úo "product_prices" n├úo existe
psql:C:/unificard/backend/migrations/0390_product_prices.sql:87: ERRO:  rela├º├úo "product_prices" n├úo existe
psql:C:/unificard/backend/migrations/0390_product_prices.sql:90: ERRO:  rela├º├úo "product_prices" n├úo existe
psql:C:/unificard/backend/migrations/0390_product_prices.sql:93: ERRO:  rela├º├úo "product_prices" n├úo existe
psql:C:/unificard/backend/migrations/0390_product_prices.sql:96: ERRO:  rela├º├úo "product_prices" n├úo existe
OK: 0390_product_prices.sql
psql:C:/unificard/backend/migrations/0400_product_categories.sql:48: ERRO:  coluna "tenant_id" referenciada na restri├º├úo de chave estrangeira n├úo existe
psql:C:/unificard/backend/migrations/0400_product_categories.sql:55: ERRO:  rela├º├úo "catalog_categories" n├úo existe
psql:C:/unificard/backend/migrations/0400_product_categories.sql:59: ERRO:  rela├º├úo "catalog_categories" n├úo existe
psql:C:/unificard/backend/migrations/0400_product_categories.sql:63: ERRO:  rela├º├úo "catalog_categories" n├úo existe
psql:C:/unificard/backend/migrations/0400_product_categories.sql:67: ERRO:  rela├º├úo "catalog_categories" n├úo existe
psql:C:/unificard/backend/migrations/0400_product_categories.sql:72: ERRO:  rela├º├úo "catalog_categories" n├úo existe
psql:C:/unificard/backend/migrations/0400_product_categories.sql:75: ERRO:  rela├º├úo "catalog_categories" n├úo existe
CREATE FUNCTION
psql:C:/unificard/backend/migrations/0400_product_categories.sql:91: ERRO:  rela├º├úo "catalog_categories" n├úo existe
psql:C:/unificard/backend/migrations/0400_product_categories.sql:97: ERRO:  rela├º├úo "catalog_categories" n├úo existe
psql:C:/unificard/backend/migrations/0400_product_categories.sql:100: ERRO:  rela├º├úo "catalog_categories" n├úo existe
psql:C:/unificard/backend/migrations/0400_product_categories.sql:103: ERRO:  rela├º├úo "catalog_categories" n├úo existe
psql:C:/unificard/backend/migrations/0400_product_categories.sql:106: ERRO:  rela├º├úo "catalog_categories" n├úo existe
OK: 0400_product_categories.sql
DO
psql:C:/unificard/backend/migrations/0401_product_attributes.sql:71: ERRO:  coluna "tenant_id" referenciada na restri├º├úo de chave estrangeira n├úo existe
psql:C:/unificard/backend/migrations/0401_product_attributes.sql:78: ERRO:  rela├º├úo "product_attributes" n├úo existe
psql:C:/unificard/backend/migrations/0401_product_attributes.sql:82: ERRO:  rela├º├úo "product_attributes" n├úo existe
psql:C:/unificard/backend/migrations/0401_product_attributes.sql:86: ERRO:  rela├º├úo "product_attributes" n├úo existe
psql:C:/unificard/backend/migrations/0401_product_attributes.sql:91: ERRO:  rela├º├úo "product_attributes" n├úo existe
psql:C:/unificard/backend/migrations/0401_product_attributes.sql:94: ERRO:  rela├º├úo "product_attributes" n├úo existe
CREATE FUNCTION
psql:C:/unificard/backend/migrations/0401_product_attributes.sql:110: ERRO:  rela├º├úo "product_attributes" n├úo existe
psql:C:/unificard/backend/migrations/0401_product_attributes.sql:116: ERRO:  rela├º├úo "product_attributes" n├úo existe
psql:C:/unificard/backend/migrations/0401_product_attributes.sql:119: ERRO:  rela├º├úo "product_attributes" n├úo existe
psql:C:/unificard/backend/migrations/0401_product_attributes.sql:122: ERRO:  rela├º├úo "product_attributes" n├úo existe
psql:C:/unificard/backend/migrations/0401_product_attributes.sql:125: ERRO:  rela├º├úo "product_attributes" n├úo existe
psql:C:/unificard/backend/migrations/0401_product_attributes.sql:128: ERRO:  rela├º├úo "product_attributes" n├úo existe
psql:C:/unificard/backend/migrations/0401_product_attributes.sql:131: ERRO:  rela├º├úo "product_attributes" n├úo existe
OK: 0401_product_attributes.sql
DO
COMMENT
OK: 0402_product_types.sql
BEGIN
psql:C:/unificard/backend/migrations/0403_marketplace_domains.sql:15: ERRO:  rela├º├úo "categories" n├úo existe
LINHA 1: UPDATE categories
                ^
psql:C:/unificard/backend/migrations/0403_marketplace_domains.sql:127: ERRO:  transa├º├úo atual foi interrompida, comandos ignorados at├® o fim do bloco de transa├º├úo
ROLLBACK
OK: 0403_marketplace_domains.sql
BEGIN
CREATE TABLE
psql:C:/unificard/backend/migrations/0404_company_domains.sql:25: NOTA:  rela├º├úo "company_domains" j├í existe, ignorando
psql:C:/unificard/backend/migrations/0404_company_domains.sql:29: NOTA:  rela├º├úo "idx_company_domains_company" j├í existe, ignorando
CREATE INDEX
CREATE INDEX
psql:C:/unificard/backend/migrations/0404_company_domains.sql:32: NOTA:  rela├º├úo "idx_company_domains_domain" j├í existe, ignorando
CREATE INDEX
psql:C:/unificard/backend/migrations/0404_company_domains.sql:36: NOTA:  rela├º├úo "idx_company_domains_enabled" j├í existe, ignorando
INSERT 0 0
COMMIT
OK: 0404_company_domains.sql
BEGIN
psql:C:/unificard/backend/migrations/0405_marketplace_category_type_segments.sql:22: ERRO:  rela├º├úo "categories" n├úo existe
LINHA 1: UPDATE categories
                ^
psql:C:/unificard/backend/migrations/0405_marketplace_category_type_segments.sql:39: ERRO:  transa├º├úo atual foi interrompida, comandos ignorados at├® o fim do bloco de transa├º├úo
ROLLBACK
OK: 0405_marketplace_category_type_segments.sql
BEGIN
psql:C:/unificard/backend/migrations/0406_marketplace_segments_reorganization.sql:36: ERRO:  rela├º├úo "categories" n├úo existe
LINHA 1: UPDATE categories
                ^
psql:C:/unificard/backend/migrations/0406_marketplace_segments_reorganization.sql:66: ERRO:  transa├º├úo atual foi interrompida, comandos ignorados at├® o fim do bloco de transa├º├úo
psql:C:/unificard/backend/migrations/0406_marketplace_segments_reorganization.sql:88: ERRO:  transa├º├úo atual foi interrompida, comandos ignorados at├® o fim do bloco de transa├º├úo
psql:C:/unificard/backend/migrations/0406_marketplace_segments_reorganization.sql:101: ERRO:  transa├º├úo atual foi interrompida, comandos ignorados at├® o fim do bloco de transa├º├úo
psql:C:/unificard/backend/migrations/0406_marketplace_segments_reorganization.sql:111: ERRO:  transa├º├úo atual foi interrompida, comandos ignorados at├® o fim do bloco de transa├º├úo
psql:C:/unificard/backend/migrations/0406_marketplace_segments_reorganization.sql:124: ERRO:  transa├º├úo atual foi interrompida, comandos ignorados at├® o fim do bloco de transa├º├úo
psql:C:/unificard/backend/migrations/0406_marketplace_segments_reorganization.sql:137: ERRO:  transa├º├úo atual foi interrompida, comandos ignorados at├® o fim do bloco de transa├º├úo
psql:C:/unificard/backend/migrations/0406_marketplace_segments_reorganization.sql:146: ERRO:  transa├º├úo atual foi interrompida, comandos ignorados at├® o fim do bloco de transa├º├úo
psql:C:/unificard/backend/migrations/0406_marketplace_segments_reorganization.sql:168: ERRO:  transa├º├úo atual foi interrompida, comandos ignorados at├® o fim do bloco de transa├º├úo
ROLLBACK
OK: 0406_marketplace_segments_reorganization.sql
psql:C:/unificard/backend/migrations/0470_actor_category_imports.sql:29: ERRO:  coluna "tenant_id" referenciada na restri├º├úo de chave estrangeira n├úo existe
psql:C:/unificard/backend/migrations/0470_actor_category_imports.sql:33: ERRO:  rela├º├úo "actor_category_imports" n├úo existe
psql:C:/unificard/backend/migrations/0470_actor_category_imports.sql:36: ERRO:  rela├º├úo "actor_category_imports" n├úo existe
psql:C:/unificard/backend/migrations/0470_actor_category_imports.sql:39: ERRO:  rela├º├úo "actor_category_imports" n├úo existe
CREATE FUNCTION
psql:C:/unificard/backend/migrations/0470_actor_category_imports.sql:53: ERRO:  rela├º├úo "actor_category_imports" n├úo existe
psql:C:/unificard/backend/migrations/0470_actor_category_imports.sql:56: ERRO:  rela├º├úo "actor_category_imports" n├úo existe
psql:C:/unificard/backend/migrations/0470_actor_category_imports.sql:61: ERRO:  rela├º├úo "actor_category_imports" n├úo existe
psql:C:/unificard/backend/migrations/0470_actor_category_imports.sql:65: ERRO:  rela├º├úo "actor_category_imports" n├úo existe
psql:C:/unificard/backend/migrations/0470_actor_category_imports.sql:68: ERRO:  rela├º├úo "actor_category_imports" n├úo existe
psql:C:/unificard/backend/migrations/0470_actor_category_imports.sql:71: ERRO:  rela├º├úo "actor_category_imports" n├úo existe
OK: 0470_actor_category_imports.sql
BEGIN
INSERT 0 1
psql:C:/unificard/backend/migrations/0530_backfill_catalog_categories_to_core.sql:41: ERRO:  rela├º├úo "catalog_categories" n├úo existe
LINHA 8: FROM catalog_categories;
              ^
psql:C:/unificard/backend/migrations/0530_backfill_catalog_categories_to_core.sql:56: ERRO:  transa├º├úo atual foi interrompida, comandos ignorados at├® o fim do bloco de transa├º├úo
psql:C:/unificard/backend/migrations/0530_backfill_catalog_categories_to_core.sql:70: ERRO:  transa├º├úo atual foi interrompida, comandos ignorados at├® o fim do bloco de transa├º├úo
psql:C:/unificard/backend/migrations/0530_backfill_catalog_categories_to_core.sql:73: ERRO:  transa├º├úo atual foi interrompida, comandos ignorados at├® o fim do bloco de transa├º├úo
psql:C:/unificard/backend/migrations/0530_backfill_catalog_categories_to_core.sql:76: ERRO:  transa├º├úo atual foi interrompida, comandos ignorados at├® o fim do bloco de transa├º├úo
psql:C:/unificard/backend/migrations/0530_backfill_catalog_categories_to_core.sql:107: ERRO:  transa├º├úo atual foi interrompida, comandos ignorados at├® o fim do bloco de transa├º├úo
psql:C:/unificard/backend/migrations/0530_backfill_catalog_categories_to_core.sql:157: ERRO:  transa├º├úo atual foi interrompida, comandos ignorados at├® o fim do bloco de transa├º├úo
psql:C:/unificard/backend/migrations/0530_backfill_catalog_categories_to_core.sql:173: ERRO:  transa├º├úo atual foi interrompida, comandos ignorados at├® o fim do bloco de transa├º├úo
psql:C:/unificard/backend/migrations/0530_backfill_catalog_categories_to_core.sql:286: ERRO:  transa├º├úo atual foi interrompida, comandos ignorados at├® o fim do bloco de transa├º├úo
psql:C:/unificard/backend/migrations/0530_backfill_catalog_categories_to_core.sql:318: ERRO:  transa├º├úo atual foi interrompida, comandos ignorados at├® o fim do bloco de transa├º├úo
psql:C:/unificard/backend/migrations/0530_backfill_catalog_categories_to_core.sql:407: ERRO:  transa├º├úo atual foi interrompida, comandos ignorados at├® o fim do bloco de transa├º├úo
psql:C:/unificard/backend/migrations/0530_backfill_catalog_categories_to_core.sql:445: ERRO:  transa├º├úo atual foi interrompida, comandos ignorados at├® o fim do bloco de transa├º├úo
psql:C:/unificard/backend/migrations/0530_backfill_catalog_categories_to_core.sql:451: ERRO:  transa├º├úo atual foi interrompida, comandos ignorados at├® o fim do bloco de transa├º├úo
ROLLBACK
OK: 0530_backfill_catalog_categories_to_core.sql
psql:C:/unificard/backend/migrations/0531_audit_marketplace_categories.sql:22: ERRO:  rela├º├úo "categories" n├úo existe
LINHA 13: FROM categories
               ^
psql:C:/unificard/backend/migrations/0531_audit_marketplace_categories.sql:32: ERRO:  rela├º├úo "categories" n├úo existe
LINHA 5: FROM categories
              ^
psql:C:/unificard/backend/migrations/0531_audit_marketplace_categories.sql:43: ERRO:  rela├º├úo "categories" n├úo existe
LINHA 4: FROM categories
              ^
OK: 0531_audit_marketplace_categories.sql
psql:C:/unificard/backend/migrations/0550_schedule_universal.sql:65: ERRO:  coluna "tenant_id" referenciada na restri├º├úo de chave estrangeira n├úo existe
psql:C:/unificard/backend/migrations/0550_schedule_universal.sql:69: ERRO:  rela├º├úo "schedules" n├úo existe
psql:C:/unificard/backend/migrations/0550_schedule_universal.sql:73: ERRO:  rela├º├úo "schedules" n├úo existe
psql:C:/unificard/backend/migrations/0550_schedule_universal.sql:77: ERRO:  rela├º├úo "schedules" n├úo existe
psql:C:/unificard/backend/migrations/0550_schedule_universal.sql:81: ERRO:  rela├º├úo "schedules" n├úo existe
psql:C:/unificard/backend/migrations/0550_schedule_universal.sql:84: ERRO:  rela├º├úo "schedules" n├úo existe
psql:C:/unificard/backend/migrations/0550_schedule_universal.sql:99: ERRO:  rela├º├úo "schedules" n├úo existe
CONTEXTO:  comando SQL "CREATE POLICY schedules_rls

      ON schedules

      USING (tenant_id::text = current_setting('app.current_tenant', true))

      WITH CHECK (tenant_id::text = current_setting('app.current_tenant', true))"
fun├º├úo PL/pgSQL inline_code_block linha 9 em comando SQL
psql:C:/unificard/backend/migrations/0550_schedule_universal.sql:102: NOTA:  rela├º├úo "schedules" n├úo existe, ignorando
DROP TRIGGER
psql:C:/unificard/backend/migrations/0550_schedule_universal.sql:106: ERRO:  rela├º├úo "schedules" n├úo existe
psql:C:/unificard/backend/migrations/0550_schedule_universal.sql:136: ERRO:  rela├º├úo "schedules" n├úo existe
psql:C:/unificard/backend/migrations/0550_schedule_universal.sql:140: ERRO:  rela├º├úo "schedule_slots" n├úo existe
psql:C:/unificard/backend/migrations/0550_schedule_universal.sql:143: ERRO:  rela├º├úo "schedule_slots" n├úo existe
psql:C:/unificard/backend/migrations/0550_schedule_universal.sql:146: ERRO:  rela├º├úo "schedule_slots" n├úo existe
psql:C:/unificard/backend/migrations/0550_schedule_universal.sql:149: ERRO:  rela├º├úo "schedule_slots" n├úo existe
psql:C:/unificard/backend/migrations/0550_schedule_universal.sql:153: ERRO:  rela├º├úo "schedule_slots" n├úo existe
psql:C:/unificard/backend/migrations/0550_schedule_universal.sql:157: ERRO:  rela├º├úo "schedule_slots" n├úo existe
psql:C:/unificard/backend/migrations/0550_schedule_universal.sql:179: ERRO:  rela├º├úo "schedule_slots" n├úo existe
CONTEXTO:  comando SQL "ALTER TABLE schedule_slots

    ADD CONSTRAINT schedule_slots_no_overlap

    EXCLUDE USING GIST (

      schedule_id WITH =,

      tstzrange(start_time, end_time) WITH &&

    )"
fun├º├úo PL/pgSQL inline_code_block linha 11 em comando SQL
psql:C:/unificard/backend/migrations/0550_schedule_universal.sql:182: ERRO:  rela├º├úo "schedule_slots" n├úo existe
psql:C:/unificard/backend/migrations/0550_schedule_universal.sql:211: ERRO:  rela├º├úo "schedule_slots" n├úo existe
CONTEXTO:  comando SQL "CREATE POLICY schedule_slots_rls

      ON schedule_slots

      USING (

        EXISTS (

          SELECT 1

          FROM schedules s

          WHERE s.schedule_id = schedule_slots.schedule_id

            AND s.tenant_id::text = current_setting('app.current_tenant', true)

        )

      )

      WITH CHECK (

        EXISTS (

          SELECT 1

          FROM schedules s

          WHERE s.schedule_id = schedule_slots.schedule_id

            AND s.tenant_id::text = current_setting('app.current_tenant', true)

        )

      )"
fun├º├úo PL/pgSQL inline_code_block linha 9 em comando SQL
psql:C:/unificard/backend/migrations/0550_schedule_universal.sql:214: NOTA:  rela├º├úo "schedule_slots" n├úo existe, ignorando
DROP TRIGGER
psql:C:/unificard/backend/migrations/0550_schedule_universal.sql:218: ERRO:  rela├º├úo "schedule_slots" n├úo existe
psql:C:/unificard/backend/migrations/0550_schedule_universal.sql:224: ERRO:  rela├º├úo "schedules" n├úo existe
psql:C:/unificard/backend/migrations/0550_schedule_universal.sql:227: ERRO:  rela├º├úo "schedule_slots" n├úo existe
psql:C:/unificard/backend/migrations/0550_schedule_universal.sql:230: ERRO:  rela├º├úo "schedule_slots" n├úo existe
OK: 0550_schedule_universal.sql
psql:C:/unificard/backend/migrations/0551_schedule_unique_owners.sql:57: ERRO:  rela├º├úo "schedules" n├úo existe
psql:C:/unificard/backend/migrations/0551_schedule_unique_owners.sql:66: ERRO:  rela├º├úo "schedules" n├úo existe
psql:C:/unificard/backend/migrations/0551_schedule_unique_owners.sql:75: ERRO:  rela├º├úo "schedules" n├úo existe
OK: 0551_schedule_unique_owners.sql
psql:C:/unificard/backend/migrations/0552_schedule_slots_unique.sql:50: ERRO:  rela├º├úo "schedule_slots" n├úo existe
OK: 0552_schedule_slots_unique.sql
psql:C:/unificard/backend/migrations/0553_schedules_event_owner.sql:45: ERRO:  rela├º├úo "schedules" n├úo existe
psql:C:/unificard/backend/migrations/0553_schedules_event_owner.sql:66: ERRO:  rela├º├úo "schedules" n├úo existe
LINHA 5:       AND conrelid = 'schedules'::regclass
                              ^
CONSULTA:  NOT EXISTS (

    SELECT 1

    FROM pg_constraint

    WHERE conname = 'fk_schedules_event'

      AND conrelid = 'schedules'::regclass

  )
CONTEXTO:  fun├º├úo PL/pgSQL inline_code_block linha 3 em IF
psql:C:/unificard/backend/migrations/0553_schedules_event_owner.sql:74: ERRO:  rela├º├úo "schedules" n├úo existe
psql:C:/unificard/backend/migrations/0553_schedules_event_owner.sql:84: ERRO:  rela├º├úo "schedules" n├úo existe
psql:C:/unificard/backend/migrations/0553_schedules_event_owner.sql:93: ERRO:  rela├º├úo "schedules" n├úo existe
psql:C:/unificard/backend/migrations/0553_schedules_event_owner.sql:98: ERRO:  rela├º├úo "schedules" n├úo existe
OK: 0553_schedules_event_owner.sql
BEGIN
DO
DO
psql:C:/unificard/backend/migrations/0565_services_domain.sql:101: ERRO:  coluna "actor_id" referenciada na restri├º├úo de chave estrangeira n├úo existe
psql:C:/unificard/backend/migrations/0565_services_domain.sql:107: ERRO:  transa├º├úo atual foi interrompida, comandos ignorados at├® o fim do bloco de transa├º├úo
psql:C:/unificard/backend/migrations/0565_services_domain.sql:108: ERRO:  transa├º├úo atual foi interrompida, comandos ignorados at├® o fim do bloco de transa├º├úo
psql:C:/unificard/backend/migrations/0565_services_domain.sql:109: ERRO:  transa├º├úo atual foi interrompida, comandos ignorados at├® o fim do bloco de transa├º├úo
psql:C:/unificard/backend/migrations/0565_services_domain.sql:110: ERRO:  transa├º├úo atual foi interrompida, comandos ignorados at├® o fim do bloco de transa├º├úo
psql:C:/unificard/backend/migrations/0565_services_domain.sql:111: ERRO:  transa├º├úo atual foi interrompida, comandos ignorados at├® o fim do bloco de transa├º├úo
psql:C:/unificard/backend/migrations/0565_services_domain.sql:112: ERRO:  transa├º├úo atual foi interrompida, comandos ignorados at├® o fim do bloco de transa├º├úo
psql:C:/unificard/backend/migrations/0565_services_domain.sql:113: ERRO:  transa├º├úo atual foi interrompida, comandos ignorados at├® o fim do bloco de transa├º├úo
psql:C:/unificard/backend/migrations/0565_services_domain.sql:125: ERRO:  transa├º├úo atual foi interrompida, comandos ignorados at├® o fim do bloco de transa├º├úo
ROLLBACK
psql:C:/unificard/backend/migrations/0565_services_domain.sql:130: ERRO:  transa├º├úo atual foi interrompida, comandos ignorados at├® o fim do bloco de transa├º├úo
psql:C:/unificard/backend/migrations/0565_services_domain.sql:145: ERRO:  transa├º├úo atual foi interrompida, comandos ignorados at├® o fim do bloco de transa├º├úo
psql:C:/unificard/backend/migrations/0565_services_domain.sql:151: ERRO:  transa├º├úo atual foi interrompida, comandos ignorados at├® o fim do bloco de transa├º├úo
OK: 0565_services_domain.sql
psql:C:/unificard/backend/migrations/0566_expand_professional_services.sql:68: NOTA:  a coluna "service_type" da rela├º├úo "user_skills_categories" j├í existe, ignorada
ALTER TABLE
psql:C:/unificard/backend/migrations/0566_expand_professional_services.sql:72: NOTA:  a coluna "charge_visit" da rela├º├úo "user_skills_categories" j├í existe, ignorada
ALTER TABLE
psql:C:/unificard/backend/migrations/0566_expand_professional_services.sql:76: NOTA:  a coluna "visit_price" da rela├º├úo "user_skills_categories" j├í existe, ignorada
ALTER TABLE
DO
COMMENT
COMMENT
COMMENT
psql:C:/unificard/backend/migrations/0566_expand_professional_services.sql:140: ERRO:  rela├º├úo "categories" n├úo existe
psql:C:/unificard/backend/migrations/0566_expand_professional_services.sql:144: ERRO:  rela├º├úo "predefined_services" n├úo existe
psql:C:/unificard/backend/migrations/0566_expand_professional_services.sql:147: ERRO:  rela├º├úo "predefined_services" n├úo existe
psql:C:/unificard/backend/migrations/0566_expand_professional_services.sql:151: ERRO:  rela├º├úo "predefined_services" n├úo existe
psql:C:/unificard/backend/migrations/0566_expand_professional_services.sql:154: ERRO:  rela├º├úo "predefined_services" n├úo existe
psql:C:/unificard/backend/migrations/0566_expand_professional_services.sql:161: ERRO:  rela├º├úo "predefined_services" n├úo existe
psql:C:/unificard/backend/migrations/0566_expand_professional_services.sql:176: ERRO:  rela├º├úo "predefined_services" n├úo existe
CONTEXTO:  comando SQL "CREATE POLICY predefined_services_rls

      ON predefined_services

      USING (

        global_user_id::text = current_setting('app.current_user', true)

      )"
fun├º├úo PL/pgSQL inline_code_block linha 8 em comando SQL
psql:C:/unificard/backend/migrations/0566_expand_professional_services.sql:194: ERRO:  rela├º├úo "predefined_services" n├úo existe
CONTEXTO:  comando SQL "CREATE TRIGGER trg_predefined_services_updated_at

      BEFORE UPDATE ON predefined_services

      FOR EACH ROW

      EXECUTE FUNCTION update_updated_at_column()"
fun├º├úo PL/pgSQL inline_code_block linha 7 em comando SQL
OK: 0566_expand_professional_services.sql
BEGIN
DO
DO
psql:C:/unificard/backend/migrations/0575_service_availability.sql:82: ERRO:  rela├º├úo "services" n├úo existe
psql:C:/unificard/backend/migrations/0575_service_availability.sql:88: ERRO:  transa├º├úo atual foi interrompida, comandos ignorados at├® o fim do bloco de transa├º├úo
psql:C:/unificard/backend/migrations/0575_service_availability.sql:89: ERRO:  transa├º├úo atual foi interrompida, comandos ignorados at├® o fim do bloco de transa├º├úo
psql:C:/unificard/backend/migrations/0575_service_availability.sql:90: ERRO:  transa├º├úo atual foi interrompida, comandos ignorados at├® o fim do bloco de transa├º├úo
psql:C:/unificard/backend/migrations/0575_service_availability.sql:91: ERRO:  transa├º├úo atual foi interrompida, comandos ignorados at├® o fim do bloco de transa├º├úo
psql:C:/unificard/backend/migrations/0575_service_availability.sql:92: ERRO:  transa├º├úo atual foi interrompida, comandos ignorados at├® o fim do bloco de transa├º├úo
psql:C:/unificard/backend/migrations/0575_service_availability.sql:104: ERRO:  transa├º├úo atual foi interrompida, comandos ignorados at├® o fim do bloco de transa├º├úo
psql:C:/unificard/backend/migrations/0575_service_availability.sql:109: ERRO:  transa├º├úo atual foi interrompida, comandos ignorados at├® o fim do bloco de transa├º├úo
ROLLBACK
OK: 0575_service_availability.sql
BEGIN
DO
DO
DO
DO
CREATE TABLE
CREATE INDEX
CREATE INDEX
CREATE INDEX
CREATE INDEX
CREATE INDEX
CREATE INDEX
CREATE FUNCTION
CREATE TRIGGER
CREATE FUNCTION
CREATE TRIGGER
psql:C:/unificard/backend/migrations/0576_unified_availability.sql:231: ERRO:  coluna "actor_id" referenciada na restri├º├úo de chave estrangeira n├úo existe
psql:C:/unificard/backend/migrations/0576_unified_availability.sql:237: ERRO:  transa├º├úo atual foi interrompida, comandos ignorados at├® o fim do bloco de transa├º├úo
psql:C:/unificard/backend/migrations/0576_unified_availability.sql:238: ERRO:  transa├º├úo atual foi interrompida, comandos ignorados at├® o fim do bloco de transa├º├úo
psql:C:/unificard/backend/migrations/0576_unified_availability.sql:239: ERRO:  transa├º├úo atual foi interrompida, comandos ignorados at├® o fim do bloco de transa├º├úo
psql:C:/unificard/backend/migrations/0576_unified_availability.sql:240: ERRO:  transa├º├úo atual foi interrompida, comandos ignorados at├® o fim do bloco de transa├º├úo
psql:C:/unificard/backend/migrations/0576_unified_availability.sql:241: ERRO:  transa├º├úo atual foi interrompida, comandos ignorados at├® o fim do bloco de transa├º├úo
psql:C:/unificard/backend/migrations/0576_unified_availability.sql:245: ERRO:  transa├º├úo atual foi interrompida, comandos ignorados at├® o fim do bloco de transa├º├úo
psql:C:/unificard/backend/migrations/0576_unified_availability.sql:257: ERRO:  transa├º├úo atual foi interrompida, comandos ignorados at├® o fim do bloco de transa├º├úo
psql:C:/unificard/backend/migrations/0576_unified_availability.sql:262: ERRO:  transa├º├úo atual foi interrompida, comandos ignorados at├® o fim do bloco de transa├º├úo
ROLLBACK
OK: 0576_unified_availability.sql
BEGIN
DO
psql:C:/unificard/backend/migrations/0577_availability_participants.sql:63: ERRO:  rela├º├úo "availability" n├úo existe
psql:C:/unificard/backend/migrations/0577_availability_participants.sql:70: ERRO:  transa├º├úo atual foi interrompida, comandos ignorados at├® o fim do bloco de transa├º├úo
psql:C:/unificard/backend/migrations/0577_availability_participants.sql:72: ERRO:  transa├º├úo atual foi interrompida, comandos ignorados at├® o fim do bloco de transa├º├úo
psql:C:/unificard/backend/migrations/0577_availability_participants.sql:74: ERRO:  transa├º├úo atual foi interrompida, comandos ignorados at├® o fim do bloco de transa├º├úo
psql:C:/unificard/backend/migrations/0577_availability_participants.sql:76: ERRO:  transa├º├úo atual foi interrompida, comandos ignorados at├® o fim do bloco de transa├º├úo
psql:C:/unificard/backend/migrations/0577_availability_participants.sql:80: ERRO:  transa├º├úo atual foi interrompida, comandos ignorados at├® o fim do bloco de transa├º├úo
psql:C:/unificard/backend/migrations/0577_availability_participants.sql:92: ERRO:  transa├º├úo atual foi interrompida, comandos ignorados at├® o fim do bloco de transa├º├úo
psql:C:/unificard/backend/migrations/0577_availability_participants.sql:97: ERRO:  transa├º├úo atual foi interrompida, comandos ignorados at├® o fim do bloco de transa├º├úo
psql:C:/unificard/backend/migrations/0577_availability_participants.sql:161: ERRO:  transa├º├úo atual foi interrompida, comandos ignorados at├® o fim do bloco de transa├º├úo
ROLLBACK
OK: 0577_availability_participants.sql
BEGIN
psql:C:/unificard/backend/migrations/0578_availability_conflict_inbox.sql:35: ERRO:  tipo "inbox_source_type" n├úo existe
CONTEXTO:  comando SQL "ALTER TYPE inbox_source_type ADD VALUE 'availability_conflict'"
fun├º├úo PL/pgSQL inline_code_block linha 10 em comando SQL
ROLLBACK
OK: 0578_availability_conflict_inbox.sql
BEGIN
DO
psql:C:/unificard/backend/migrations/0590_service_booking.sql:67: ERRO:  rela├º├úo "services" n├úo existe
psql:C:/unificard/backend/migrations/0590_service_booking.sql:73: ERRO:  transa├º├úo atual foi interrompida, comandos ignorados at├® o fim do bloco de transa├º├úo
psql:C:/unificard/backend/migrations/0590_service_booking.sql:74: ERRO:  transa├º├úo atual foi interrompida, comandos ignorados at├® o fim do bloco de transa├º├úo
psql:C:/unificard/backend/migrations/0590_service_booking.sql:75: ERRO:  transa├º├úo atual foi interrompida, comandos ignorados at├® o fim do bloco de transa├º├úo
psql:C:/unificard/backend/migrations/0590_service_booking.sql:76: ERRO:  transa├º├úo atual foi interrompida, comandos ignorados at├® o fim do bloco de transa├º├úo
psql:C:/unificard/backend/migrations/0590_service_booking.sql:77: ERRO:  transa├º├úo atual foi interrompida, comandos ignorados at├® o fim do bloco de transa├º├úo
psql:C:/unificard/backend/migrations/0590_service_booking.sql:78: ERRO:  transa├º├úo atual foi interrompida, comandos ignorados at├® o fim do bloco de transa├º├úo
psql:C:/unificard/backend/migrations/0590_service_booking.sql:84: ERRO:  transa├º├úo atual foi interrompida, comandos ignorados at├® o fim do bloco de transa├º├úo
psql:C:/unificard/backend/migrations/0590_service_booking.sql:96: ERRO:  transa├º├úo atual foi interrompida, comandos ignorados at├® o fim do bloco de transa├º├úo
psql:C:/unificard/backend/migrations/0590_service_booking.sql:101: ERRO:  transa├º├úo atual foi interrompida, comandos ignorados at├® o fim do bloco de transa├º├úo
psql:C:/unificard/backend/migrations/0590_service_booking.sql:122: ERRO:  transa├º├úo atual foi interrompida, comandos ignorados at├® o fim do bloco de transa├º├úo
psql:C:/unificard/backend/migrations/0590_service_booking.sql:128: ERRO:  transa├º├úo atual foi interrompida, comandos ignorados at├® o fim do bloco de transa├º├úo
ROLLBACK
OK: 0590_service_booking.sql
BEGIN
DO
psql:C:/unificard/backend/migrations/0591_service_booking_decision.sql:63: ERRO:  rela├º├úo "service_bookings" n├úo existe
psql:C:/unificard/backend/migrations/0591_service_booking_decision.sql:69: ERRO:  transa├º├úo atual foi interrompida, comandos ignorados at├® o fim do bloco de transa├º├úo
psql:C:/unificard/backend/migrations/0591_service_booking_decision.sql:70: ERRO:  transa├º├úo atual foi interrompida, comandos ignorados at├® o fim do bloco de transa├º├úo
psql:C:/unificard/backend/migrations/0591_service_booking_decision.sql:71: ERRO:  transa├º├úo atual foi interrompida, comandos ignorados at├® o fim do bloco de transa├º├úo
psql:C:/unificard/backend/migrations/0591_service_booking_decision.sql:72: ERRO:  transa├º├úo atual foi interrompida, comandos ignorados at├® o fim do bloco de transa├º├úo
psql:C:/unificard/backend/migrations/0591_service_booking_decision.sql:73: ERRO:  transa├º├úo atual foi interrompida, comandos ignorados at├® o fim do bloco de transa├º├úo
psql:C:/unificard/backend/migrations/0591_service_booking_decision.sql:85: ERRO:  transa├º├úo atual foi interrompida, comandos ignorados at├® o fim do bloco de transa├º├úo
psql:C:/unificard/backend/migrations/0591_service_booking_decision.sql:90: ERRO:  transa├º├úo atual foi interrompida, comandos ignorados at├® o fim do bloco de transa├º├úo
ROLLBACK
OK: 0591_service_booking_decision.sql
BEGIN
DO
psql:C:/unificard/backend/migrations/0592_opportunity_dispatch.sql:68: ERRO:  coluna "actor_id" referenciada na restri├º├úo de chave estrangeira n├úo existe
psql:C:/unificard/backend/migrations/0592_opportunity_dispatch.sql:74: ERRO:  transa├º├úo atual foi interrompida, comandos ignorados at├® o fim do bloco de transa├º├úo
psql:C:/unificard/backend/migrations/0592_opportunity_dispatch.sql:75: ERRO:  transa├º├úo atual foi interrompida, comandos ignorados at├® o fim do bloco de transa├º├úo
psql:C:/unificard/backend/migrations/0592_opportunity_dispatch.sql:76: ERRO:  transa├º├úo atual foi interrompida, comandos ignorados at├® o fim do bloco de transa├º├úo
psql:C:/unificard/backend/migrations/0592_opportunity_dispatch.sql:77: ERRO:  transa├º├úo atual foi interrompida, comandos ignorados at├® o fim do bloco de transa├º├úo
psql:C:/unificard/backend/migrations/0592_opportunity_dispatch.sql:78: ERRO:  transa├º├úo atual foi interrompida, comandos ignorados at├® o fim do bloco de transa├º├úo
psql:C:/unificard/backend/migrations/0592_opportunity_dispatch.sql:79: ERRO:  transa├º├úo atual foi interrompida, comandos ignorados at├® o fim do bloco de transa├º├úo
psql:C:/unificard/backend/migrations/0592_opportunity_dispatch.sql:80: ERRO:  transa├º├úo atual foi interrompida, comandos ignorados at├® o fim do bloco de transa├º├úo
psql:C:/unificard/backend/migrations/0592_opportunity_dispatch.sql:85: ERRO:  transa├º├úo atual foi interrompida, comandos ignorados at├® o fim do bloco de transa├º├úo
psql:C:/unificard/backend/migrations/0592_opportunity_dispatch.sql:97: ERRO:  transa├º├úo atual foi interrompida, comandos ignorados at├® o fim do bloco de transa├º├úo
psql:C:/unificard/backend/migrations/0592_opportunity_dispatch.sql:102: ERRO:  transa├º├úo atual foi interrompida, comandos ignorados at├® o fim do bloco de transa├º├úo
ROLLBACK
OK: 0592_opportunity_dispatch.sql
BEGIN
DO
psql:C:/unificard/backend/migrations/0600_service_payment_request.sql:76: ERRO:  rela├º├úo "service_bookings" n├úo existe
psql:C:/unificard/backend/migrations/0600_service_payment_request.sql:80: ERRO:  transa├º├úo atual foi interrompida, comandos ignorados at├® o fim do bloco de transa├º├úo
psql:C:/unificard/backend/migrations/0600_service_payment_request.sql:86: ERRO:  transa├º├úo atual foi interrompida, comandos ignorados at├® o fim do bloco de transa├º├úo
psql:C:/unificard/backend/migrations/0600_service_payment_request.sql:87: ERRO:  transa├º├úo atual foi interrompida, comandos ignorados at├® o fim do bloco de transa├º├úo
psql:C:/unificard/backend/migrations/0600_service_payment_request.sql:88: ERRO:  transa├º├úo atual foi interrompida, comandos ignorados at├® o fim do bloco de transa├º├úo
psql:C:/unificard/backend/migrations/0600_service_payment_request.sql:89: ERRO:  transa├º├úo atual foi interrompida, comandos ignorados at├® o fim do bloco de transa├º├úo
psql:C:/unificard/backend/migrations/0600_service_payment_request.sql:90: ERRO:  transa├º├úo atual foi interrompida, comandos ignorados at├® o fim do bloco de transa├º├úo
psql:C:/unificard/backend/migrations/0600_service_payment_request.sql:91: ERRO:  transa├º├úo atual foi interrompida, comandos ignorados at├® o fim do bloco de transa├º├úo
psql:C:/unificard/backend/migrations/0600_service_payment_request.sql:92: ERRO:  transa├º├úo atual foi interrompida, comandos ignorados at├® o fim do bloco de transa├º├úo
psql:C:/unificard/backend/migrations/0600_service_payment_request.sql:104: ERRO:  transa├º├úo atual foi interrompida, comandos ignorados at├® o fim do bloco de transa├º├úo
psql:C:/unificard/backend/migrations/0600_service_payment_request.sql:109: ERRO:  transa├º├úo atual foi interrompida, comandos ignorados at├® o fim do bloco de transa├º├úo
psql:C:/unificard/backend/migrations/0600_service_payment_request.sql:130: ERRO:  transa├º├úo atual foi interrompida, comandos ignorados at├® o fim do bloco de transa├º├úo
psql:C:/unificard/backend/migrations/0600_service_payment_request.sql:136: ERRO:  transa├º├úo atual foi interrompida, comandos ignorados at├® o fim do bloco de transa├º├úo
ROLLBACK
OK: 0600_service_payment_request.sql
DO
psql:C:/unificard/backend/migrations/0610_service_orders.sql:97: ERRO:  coluna "tenant_id" referenciada na restri├º├úo de chave estrangeira n├úo existe
psql:C:/unificard/backend/migrations/0610_service_orders.sql:104: ERRO:  rela├º├úo "service_orders" n├úo existe
psql:C:/unificard/backend/migrations/0610_service_orders.sql:108: ERRO:  rela├º├úo "service_orders" n├úo existe
psql:C:/unificard/backend/migrations/0610_service_orders.sql:112: ERRO:  rela├º├úo "service_orders" n├úo existe
psql:C:/unificard/backend/migrations/0610_service_orders.sql:116: ERRO:  rela├º├úo "service_orders" n├úo existe
psql:C:/unificard/backend/migrations/0610_service_orders.sql:120: ERRO:  rela├º├úo "service_orders" n├úo existe
psql:C:/unificard/backend/migrations/0610_service_orders.sql:125: ERRO:  rela├º├úo "service_orders" n├úo existe
psql:C:/unificard/backend/migrations/0610_service_orders.sql:130: ERRO:  rela├º├úo "service_orders" n├úo existe
psql:C:/unificard/backend/migrations/0610_service_orders.sql:135: ERRO:  rela├º├úo "service_orders" n├úo existe
psql:C:/unificard/backend/migrations/0610_service_orders.sql:141: ERRO:  rela├º├úo "service_orders" n├úo existe
CREATE FUNCTION
psql:C:/unificard/backend/migrations/0610_service_orders.sql:158: ERRO:  rela├º├úo "service_orders" n├úo existe
psql:C:/unificard/backend/migrations/0610_service_orders.sql:168: ERRO:  rela├º├úo "service_orders" n├úo existe
psql:C:/unificard/backend/migrations/0610_service_orders.sql:175: ERRO:  rela├º├úo "service_orders" n├úo existe
psql:C:/unificard/backend/migrations/0610_service_orders.sql:180: ERRO:  rela├º├úo "service_orders" n├úo existe
psql:C:/unificard/backend/migrations/0610_service_orders.sql:181: ERRO:  rela├º├úo "service_orders" n├úo existe
psql:C:/unificard/backend/migrations/0610_service_orders.sql:182: ERRO:  rela├º├úo "service_orders" n├úo existe
psql:C:/unificard/backend/migrations/0610_service_orders.sql:183: ERRO:  rela├º├úo "service_orders" n├úo existe
psql:C:/unificard/backend/migrations/0610_service_orders.sql:184: ERRO:  rela├º├úo "service_orders" n├úo existe
psql:C:/unificard/backend/migrations/0610_service_orders.sql:185: ERRO:  rela├º├úo "service_orders" n├úo existe
OK: 0610_service_orders.sql
BEGIN
psql:C:/unificard/backend/migrations/0611_add_decision_id_to_service_orders.sql:20: ERRO:  rela├º├úo "service_orders" n├úo existe
psql:C:/unificard/backend/migrations/0611_add_decision_id_to_service_orders.sql:25: ERRO:  transa├º├úo atual foi interrompida, comandos ignorados at├® o fim do bloco de transa├º├úo
ROLLBACK
psql:C:/unificard/backend/migrations/0611_add_decision_id_to_service_orders.sql:29: ERRO:  transa├º├úo atual foi interrompida, comandos ignorados at├® o fim do bloco de transa├º├úo
OK: 0611_add_decision_id_to_service_orders.sql
DO
psql:C:/unificard/backend/migrations/0612_pdv_sessions.sql:56: ERRO:  coluna "tenant_id" referenciada na restri├º├úo de chave estrangeira n├úo existe
psql:C:/unificard/backend/migrations/0612_pdv_sessions.sql:63: ERRO:  rela├º├úo "pdv_sessions" n├úo existe
psql:C:/unificard/backend/migrations/0612_pdv_sessions.sql:67: ERRO:  rela├º├úo "pdv_sessions" n├úo existe
psql:C:/unificard/backend/migrations/0612_pdv_sessions.sql:72: ERRO:  rela├º├úo "pdv_sessions" n├úo existe
psql:C:/unificard/backend/migrations/0612_pdv_sessions.sql:76: ERRO:  rela├º├úo "pdv_sessions" n├úo existe
psql:C:/unificard/backend/migrations/0612_pdv_sessions.sql:81: ERRO:  rela├º├úo "pdv_sessions" n├úo existe
psql:C:/unificard/backend/migrations/0612_pdv_sessions.sql:84: ERRO:  rela├º├úo "pdv_sessions" n├úo existe
psql:C:/unificard/backend/migrations/0612_pdv_sessions.sql:92: ERRO:  rela├º├úo "pdv_sessions" n├úo existe
psql:C:/unificard/backend/migrations/0612_pdv_sessions.sql:98: ERRO:  rela├º├úo "pdv_sessions" n├úo existe
psql:C:/unificard/backend/migrations/0612_pdv_sessions.sql:101: ERRO:  rela├º├úo "pdv_sessions" n├úo existe
psql:C:/unificard/backend/migrations/0612_pdv_sessions.sql:104: ERRO:  rela├º├úo "pdv_sessions" n├úo existe
psql:C:/unificard/backend/migrations/0612_pdv_sessions.sql:107: ERRO:  rela├º├úo "pdv_sessions" n├úo existe
OK: 0612_pdv_sessions.sql
DO
DO
psql:C:/unificard/backend/migrations/0613_inventory_reservations.sql:77: ERRO:  coluna "tenant_id" referenciada na restri├º├úo de chave estrangeira n├úo existe
psql:C:/unificard/backend/migrations/0613_inventory_reservations.sql:84: ERRO:  rela├º├úo "inventory_reservations" n├úo existe
psql:C:/unificard/backend/migrations/0613_inventory_reservations.sql:88: ERRO:  rela├º├úo "inventory_reservations" n├úo existe
psql:C:/unificard/backend/migrations/0613_inventory_reservations.sql:92: ERRO:  rela├º├úo "inventory_reservations" n├úo existe
psql:C:/unificard/backend/migrations/0613_inventory_reservations.sql:97: ERRO:  rela├º├úo "inventory_reservations" n├úo existe
psql:C:/unificard/backend/migrations/0613_inventory_reservations.sql:102: ERRO:  rela├º├úo "inventory_reservations" n├úo existe
psql:C:/unificard/backend/migrations/0613_inventory_reservations.sql:107: ERRO:  rela├º├úo "inventory_reservations" n├úo existe
psql:C:/unificard/backend/migrations/0613_inventory_reservations.sql:110: ERRO:  rela├º├úo "inventory_reservations" n├úo existe
psql:C:/unificard/backend/migrations/0613_inventory_reservations.sql:118: ERRO:  rela├º├úo "inventory_reservations" n├úo existe
psql:C:/unificard/backend/migrations/0613_inventory_reservations.sql:135: ERRO:  rela├º├úo "inventory_reservations" n├úo existe
CREATE FUNCTION
psql:C:/unificard/backend/migrations/0613_inventory_reservations.sql:141: ERRO:  rela├º├úo "inventory_reservations" n├úo existe
psql:C:/unificard/backend/migrations/0613_inventory_reservations.sql:144: ERRO:  rela├º├úo "inventory_reservations" n├úo existe
psql:C:/unificard/backend/migrations/0613_inventory_reservations.sql:147: ERRO:  rela├º├úo "inventory_reservations" n├úo existe
psql:C:/unificard/backend/migrations/0613_inventory_reservations.sql:150: ERRO:  rela├º├úo "inventory_reservations" n├úo existe
psql:C:/unificard/backend/migrations/0613_inventory_reservations.sql:153: ERRO:  rela├º├úo "inventory_reservations" n├úo existe
psql:C:/unificard/backend/migrations/0613_inventory_reservations.sql:156: ERRO:  rela├º├úo "inventory_reservations" n├úo existe
OK: 0613_inventory_reservations.sql
DO
psql:C:/unificard/backend/migrations/0614_suppliers.sql:80: ERRO:  coluna "tenant_id" referenciada na restri├º├úo de chave estrangeira n├úo existe
psql:C:/unificard/backend/migrations/0614_suppliers.sql:87: ERRO:  rela├º├úo "suppliers" n├úo existe
psql:C:/unificard/backend/migrations/0614_suppliers.sql:91: ERRO:  rela├º├úo "suppliers" n├úo existe
psql:C:/unificard/backend/migrations/0614_suppliers.sql:95: ERRO:  rela├º├úo "suppliers" n├úo existe
psql:C:/unificard/backend/migrations/0614_suppliers.sql:100: ERRO:  rela├º├úo "suppliers" n├úo existe
psql:C:/unificard/backend/migrations/0614_suppliers.sql:105: ERRO:  rela├º├úo "suppliers" n├úo existe
psql:C:/unificard/backend/migrations/0614_suppliers.sql:111: ERRO:  rela├º├úo "suppliers" n├úo existe
CREATE FUNCTION
psql:C:/unificard/backend/migrations/0614_suppliers.sql:128: ERRO:  rela├º├úo "suppliers" n├úo existe
psql:C:/unificard/backend/migrations/0614_suppliers.sql:133: ERRO:  rela├º├úo "suppliers" n├úo existe
psql:C:/unificard/backend/migrations/0614_suppliers.sql:134: ERRO:  rela├º├úo "suppliers" n├úo existe
psql:C:/unificard/backend/migrations/0614_suppliers.sql:135: ERRO:  rela├º├úo "suppliers" n├úo existe
OK: 0614_suppliers.sql
DO
psql:C:/unificard/backend/migrations/0615_inventory_movements.sql:77: ERRO:  coluna "tenant_id" referenciada na restri├º├úo de chave estrangeira n├úo existe
psql:C:/unificard/backend/migrations/0615_inventory_movements.sql:84: ERRO:  rela├º├úo "inventory_movements" n├úo existe
psql:C:/unificard/backend/migrations/0615_inventory_movements.sql:88: ERRO:  rela├º├úo "inventory_movements" n├úo existe
psql:C:/unificard/backend/migrations/0615_inventory_movements.sql:92: ERRO:  rela├º├úo "inventory_movements" n├úo existe
psql:C:/unificard/backend/migrations/0615_inventory_movements.sql:97: ERRO:  rela├º├úo "inventory_movements" n├úo existe
psql:C:/unificard/backend/migrations/0615_inventory_movements.sql:102: ERRO:  rela├º├úo "inventory_movements" n├úo existe
psql:C:/unificard/backend/migrations/0615_inventory_movements.sql:105: ERRO:  rela├º├úo "inventory_movements" n├úo existe
CREATE FUNCTION
psql:C:/unificard/backend/migrations/0615_inventory_movements.sql:121: ERRO:  rela├º├úo "inventory_movements" n├úo existe
psql:C:/unificard/backend/migrations/0615_inventory_movements.sql:127: ERRO:  rela├º├úo "inventory_movements" n├úo existe
psql:C:/unificard/backend/migrations/0615_inventory_movements.sql:133: ERRO:  rela├º├úo "inventory_movements" n├úo existe
psql:C:/unificard/backend/migrations/0615_inventory_movements.sql:136: ERRO:  rela├º├úo "inventory_movements" n├úo existe
psql:C:/unificard/backend/migrations/0615_inventory_movements.sql:139: ERRO:  rela├º├úo "inventory_movements" n├úo existe
psql:C:/unificard/backend/migrations/0615_inventory_movements.sql:142: ERRO:  rela├º├úo "inventory_movements" n├úo existe
psql:C:/unificard/backend/migrations/0615_inventory_movements.sql:145: ERRO:  rela├º├úo "inventory_movements" n├úo existe
psql:C:/unificard/backend/migrations/0615_inventory_movements.sql:148: ERRO:  rela├º├úo "inventory_movements" n├úo existe
psql:C:/unificard/backend/migrations/0615_inventory_movements.sql:151: ERRO:  rela├º├úo "inventory_movements" n├úo existe
OK: 0615_inventory_movements.sql
psql:C:/unificard/backend/migrations/0616_inventory_balances.sql:38: ERRO:  rela├º├úo "product_variants" n├úo existe
psql:C:/unificard/backend/migrations/0616_inventory_balances.sql:45: ERRO:  rela├º├úo "inventory_balances" n├úo existe
psql:C:/unificard/backend/migrations/0616_inventory_balances.sql:50: ERRO:  rela├º├úo "inventory_balances" n├úo existe
psql:C:/unificard/backend/migrations/0616_inventory_balances.sql:53: ERRO:  rela├º├úo "inventory_balances" n├úo existe
psql:C:/unificard/backend/migrations/0616_inventory_balances.sql:59: ERRO:  rela├º├úo "inventory_balances" n├úo existe
psql:C:/unificard/backend/migrations/0616_inventory_balances.sql:62: ERRO:  rela├º├úo "inventory_balances" n├úo existe
psql:C:/unificard/backend/migrations/0616_inventory_balances.sql:65: ERRO:  rela├º├úo "inventory_balances" n├úo existe
OK: 0616_inventory_balances.sql
psql:C:/unificard/backend/migrations/0617_inventory_lots.sql:49: ERRO:  coluna "tenant_id" referenciada na restri├º├úo de chave estrangeira n├úo existe
psql:C:/unificard/backend/migrations/0617_inventory_lots.sql:56: ERRO:  rela├º├úo "inventory_lots" n├úo existe
psql:C:/unificard/backend/migrations/0617_inventory_lots.sql:60: ERRO:  rela├º├úo "inventory_lots" n├úo existe
psql:C:/unificard/backend/migrations/0617_inventory_lots.sql:64: ERRO:  rela├º├úo "inventory_lots" n├úo existe
psql:C:/unificard/backend/migrations/0617_inventory_lots.sql:69: ERRO:  rela├º├úo "inventory_lots" n├úo existe
psql:C:/unificard/backend/migrations/0617_inventory_lots.sql:74: ERRO:  rela├º├úo "inventory_lots" n├úo existe
psql:C:/unificard/backend/migrations/0617_inventory_lots.sql:77: ERRO:  rela├º├úo "inventory_lots" n├úo existe
psql:C:/unificard/backend/migrations/0617_inventory_lots.sql:83: ERRO:  rela├º├úo "inventory_lots" n├úo existe
psql:C:/unificard/backend/migrations/0617_inventory_lots.sql:86: ERRO:  rela├º├úo "inventory_lots" n├úo existe
psql:C:/unificard/backend/migrations/0617_inventory_lots.sql:89: ERRO:  rela├º├úo "inventory_lots" n├úo existe
psql:C:/unificard/backend/migrations/0617_inventory_lots.sql:92: ERRO:  rela├º├úo "inventory_lots" n├úo existe
psql:C:/unificard/backend/migrations/0617_inventory_lots.sql:95: ERRO:  rela├º├úo "inventory_lots" n├úo existe
OK: 0617_inventory_lots.sql
psql:C:/unificard/backend/migrations/0618_add_lot_to_inventory_movements.sql:23: ERRO:  rela├º├úo "inventory_movements" n├úo existe
psql:C:/unificard/backend/migrations/0618_add_lot_to_inventory_movements.sql:30: ERRO:  rela├º├úo "inventory_movements" n├úo existe
CREATE FUNCTION
psql:C:/unificard/backend/migrations/0618_add_lot_to_inventory_movements.sql:70: ERRO:  rela├º├úo "inventory_movements" n├úo existe
CONTEXTO:  comando SQL "CREATE TRIGGER trigger_validate_movement_lot_variant

            BEFORE INSERT OR UPDATE OF inventory_lot_id ON inventory_movements

            FOR EACH ROW

            EXECUTE FUNCTION validate_movement_lot_variant()"
fun├º├úo PL/pgSQL inline_code_block linha 7 em comando SQL
psql:C:/unificard/backend/migrations/0618_add_lot_to_inventory_movements.sql:76: ERRO:  rela├º├úo "inventory_movements" n├úo existe
OK: 0618_add_lot_to_inventory_movements.sql
DO
DO
psql:C:/unificard/backend/migrations/0619_inventory_adjustments.sql:92: ERRO:  coluna "tenant_id" referenciada na restri├º├úo de chave estrangeira n├úo existe
psql:C:/unificard/backend/migrations/0619_inventory_adjustments.sql:99: ERRO:  rela├º├úo "inventory_adjustments" n├úo existe
psql:C:/unificard/backend/migrations/0619_inventory_adjustments.sql:103: ERRO:  rela├º├úo "inventory_adjustments" n├úo existe
psql:C:/unificard/backend/migrations/0619_inventory_adjustments.sql:107: ERRO:  rela├º├úo "inventory_adjustments" n├úo existe
psql:C:/unificard/backend/migrations/0619_inventory_adjustments.sql:111: ERRO:  rela├º├úo "inventory_adjustments" n├úo existe
psql:C:/unificard/backend/migrations/0619_inventory_adjustments.sql:116: ERRO:  rela├º├úo "inventory_adjustments" n├úo existe
psql:C:/unificard/backend/migrations/0619_inventory_adjustments.sql:120: ERRO:  rela├º├úo "inventory_adjustments" n├úo existe
psql:C:/unificard/backend/migrations/0619_inventory_adjustments.sql:125: ERRO:  rela├º├úo "inventory_adjustments" n├úo existe
psql:C:/unificard/backend/migrations/0619_inventory_adjustments.sql:128: ERRO:  rela├º├úo "inventory_adjustments" n├úo existe
CREATE FUNCTION
psql:C:/unificard/backend/migrations/0619_inventory_adjustments.sql:143: ERRO:  rela├º├úo "inventory_adjustments" n├úo existe
psql:C:/unificard/backend/migrations/0619_inventory_adjustments.sql:149: ERRO:  rela├º├úo "inventory_adjustments" n├úo existe
psql:C:/unificard/backend/migrations/0619_inventory_adjustments.sql:152: ERRO:  rela├º├úo "inventory_adjustments" n├úo existe
psql:C:/unificard/backend/migrations/0619_inventory_adjustments.sql:155: ERRO:  rela├º├úo "inventory_adjustments" n├úo existe
psql:C:/unificard/backend/migrations/0619_inventory_adjustments.sql:158: ERRO:  rela├º├úo "inventory_adjustments" n├úo existe
psql:C:/unificard/backend/migrations/0619_inventory_adjustments.sql:161: ERRO:  rela├º├úo "inventory_adjustments" n├úo existe
psql:C:/unificard/backend/migrations/0619_inventory_adjustments.sql:164: ERRO:  rela├º├úo "inventory_adjustments" n├úo existe
psql:C:/unificard/backend/migrations/0619_inventory_adjustments.sql:167: ERRO:  rela├º├úo "inventory_adjustments" n├úo existe
OK: 0619_inventory_adjustments.sql
DO
psql:C:/unificard/backend/migrations/0620_orders.sql:62: ERRO:  coluna "tenant_id" referenciada na restri├º├úo de chave estrangeira n├úo existe
psql:C:/unificard/backend/migrations/0620_orders.sql:69: ERRO:  rela├º├úo "orders" n├úo existe
psql:C:/unificard/backend/migrations/0620_orders.sql:73: ERRO:  rela├º├úo "orders" n├úo existe
psql:C:/unificard/backend/migrations/0620_orders.sql:77: ERRO:  rela├º├úo "orders" n├úo existe
psql:C:/unificard/backend/migrations/0620_orders.sql:81: ERRO:  rela├º├úo "orders" n├úo existe
psql:C:/unificard/backend/migrations/0620_orders.sql:85: ERRO:  rela├º├úo "orders" n├úo existe
psql:C:/unificard/backend/migrations/0620_orders.sql:90: ERRO:  rela├º├úo "orders" n├úo existe
psql:C:/unificard/backend/migrations/0620_orders.sql:93: ERRO:  rela├º├úo "orders" n├úo existe
CREATE FUNCTION
psql:C:/unificard/backend/migrations/0620_orders.sql:109: ERRO:  rela├º├úo "orders" n├úo existe
psql:C:/unificard/backend/migrations/0620_orders.sql:115: ERRO:  rela├º├úo "orders" n├úo existe
psql:C:/unificard/backend/migrations/0620_orders.sql:118: ERRO:  rela├º├úo "orders" n├úo existe
psql:C:/unificard/backend/migrations/0620_orders.sql:121: ERRO:  rela├º├úo "orders" n├úo existe
psql:C:/unificard/backend/migrations/0620_orders.sql:124: ERRO:  rela├º├úo "orders" n├úo existe
psql:C:/unificard/backend/migrations/0620_orders.sql:127: ERRO:  rela├º├úo "orders" n├úo existe
psql:C:/unificard/backend/migrations/0620_orders.sql:130: ERRO:  rela├º├úo "orders" n├úo existe
OK: 0620_orders.sql
psql:C:/unificard/backend/migrations/0621_order_items.sql:45: ERRO:  rela├º├úo "orders" n├úo existe
psql:C:/unificard/backend/migrations/0621_order_items.sql:52: ERRO:  rela├º├úo "order_items" n├úo existe
psql:C:/unificard/backend/migrations/0621_order_items.sql:56: ERRO:  rela├º├úo "order_items" n├úo existe
psql:C:/unificard/backend/migrations/0621_order_items.sql:60: ERRO:  rela├º├úo "order_items" n├úo existe
psql:C:/unificard/backend/migrations/0621_order_items.sql:67: ERRO:  rela├º├úo "order_items" n├úo existe
psql:C:/unificard/backend/migrations/0621_order_items.sql:77: ERRO:  rela├º├úo "order_items" n├úo existe
psql:C:/unificard/backend/migrations/0621_order_items.sql:83: ERRO:  rela├º├úo "order_items" n├úo existe
psql:C:/unificard/backend/migrations/0621_order_items.sql:86: ERRO:  rela├º├úo "order_items" n├úo existe
psql:C:/unificard/backend/migrations/0621_order_items.sql:89: ERRO:  rela├º├úo "order_items" n├úo existe
psql:C:/unificard/backend/migrations/0621_order_items.sql:92: ERRO:  rela├º├úo "order_items" n├úo existe
psql:C:/unificard/backend/migrations/0621_order_items.sql:95: ERRO:  rela├º├úo "order_items" n├úo existe
OK: 0621_order_items.sql
psql:C:/unificard/backend/migrations/0622_order_status_history.sql:42: ERRO:  rela├º├úo "orders" n├úo existe
psql:C:/unificard/backend/migrations/0622_order_status_history.sql:49: ERRO:  rela├º├úo "order_status_history" n├úo existe
psql:C:/unificard/backend/migrations/0622_order_status_history.sql:53: ERRO:  rela├º├úo "order_status_history" n├úo existe
psql:C:/unificard/backend/migrations/0622_order_status_history.sql:59: ERRO:  rela├º├úo "order_status_history" n├úo existe
psql:C:/unificard/backend/migrations/0622_order_status_history.sql:69: ERRO:  rela├º├úo "order_status_history" n├úo existe
CREATE FUNCTION
psql:C:/unificard/backend/migrations/0622_order_status_history.sql:85: ERRO:  rela├º├úo "order_status_history" n├úo existe
psql:C:/unificard/backend/migrations/0622_order_status_history.sql:91: ERRO:  rela├º├úo "order_status_history" n├úo existe
psql:C:/unificard/backend/migrations/0622_order_status_history.sql:97: ERRO:  rela├º├úo "order_status_history" n├úo existe
psql:C:/unificard/backend/migrations/0622_order_status_history.sql:100: ERRO:  rela├º├úo "order_status_history" n├úo existe
psql:C:/unificard/backend/migrations/0622_order_status_history.sql:103: ERRO:  rela├º├úo "order_status_history" n├úo existe
psql:C:/unificard/backend/migrations/0622_order_status_history.sql:106: ERRO:  rela├º├úo "order_status_history" n├úo existe
psql:C:/unificard/backend/migrations/0622_order_status_history.sql:109: ERRO:  rela├º├úo "order_status_history" n├úo existe
OK: 0622_order_status_history.sql
DO
psql:C:/unificard/backend/migrations/0623_purchase_orders.sql:98: ERRO:  coluna "tenant_id" referenciada na restri├º├úo de chave estrangeira n├úo existe
psql:C:/unificard/backend/migrations/0623_purchase_orders.sql:105: ERRO:  rela├º├úo "purchase_orders" n├úo existe
psql:C:/unificard/backend/migrations/0623_purchase_orders.sql:109: ERRO:  rela├º├úo "purchase_orders" n├úo existe
psql:C:/unificard/backend/migrations/0623_purchase_orders.sql:113: ERRO:  rela├º├úo "purchase_orders" n├úo existe
psql:C:/unificard/backend/migrations/0623_purchase_orders.sql:118: ERRO:  rela├º├úo "purchase_orders" n├úo existe
psql:C:/unificard/backend/migrations/0623_purchase_orders.sql:123: ERRO:  rela├º├úo "purchase_orders" n├úo existe
psql:C:/unificard/backend/migrations/0623_purchase_orders.sql:129: ERRO:  rela├º├úo "purchase_orders" n├úo existe
CREATE FUNCTION
psql:C:/unificard/backend/migrations/0623_purchase_orders.sql:146: ERRO:  rela├º├úo "purchase_orders" n├úo existe
psql:C:/unificard/backend/migrations/0623_purchase_orders.sql:151: ERRO:  rela├º├úo "purchase_orders" n├úo existe
psql:C:/unificard/backend/migrations/0623_purchase_orders.sql:152: ERRO:  rela├º├úo "purchase_orders" n├úo existe
psql:C:/unificard/backend/migrations/0623_purchase_orders.sql:153: ERRO:  rela├º├úo "purchase_orders" n├úo existe
OK: 0623_purchase_orders.sql
psql:C:/unificard/backend/migrations/0624_purchase_order_items.sql:69: ERRO:  coluna "tenant_id" referenciada na restri├º├úo de chave estrangeira n├úo existe
psql:C:/unificard/backend/migrations/0624_purchase_order_items.sql:76: ERRO:  rela├º├úo "purchase_order_items" n├úo existe
psql:C:/unificard/backend/migrations/0624_purchase_order_items.sql:80: ERRO:  rela├º├úo "purchase_order_items" n├úo existe
psql:C:/unificard/backend/migrations/0624_purchase_order_items.sql:84: ERRO:  rela├º├úo "purchase_order_items" n├úo existe
psql:C:/unificard/backend/migrations/0624_purchase_order_items.sql:89: ERRO:  rela├º├úo "purchase_order_items" n├úo existe
psql:C:/unificard/backend/migrations/0624_purchase_order_items.sql:95: ERRO:  rela├º├úo "purchase_order_items" n├úo existe
CREATE FUNCTION
psql:C:/unificard/backend/migrations/0624_purchase_order_items.sql:112: ERRO:  rela├º├úo "purchase_order_items" n├úo existe
psql:C:/unificard/backend/migrations/0624_purchase_order_items.sql:117: ERRO:  rela├º├úo "purchase_order_items" n├úo existe
psql:C:/unificard/backend/migrations/0624_purchase_order_items.sql:118: ERRO:  rela├º├úo "purchase_order_items" n├úo existe
psql:C:/unificard/backend/migrations/0624_purchase_order_items.sql:119: ERRO:  rela├º├úo "purchase_order_items" n├úo existe
OK: 0624_purchase_order_items.sql
DO
DO
DO
psql:C:/unificard/backend/migrations/0625_fulfillment_orders.sql:93: ERRO:  coluna "tenant_id" referenciada na restri├º├úo de chave estrangeira n├úo existe
psql:C:/unificard/backend/migrations/0625_fulfillment_orders.sql:127: ERRO:  coluna "tenant_id" referenciada na restri├º├úo de chave estrangeira n├úo existe
psql:C:/unificard/backend/migrations/0625_fulfillment_orders.sql:134: ERRO:  rela├º├úo "fulfillment_orders" n├úo existe
psql:C:/unificard/backend/migrations/0625_fulfillment_orders.sql:138: ERRO:  rela├º├úo "fulfillment_orders" n├úo existe
psql:C:/unificard/backend/migrations/0625_fulfillment_orders.sql:142: ERRO:  rela├º├úo "fulfillment_orders" n├úo existe
psql:C:/unificard/backend/migrations/0625_fulfillment_orders.sql:146: ERRO:  rela├º├úo "fulfillment_orders" n├úo existe
psql:C:/unificard/backend/migrations/0625_fulfillment_orders.sql:150: ERRO:  rela├º├úo "fulfillment_items" n├úo existe
psql:C:/unificard/backend/migrations/0625_fulfillment_orders.sql:154: ERRO:  rela├º├úo "fulfillment_items" n├úo existe
psql:C:/unificard/backend/migrations/0625_fulfillment_orders.sql:159: ERRO:  rela├º├úo "fulfillment_items" n├úo existe
psql:C:/unificard/backend/migrations/0625_fulfillment_orders.sql:164: ERRO:  rela├º├úo "fulfillment_orders" n├úo existe
psql:C:/unificard/backend/migrations/0625_fulfillment_orders.sql:165: ERRO:  rela├º├úo "fulfillment_items" n├úo existe
psql:C:/unificard/backend/migrations/0625_fulfillment_orders.sql:168: ERRO:  rela├º├úo "fulfillment_orders" n├úo existe
psql:C:/unificard/backend/migrations/0625_fulfillment_orders.sql:171: ERRO:  rela├º├úo "fulfillment_items" n├úo existe
psql:C:/unificard/backend/migrations/0625_fulfillment_orders.sql:179: ERRO:  rela├º├úo "fulfillment_orders" n├úo existe
CREATE FUNCTION
psql:C:/unificard/backend/migrations/0625_fulfillment_orders.sql:194: ERRO:  rela├º├úo "fulfillment_orders" n├úo existe
psql:C:/unificard/backend/migrations/0625_fulfillment_orders.sql:199: ERRO:  rela├º├úo "fulfillment_items" n├úo existe
psql:C:/unificard/backend/migrations/0625_fulfillment_orders.sql:205: ERRO:  rela├º├úo "fulfillment_orders" n├úo existe
psql:C:/unificard/backend/migrations/0625_fulfillment_orders.sql:208: ERRO:  rela├º├úo "fulfillment_orders" n├úo existe
psql:C:/unificard/backend/migrations/0625_fulfillment_orders.sql:211: ERRO:  rela├º├úo "fulfillment_orders" n├úo existe
psql:C:/unificard/backend/migrations/0625_fulfillment_orders.sql:214: ERRO:  rela├º├úo "fulfillment_orders" n├úo existe
psql:C:/unificard/backend/migrations/0625_fulfillment_orders.sql:217: ERRO:  rela├º├úo "fulfillment_orders" n├úo existe
psql:C:/unificard/backend/migrations/0625_fulfillment_orders.sql:220: ERRO:  rela├º├úo "fulfillment_orders" n├úo existe
psql:C:/unificard/backend/migrations/0625_fulfillment_orders.sql:223: ERRO:  rela├º├úo "fulfillment_items" n├úo existe
psql:C:/unificard/backend/migrations/0625_fulfillment_orders.sql:226: ERRO:  rela├º├úo "fulfillment_items" n├úo existe
psql:C:/unificard/backend/migrations/0625_fulfillment_orders.sql:229: ERRO:  rela├º├úo "fulfillment_items" n├úo existe
OK: 0625_fulfillment_orders.sql
DO
DO
psql:C:/unificard/backend/migrations/0626_stock_transfers.sql:85: ERRO:  coluna "tenant_id" referenciada na restri├º├úo de chave estrangeira n├úo existe
psql:C:/unificard/backend/migrations/0626_stock_transfers.sql:119: ERRO:  coluna "tenant_id" referenciada na restri├º├úo de chave estrangeira n├úo existe
psql:C:/unificard/backend/migrations/0626_stock_transfers.sql:126: ERRO:  rela├º├úo "stock_transfers" n├úo existe
psql:C:/unificard/backend/migrations/0626_stock_transfers.sql:130: ERRO:  rela├º├úo "stock_transfers" n├úo existe
psql:C:/unificard/backend/migrations/0626_stock_transfers.sql:134: ERRO:  rela├º├úo "stock_transfers" n├úo existe
psql:C:/unificard/backend/migrations/0626_stock_transfers.sql:138: ERRO:  rela├º├úo "stock_transfers" n├úo existe
psql:C:/unificard/backend/migrations/0626_stock_transfers.sql:142: ERRO:  rela├º├úo "stock_transfers" n├úo existe
psql:C:/unificard/backend/migrations/0626_stock_transfers.sql:146: ERRO:  rela├º├úo "stock_transfer_items" n├úo existe
psql:C:/unificard/backend/migrations/0626_stock_transfers.sql:150: ERRO:  rela├º├úo "stock_transfer_items" n├úo existe
psql:C:/unificard/backend/migrations/0626_stock_transfers.sql:155: ERRO:  rela├º├úo "stock_transfer_items" n├úo existe
psql:C:/unificard/backend/migrations/0626_stock_transfers.sql:160: ERRO:  rela├º├úo "stock_transfers" n├úo existe
psql:C:/unificard/backend/migrations/0626_stock_transfers.sql:161: ERRO:  rela├º├úo "stock_transfer_items" n├úo existe
psql:C:/unificard/backend/migrations/0626_stock_transfers.sql:164: ERRO:  rela├º├úo "stock_transfers" n├úo existe
psql:C:/unificard/backend/migrations/0626_stock_transfers.sql:167: ERRO:  rela├º├úo "stock_transfer_items" n├úo existe
psql:C:/unificard/backend/migrations/0626_stock_transfers.sql:175: ERRO:  rela├º├úo "stock_transfers" n├úo existe
CREATE FUNCTION
psql:C:/unificard/backend/migrations/0626_stock_transfers.sql:190: ERRO:  rela├º├úo "stock_transfers" n├úo existe
psql:C:/unificard/backend/migrations/0626_stock_transfers.sql:195: ERRO:  rela├º├úo "stock_transfer_items" n├úo existe
psql:C:/unificard/backend/migrations/0626_stock_transfers.sql:201: ERRO:  rela├º├úo "stock_transfers" n├úo existe
psql:C:/unificard/backend/migrations/0626_stock_transfers.sql:204: ERRO:  rela├º├úo "stock_transfers" n├úo existe
psql:C:/unificard/backend/migrations/0626_stock_transfers.sql:207: ERRO:  rela├º├úo "stock_transfers" n├úo existe
psql:C:/unificard/backend/migrations/0626_stock_transfers.sql:210: ERRO:  rela├º├úo "stock_transfers" n├úo existe
psql:C:/unificard/backend/migrations/0626_stock_transfers.sql:213: ERRO:  rela├º├úo "stock_transfers" n├úo existe
psql:C:/unificard/backend/migrations/0626_stock_transfers.sql:216: ERRO:  rela├º├úo "stock_transfers" n├úo existe
psql:C:/unificard/backend/migrations/0626_stock_transfers.sql:219: ERRO:  rela├º├úo "stock_transfer_items" n├úo existe
psql:C:/unificard/backend/migrations/0626_stock_transfers.sql:222: ERRO:  rela├º├úo "stock_transfer_items" n├úo existe
psql:C:/unificard/backend/migrations/0626_stock_transfers.sql:225: ERRO:  rela├º├úo "stock_transfer_items" n├úo existe
OK: 0626_stock_transfers.sql
DO
DO
psql:C:/unificard/backend/migrations/0627_stock_transfer_receipts.sql:84: ERRO:  coluna "tenant_id" referenciada na restri├º├úo de chave estrangeira n├úo existe
psql:C:/unificard/backend/migrations/0627_stock_transfer_receipts.sql:118: ERRO:  coluna "tenant_id" referenciada na restri├º├úo de chave estrangeira n├úo existe
psql:C:/unificard/backend/migrations/0627_stock_transfer_receipts.sql:125: ERRO:  rela├º├úo "stock_transfer_receipts" n├úo existe
psql:C:/unificard/backend/migrations/0627_stock_transfer_receipts.sql:129: ERRO:  rela├º├úo "stock_transfer_receipts" n├úo existe
psql:C:/unificard/backend/migrations/0627_stock_transfer_receipts.sql:133: ERRO:  rela├º├úo "stock_transfer_receipts" n├úo existe
psql:C:/unificard/backend/migrations/0627_stock_transfer_receipts.sql:137: ERRO:  rela├º├úo "stock_transfer_receipt_items" n├úo existe
psql:C:/unificard/backend/migrations/0627_stock_transfer_receipts.sql:141: ERRO:  rela├º├úo "stock_transfer_receipt_items" n├úo existe
psql:C:/unificard/backend/migrations/0627_stock_transfer_receipts.sql:146: ERRO:  rela├º├úo "stock_transfer_receipts" n├úo existe
psql:C:/unificard/backend/migrations/0627_stock_transfer_receipts.sql:147: ERRO:  rela├º├úo "stock_transfer_receipt_items" n├úo existe
psql:C:/unificard/backend/migrations/0627_stock_transfer_receipts.sql:150: ERRO:  rela├º├úo "stock_transfer_receipts" n├úo existe
psql:C:/unificard/backend/migrations/0627_stock_transfer_receipts.sql:153: ERRO:  rela├º├úo "stock_transfer_receipt_items" n├úo existe
CREATE FUNCTION
psql:C:/unificard/backend/migrations/0627_stock_transfer_receipts.sql:168: ERRO:  rela├º├úo "stock_transfer_receipts" n├úo existe
psql:C:/unificard/backend/migrations/0627_stock_transfer_receipts.sql:173: ERRO:  rela├º├úo "stock_transfer_receipt_items" n├úo existe
psql:C:/unificard/backend/migrations/0627_stock_transfer_receipts.sql:179: ERRO:  rela├º├úo "stock_transfer_receipts" n├úo existe
psql:C:/unificard/backend/migrations/0627_stock_transfer_receipts.sql:182: ERRO:  rela├º├úo "stock_transfer_receipts" n├úo existe
psql:C:/unificard/backend/migrations/0627_stock_transfer_receipts.sql:185: ERRO:  rela├º├úo "stock_transfer_receipts" n├úo existe
psql:C:/unificard/backend/migrations/0627_stock_transfer_receipts.sql:188: ERRO:  rela├º├úo "stock_transfer_receipt_items" n├úo existe
psql:C:/unificard/backend/migrations/0627_stock_transfer_receipts.sql:191: ERRO:  rela├º├úo "stock_transfer_receipt_items" n├úo existe
psql:C:/unificard/backend/migrations/0627_stock_transfer_receipts.sql:194: ERRO:  rela├º├úo "stock_transfer_receipt_items" n├úo existe
psql:C:/unificard/backend/migrations/0627_stock_transfer_receipts.sql:197: ERRO:  rela├º├úo "stock_transfer_receipt_items" n├úo existe
OK: 0627_stock_transfer_receipts.sql
DO
DO
DO
psql:C:/unificard/backend/migrations/0628_fiscal_provider_attempts.sql:91: ERRO:  coluna "tenant_id" referenciada na restri├º├úo de chave estrangeira n├úo existe
psql:C:/unificard/backend/migrations/0628_fiscal_provider_attempts.sql:98: ERRO:  rela├º├úo "fiscal_provider_attempts" n├úo existe
psql:C:/unificard/backend/migrations/0628_fiscal_provider_attempts.sql:102: ERRO:  rela├º├úo "fiscal_provider_attempts" n├úo existe
psql:C:/unificard/backend/migrations/0628_fiscal_provider_attempts.sql:106: ERRO:  rela├º├úo "fiscal_provider_attempts" n├úo existe
psql:C:/unificard/backend/migrations/0628_fiscal_provider_attempts.sql:110: ERRO:  rela├º├úo "fiscal_provider_attempts" n├úo existe
psql:C:/unificard/backend/migrations/0628_fiscal_provider_attempts.sql:115: ERRO:  rela├º├úo "fiscal_provider_attempts" n├úo existe
psql:C:/unificard/backend/migrations/0628_fiscal_provider_attempts.sql:118: ERRO:  rela├º├úo "fiscal_provider_attempts" n├úo existe
CREATE FUNCTION
psql:C:/unificard/backend/migrations/0628_fiscal_provider_attempts.sql:134: ERRO:  rela├º├úo "fiscal_provider_attempts" n├úo existe
psql:C:/unificard/backend/migrations/0628_fiscal_provider_attempts.sql:140: ERRO:  rela├º├úo "fiscal_provider_attempts" n├úo existe
psql:C:/unificard/backend/migrations/0628_fiscal_provider_attempts.sql:146: ERRO:  rela├º├úo "fiscal_provider_attempts" n├úo existe
psql:C:/unificard/backend/migrations/0628_fiscal_provider_attempts.sql:149: ERRO:  rela├º├úo "fiscal_provider_attempts" n├úo existe
psql:C:/unificard/backend/migrations/0628_fiscal_provider_attempts.sql:152: ERRO:  rela├º├úo "fiscal_provider_attempts" n├úo existe
psql:C:/unificard/backend/migrations/0628_fiscal_provider_attempts.sql:155: ERRO:  rela├º├úo "fiscal_provider_attempts" n├úo existe
psql:C:/unificard/backend/migrations/0628_fiscal_provider_attempts.sql:158: ERRO:  rela├º├úo "fiscal_provider_attempts" n├úo existe
psql:C:/unificard/backend/migrations/0628_fiscal_provider_attempts.sql:161: ERRO:  rela├º├úo "fiscal_provider_attempts" n├úo existe
psql:C:/unificard/backend/migrations/0628_fiscal_provider_attempts.sql:164: ERRO:  rela├º├úo "fiscal_provider_attempts" n├úo existe
OK: 0628_fiscal_provider_attempts.sql
BEGIN
CREATE EXTENSION
psql:C:/unificard/backend/migrations/0630_unifywork_core.sql:28: NOTA:  extens├úo "uuid-ossp" j├í existe, ignorando
CREATE EXTENSION
psql:C:/unificard/backend/migrations/0630_unifywork_core.sql:29: NOTA:  extens├úo "postgis" j├í existe, ignorando
psql:C:/unificard/backend/migrations/0630_unifywork_core.sql:62: ERRO:  rela├º├úo "workers" j├í existe
psql:C:/unificard/backend/migrations/0630_unifywork_core.sql:64: ERRO:  transa├º├úo atual foi interrompida, comandos ignorados at├® o fim do bloco de transa├º├úo
psql:C:/unificard/backend/migrations/0630_unifywork_core.sql:65: ERRO:  transa├º├úo atual foi interrompida, comandos ignorados at├® o fim do bloco de transa├º├úo
psql:C:/unificard/backend/migrations/0630_unifywork_core.sql:66: ERRO:  transa├º├úo atual foi interrompida, comandos ignorados at├® o fim do bloco de transa├º├úo
psql:C:/unificard/backend/migrations/0630_unifywork_core.sql:67: ERRO:  transa├º├úo atual foi interrompida, comandos ignorados at├® o fim do bloco de transa├º├úo
psql:C:/unificard/backend/migrations/0630_unifywork_core.sql:68: ERRO:  transa├º├úo atual foi interrompida, comandos ignorados at├® o fim do bloco de transa├º├úo
psql:C:/unificard/backend/migrations/0630_unifywork_core.sql:70: ERRO:  transa├º├úo atual foi interrompida, comandos ignorados at├® o fim do bloco de transa├º├úo
psql:C:/unificard/backend/migrations/0630_unifywork_core.sql:87: ERRO:  transa├º├úo atual foi interrompida, comandos ignorados at├® o fim do bloco de transa├º├úo
psql:C:/unificard/backend/migrations/0630_unifywork_core.sql:89: ERRO:  transa├º├úo atual foi interrompida, comandos ignorados at├® o fim do bloco de transa├º├úo
psql:C:/unificard/backend/migrations/0630_unifywork_core.sql:90: ERRO:  transa├º├úo atual foi interrompida, comandos ignorados at├® o fim do bloco de transa├º├úo
psql:C:/unificard/backend/migrations/0630_unifywork_core.sql:92: ERRO:  transa├º├úo atual foi interrompida, comandos ignorados at├® o fim do bloco de transa├º├úo
psql:C:/unificard/backend/migrations/0630_unifywork_core.sql:112: ERRO:  transa├º├úo atual foi interrompida, comandos ignorados at├® o fim do bloco de transa├º├úo
psql:C:/unificard/backend/migrations/0630_unifywork_core.sql:114: ERRO:  transa├º├úo atual foi interrompida, comandos ignorados at├® o fim do bloco de transa├º├úo
psql:C:/unificard/backend/migrations/0630_unifywork_core.sql:115: ERRO:  transa├º├úo atual foi interrompida, comandos ignorados at├® o fim do bloco de transa├º├úo
psql:C:/unificard/backend/migrations/0630_unifywork_core.sql:117: ERRO:  transa├º├úo atual foi interrompida, comandos ignorados at├® o fim do bloco de transa├º├úo
psql:C:/unificard/backend/migrations/0630_unifywork_core.sql:119: ERRO:  transa├º├úo atual foi interrompida, comandos ignorados at├® o fim do bloco de transa├º├úo
psql:C:/unificard/backend/migrations/0630_unifywork_core.sql:165: ERRO:  transa├º├úo atual foi interrompida, comandos ignorados at├® o fim do bloco de transa├º├úo
psql:C:/unificard/backend/migrations/0630_unifywork_core.sql:167: ERRO:  transa├º├úo atual foi interrompida, comandos ignorados at├® o fim do bloco de transa├º├úo
psql:C:/unificard/backend/migrations/0630_unifywork_core.sql:168: ERRO:  transa├º├úo atual foi interrompida, comandos ignorados at├® o fim do bloco de transa├º├úo
psql:C:/unificard/backend/migrations/0630_unifywork_core.sql:169: ERRO:  transa├º├úo atual foi interrompida, comandos ignorados at├® o fim do bloco de transa├º├úo
psql:C:/unificard/backend/migrations/0630_unifywork_core.sql:170: ERRO:  transa├º├úo atual foi interrompida, comandos ignorados at├® o fim do bloco de transa├º├úo
psql:C:/unificard/backend/migrations/0630_unifywork_core.sql:171: ERRO:  transa├º├úo atual foi interrompida, comandos ignorados at├® o fim do bloco de transa├º├úo
psql:C:/unificard/backend/migrations/0630_unifywork_core.sql:172: ERRO:  transa├º├úo atual foi interrompida, comandos ignorados at├® o fim do bloco de transa├º├úo
psql:C:/unificard/backend/migrations/0630_unifywork_core.sql:174: ERRO:  transa├º├úo atual foi interrompida, comandos ignorados at├® o fim do bloco de transa├º├úo
psql:C:/unificard/backend/migrations/0630_unifywork_core.sql:198: ERRO:  transa├º├úo atual foi interrompida, comandos ignorados at├® o fim do bloco de transa├º├úo
psql:C:/unificard/backend/migrations/0630_unifywork_core.sql:200: ERRO:  transa├º├úo atual foi interrompida, comandos ignorados at├® o fim do bloco de transa├º├úo
psql:C:/unificard/backend/migrations/0630_unifywork_core.sql:201: ERRO:  transa├º├úo atual foi interrompida, comandos ignorados at├® o fim do bloco de transa├º├úo
psql:C:/unificard/backend/migrations/0630_unifywork_core.sql:202: ERRO:  transa├º├úo atual foi interrompida, comandos ignorados at├® o fim do bloco de transa├º├úo
psql:C:/unificard/backend/migrations/0630_unifywork_core.sql:204: ERRO:  transa├º├úo atual foi interrompida, comandos ignorados at├® o fim do bloco de transa├º├úo
psql:C:/unificard/backend/migrations/0630_unifywork_core.sql:239: ERRO:  transa├º├úo atual foi interrompida, comandos ignorados at├® o fim do bloco de transa├º├úo
psql:C:/unificard/backend/migrations/0630_unifywork_core.sql:241: ERRO:  transa├º├úo atual foi interrompida, comandos ignorados at├® o fim do bloco de transa├º├úo
psql:C:/unificard/backend/migrations/0630_unifywork_core.sql:242: ERRO:  transa├º├úo atual foi interrompida, comandos ignorados at├® o fim do bloco de transa├º├úo
psql:C:/unificard/backend/migrations/0630_unifywork_core.sql:243: ERRO:  transa├º├úo atual foi interrompida, comandos ignorados at├® o fim do bloco de transa├º├úo
psql:C:/unificard/backend/migrations/0630_unifywork_core.sql:245: ERRO:  transa├º├úo atual foi interrompida, comandos ignorados at├® o fim do bloco de transa├º├úo
psql:C:/unificard/backend/migrations/0630_unifywork_core.sql:281: ERRO:  transa├º├úo atual foi interrompida, comandos ignorados at├® o fim do bloco de transa├º├úo
psql:C:/unificard/backend/migrations/0630_unifywork_core.sql:283: ERRO:  transa├º├úo atual foi interrompida, comandos ignorados at├® o fim do bloco de transa├º├úo
psql:C:/unificard/backend/migrations/0630_unifywork_core.sql:284: ERRO:  transa├º├úo atual foi interrompida, comandos ignorados at├® o fim do bloco de transa├º├úo
psql:C:/unificard/backend/migrations/0630_unifywork_core.sql:285: ERRO:  transa├º├úo atual foi interrompida, comandos ignorados at├® o fim do bloco de transa├º├úo
psql:C:/unificard/backend/migrations/0630_unifywork_core.sql:287: ERRO:  transa├º├úo atual foi interrompida, comandos ignorados at├® o fim do bloco de transa├º├úo
ROLLBACK
OK: 0630_unifywork_core.sql
BEGIN
ALTER TABLE
DO
ALTER TABLE
DO
ALTER TABLE
DO
ALTER TABLE
DO
ALTER TABLE
DO
ALTER TABLE
DO
ALTER TABLE
DO
COMMIT
OK: 0631_unifywork_rls.sql
BEGIN
CREATE FUNCTION
DROP TRIGGER
CREATE TRIGGER
DROP TRIGGER
CREATE TRIGGER
DROP TRIGGER
CREATE TRIGGER
COMMIT
OK: 0632_unifywork_triggers.sql
BEGIN
CREATE FUNCTION
COMMENT
COMMIT
OK: 0645_unifywork_reputation.sql
psql:C:/unificard/backend/migrations/0655_scheduled_actions.sql:30: ERRO:  tipo "scheduled_action_type" j├í existe
psql:C:/unificard/backend/migrations/0655_scheduled_actions.sql:40: ERRO:  tipo "scheduled_action_status" j├í existe
psql:C:/unificard/backend/migrations/0655_scheduled_actions.sql:83: ERRO:  coluna "tenant_id" referenciada na restri├º├úo de chave estrangeira n├úo existe
psql:C:/unificard/backend/migrations/0655_scheduled_actions.sql:91: ERRO:  rela├º├úo "scheduled_actions" n├úo existe
psql:C:/unificard/backend/migrations/0655_scheduled_actions.sql:95: ERRO:  rela├º├úo "scheduled_actions" n├úo existe
psql:C:/unificard/backend/migrations/0655_scheduled_actions.sql:99: ERRO:  rela├º├úo "scheduled_actions" n├úo existe
psql:C:/unificard/backend/migrations/0655_scheduled_actions.sql:103: ERRO:  rela├º├úo "scheduled_actions" n├úo existe
psql:C:/unificard/backend/migrations/0655_scheduled_actions.sql:108: ERRO:  rela├º├úo "scheduled_actions" n├úo existe
psql:C:/unificard/backend/migrations/0655_scheduled_actions.sql:114: ERRO:  rela├º├úo "scheduled_actions" n├úo existe
CREATE FUNCTION
psql:C:/unificard/backend/migrations/0655_scheduled_actions.sql:131: ERRO:  rela├º├úo "scheduled_actions" n├úo existe
psql:C:/unificard/backend/migrations/0655_scheduled_actions.sql:145: ERRO:  rela├º├úo "scheduled_actions" n├úo existe
psql:C:/unificard/backend/migrations/0655_scheduled_actions.sql:150: ERRO:  rela├º├úo "scheduled_actions" n├úo existe
psql:C:/unificard/backend/migrations/0655_scheduled_actions.sql:151: ERRO:  rela├º├úo "scheduled_actions" n├úo existe
psql:C:/unificard/backend/migrations/0655_scheduled_actions.sql:152: ERRO:  rela├º├úo "scheduled_actions" n├úo existe
psql:C:/unificard/backend/migrations/0655_scheduled_actions.sql:153: ERRO:  rela├º├úo "scheduled_actions" n├úo existe
psql:C:/unificard/backend/migrations/0655_scheduled_actions.sql:154: ERRO:  rela├º├úo "scheduled_actions" n├úo existe
psql:C:/unificard/backend/migrations/0655_scheduled_actions.sql:155: ERRO:  rela├º├úo "scheduled_actions" n├úo existe
psql:C:/unificard/backend/migrations/0655_scheduled_actions.sql:156: ERRO:  rela├º├úo "scheduled_actions" n├úo existe
psql:C:/unificard/backend/migrations/0655_scheduled_actions.sql:157: ERRO:  rela├º├úo "scheduled_actions" n├úo existe
OK: 0655_scheduled_actions.sql
BEGIN
psql:C:/unificard/backend/migrations/0660_service_payment_execution.sql:59: ERRO:  rela├º├úo "service_payment_requests" n├úo existe
psql:C:/unificard/backend/migrations/0660_service_payment_execution.sql:88: ERRO:  transa├º├úo atual foi interrompida, comandos ignorados at├® o fim do bloco de transa├º├úo
psql:C:/unificard/backend/migrations/0660_service_payment_execution.sql:94: ERRO:  transa├º├úo atual foi interrompida, comandos ignorados at├® o fim do bloco de transa├º├úo
psql:C:/unificard/backend/migrations/0660_service_payment_execution.sql:95: ERRO:  transa├º├úo atual foi interrompida, comandos ignorados at├® o fim do bloco de transa├º├úo
psql:C:/unificard/backend/migrations/0660_service_payment_execution.sql:96: ERRO:  transa├º├úo atual foi interrompida, comandos ignorados at├® o fim do bloco de transa├º├úo
psql:C:/unificard/backend/migrations/0660_service_payment_execution.sql:97: ERRO:  transa├º├úo atual foi interrompida, comandos ignorados at├® o fim do bloco de transa├º├úo
psql:C:/unificard/backend/migrations/0660_service_payment_execution.sql:98: ERRO:  transa├º├úo atual foi interrompida, comandos ignorados at├® o fim do bloco de transa├º├úo
psql:C:/unificard/backend/migrations/0660_service_payment_execution.sql:104: ERRO:  transa├º├úo atual foi interrompida, comandos ignorados at├® o fim do bloco de transa├º├úo
psql:C:/unificard/backend/migrations/0660_service_payment_execution.sql:105: ERRO:  transa├º├úo atual foi interrompida, comandos ignorados at├® o fim do bloco de transa├º├úo
psql:C:/unificard/backend/migrations/0660_service_payment_execution.sql:106: ERRO:  transa├º├úo atual foi interrompida, comandos ignorados at├® o fim do bloco de transa├º├úo
psql:C:/unificard/backend/migrations/0660_service_payment_execution.sql:118: ERRO:  transa├º├úo atual foi interrompida, comandos ignorados at├® o fim do bloco de transa├º├úo
psql:C:/unificard/backend/migrations/0660_service_payment_execution.sql:123: ERRO:  transa├º├úo atual foi interrompida, comandos ignorados at├® o fim do bloco de transa├º├úo
psql:C:/unificard/backend/migrations/0660_service_payment_execution.sql:135: ERRO:  transa├º├úo atual foi interrompida, comandos ignorados at├® o fim do bloco de transa├º├úo
psql:C:/unificard/backend/migrations/0660_service_payment_execution.sql:140: ERRO:  transa├º├úo atual foi interrompida, comandos ignorados at├® o fim do bloco de transa├º├úo
psql:C:/unificard/backend/migrations/0660_service_payment_execution.sql:169: ERRO:  transa├º├úo atual foi interrompida, comandos ignorados at├® o fim do bloco de transa├º├úo
psql:C:/unificard/backend/migrations/0660_service_payment_execution.sql:175: ERRO:  transa├º├úo atual foi interrompida, comandos ignorados at├® o fim do bloco de transa├º├úo
psql:C:/unificard/backend/migrations/0660_service_payment_execution.sql:181: ERRO:  transa├º├úo atual foi interrompida, comandos ignorados at├® o fim do bloco de transa├º├úo
ROLLBACK
OK: 0660_service_payment_execution.sql
psql:C:/unificard/backend/migrations/0670_event_staff_commitments.sql:50: ERRO:  rela├º├úo "event_staff" n├úo existe
psql:C:/unificard/backend/migrations/0670_event_staff_commitments.sql:55: ERRO:  rela├º├úo "event_staff" n├úo existe
psql:C:/unificard/backend/migrations/0670_event_staff_commitments.sql:59: ERRO:  rela├º├úo "event_staff" n├úo existe
psql:C:/unificard/backend/migrations/0670_event_staff_commitments.sql:63: ERRO:  rela├º├úo "event_staff" n├úo existe
psql:C:/unificard/backend/migrations/0670_event_staff_commitments.sql:67: ERRO:  rela├º├úo "event_staff" n├úo existe
psql:C:/unificard/backend/migrations/0670_event_staff_commitments.sql:82: ERRO:  rela├º├úo "event_staff" n├úo existe
CONTEXTO:  comando SQL "CREATE TRIGGER trigger_update_event_staff_updated_at

      BEFORE UPDATE ON event_staff

      FOR EACH ROW

      EXECUTE FUNCTION update_updated_at_column()"
fun├º├úo PL/pgSQL inline_code_block linha 8 em comando SQL
psql:C:/unificard/backend/migrations/0670_event_staff_commitments.sql:89: ERRO:  rela├º├úo "event_staff" n├úo existe
psql:C:/unificard/backend/migrations/0670_event_staff_commitments.sql:92: ERRO:  rela├º├úo "event_staff" n├úo existe
psql:C:/unificard/backend/migrations/0670_event_staff_commitments.sql:95: ERRO:  rela├º├úo "event_staff" n├úo existe
psql:C:/unificard/backend/migrations/0670_event_staff_commitments.sql:98: ERRO:  rela├º├úo "event_staff" n├úo existe
psql:C:/unificard/backend/migrations/0670_event_staff_commitments.sql:101: ERRO:  rela├º├úo "event_staff" n├úo existe
psql:C:/unificard/backend/migrations/0670_event_staff_commitments.sql:104: ERRO:  rela├º├úo "event_staff" n├úo existe
psql:C:/unificard/backend/migrations/0670_event_staff_commitments.sql:107: ERRO:  rela├º├úo "event_staff" n├úo existe
psql:C:/unificard/backend/migrations/0670_event_staff_commitments.sql:110: ERRO:  rela├º├úo "event_staff" n├úo existe
OK: 0670_event_staff_commitments.sql
DO
psql:C:/unificard/backend/migrations/0671_event_custody.sql:90: ERRO:  coluna "tenant_id" referenciada na restri├º├úo de chave estrangeira n├úo existe
psql:C:/unificard/backend/migrations/0671_event_custody.sql:97: ERRO:  rela├º├úo "event_custody" n├úo existe
psql:C:/unificard/backend/migrations/0671_event_custody.sql:101: ERRO:  rela├º├úo "event_custody" n├úo existe
psql:C:/unificard/backend/migrations/0671_event_custody.sql:104: ERRO:  rela├º├úo "event_custody" n├úo existe
psql:C:/unificard/backend/migrations/0671_event_custody.sql:107: ERRO:  rela├º├úo "event_custody" n├úo existe
psql:C:/unificard/backend/migrations/0671_event_custody.sql:113: ERRO:  rela├º├úo "event_custody" n├úo existe
psql:C:/unificard/backend/migrations/0671_event_custody.sql:129: ERRO:  rela├º├úo "event_custody" n├úo existe
CONTEXTO:  comando SQL "CREATE POLICY event_custody_tenant_isolation

      ON event_custody

      FOR ALL

      USING (tenant_id::text = current_setting('app.current_tenant', true))"
fun├º├úo PL/pgSQL inline_code_block linha 10 em comando SQL
DROP TRIGGER
psql:C:/unificard/backend/migrations/0671_event_custody.sql:135: NOTA:  rela├º├úo "event_custody" n├úo existe, ignorando
psql:C:/unificard/backend/migrations/0671_event_custody.sql:139: ERRO:  rela├º├úo "event_custody" n├úo existe
psql:C:/unificard/backend/migrations/0671_event_custody.sql:146: ERRO:  rela├º├úo "event_custody" n├úo existe
psql:C:/unificard/backend/migrations/0671_event_custody.sql:149: ERRO:  rela├º├úo "event_custody" n├úo existe
psql:C:/unificard/backend/migrations/0671_event_custody.sql:152: ERRO:  rela├º├úo "event_custody" n├úo existe
psql:C:/unificard/backend/migrations/0671_event_custody.sql:155: ERRO:  rela├º├úo "event_custody" n├úo existe
psql:C:/unificard/backend/migrations/0671_event_custody.sql:158: ERRO:  rela├º├úo "event_custody" n├úo existe
psql:C:/unificard/backend/migrations/0671_event_custody.sql:161: ERRO:  rela├º├úo "event_custody" n├úo existe
psql:C:/unificard/backend/migrations/0671_event_custody.sql:164: ERRO:  rela├º├úo "event_custody" n├úo existe
psql:C:/unificard/backend/migrations/0671_event_custody.sql:167: ERRO:  rela├º├úo "event_custody" n├úo existe
psql:C:/unificard/backend/migrations/0671_event_custody.sql:170: ERRO:  rela├º├úo "event_custody" n├úo existe
OK: 0671_event_custody.sql
BEGIN
psql:C:/unificard/backend/migrations/0680_human_mvp_events.sql:26: ERRO:  coluna "version" da rela├º├úo "schema_migrations" n├úo existe
LINHA 1: INSERT INTO schema_migrations (version, name, executed_at)
                                        ^
psql:C:/unificard/backend/migrations/0680_human_mvp_events.sql:38: ERRO:  transa├º├úo atual foi interrompida, comandos ignorados at├® o fim do bloco de transa├º├úo
psql:C:/unificard/backend/migrations/0680_human_mvp_events.sql:40: ERRO:  transa├º├úo atual foi interrompida, comandos ignorados at├® o fim do bloco de transa├º├úo
psql:C:/unificard/backend/migrations/0680_human_mvp_events.sql:41: ERRO:  transa├º├úo atual foi interrompida, comandos ignorados at├® o fim do bloco de transa├º├úo
psql:C:/unificard/backend/migrations/0680_human_mvp_events.sql:42: ERRO:  transa├º├úo atual foi interrompida, comandos ignorados at├® o fim do bloco de transa├º├úo
psql:C:/unificard/backend/migrations/0680_human_mvp_events.sql:43: ERRO:  transa├º├úo atual foi interrompida, comandos ignorados at├® o fim do bloco de transa├º├úo
psql:C:/unificard/backend/migrations/0680_human_mvp_events.sql:44: ERRO:  transa├º├úo atual foi interrompida, comandos ignorados at├® o fim do bloco de transa├º├úo
psql:C:/unificard/backend/migrations/0680_human_mvp_events.sql:45: ERRO:  transa├º├úo atual foi interrompida, comandos ignorados at├® o fim do bloco de transa├º├úo
psql:C:/unificard/backend/migrations/0680_human_mvp_events.sql:46: ERRO:  transa├º├úo atual foi interrompida, comandos ignorados at├® o fim do bloco de transa├º├úo
psql:C:/unificard/backend/migrations/0680_human_mvp_events.sql:49: ERRO:  transa├º├úo atual foi interrompida, comandos ignorados at├® o fim do bloco de transa├º├úo
psql:C:/unificard/backend/migrations/0680_human_mvp_events.sql:50: ERRO:  transa├º├úo atual foi interrompida, comandos ignorados at├® o fim do bloco de transa├º├úo
psql:C:/unificard/backend/migrations/0680_human_mvp_events.sql:51: ERRO:  transa├º├úo atual foi interrompida, comandos ignorados at├® o fim do bloco de transa├º├úo
psql:C:/unificard/backend/migrations/0680_human_mvp_events.sql:52: ERRO:  transa├º├úo atual foi interrompida, comandos ignorados at├® o fim do bloco de transa├º├úo
psql:C:/unificard/backend/migrations/0680_human_mvp_events.sql:53: ERRO:  transa├º├úo atual foi interrompida, comandos ignorados at├® o fim do bloco de transa├º├úo
ROLLBACK
OK: 0680_human_mvp_events.sql
BEGIN
psql:C:/unificard/backend/migrations/0681_human_mvp_service_offers.sql:21: ERRO:  coluna "version" da rela├º├úo "schema_migrations" n├úo existe
LINHA 1: INSERT INTO schema_migrations (version, name, executed_at)
                                        ^
psql:C:/unificard/backend/migrations/0681_human_mvp_service_offers.sql:34: ERRO:  transa├º├úo atual foi interrompida, comandos ignorados at├® o fim do bloco de transa├º├úo
psql:C:/unificard/backend/migrations/0681_human_mvp_service_offers.sql:36: ERRO:  transa├º├úo atual foi interrompida, comandos ignorados at├® o fim do bloco de transa├º├úo
psql:C:/unificard/backend/migrations/0681_human_mvp_service_offers.sql:37: ERRO:  transa├º├úo atual foi interrompida, comandos ignorados at├® o fim do bloco de transa├º├úo
psql:C:/unificard/backend/migrations/0681_human_mvp_service_offers.sql:38: ERRO:  transa├º├úo atual foi interrompida, comandos ignorados at├® o fim do bloco de transa├º├úo
psql:C:/unificard/backend/migrations/0681_human_mvp_service_offers.sql:39: ERRO:  transa├º├úo atual foi interrompida, comandos ignorados at├® o fim do bloco de transa├º├úo
psql:C:/unificard/backend/migrations/0681_human_mvp_service_offers.sql:40: ERRO:  transa├º├úo atual foi interrompida, comandos ignorados at├® o fim do bloco de transa├º├úo
psql:C:/unificard/backend/migrations/0681_human_mvp_service_offers.sql:41: ERRO:  transa├º├úo atual foi interrompida, comandos ignorados at├® o fim do bloco de transa├º├úo
psql:C:/unificard/backend/migrations/0681_human_mvp_service_offers.sql:44: ERRO:  transa├º├úo atual foi interrompida, comandos ignorados at├® o fim do bloco de transa├º├úo
psql:C:/unificard/backend/migrations/0681_human_mvp_service_offers.sql:45: ERRO:  transa├º├úo atual foi interrompida, comandos ignorados at├® o fim do bloco de transa├º├úo
psql:C:/unificard/backend/migrations/0681_human_mvp_service_offers.sql:46: ERRO:  transa├º├úo atual foi interrompida, comandos ignorados at├® o fim do bloco de transa├º├úo
psql:C:/unificard/backend/migrations/0681_human_mvp_service_offers.sql:47: ERRO:  transa├º├úo atual foi interrompida, comandos ignorados at├® o fim do bloco de transa├º├úo
psql:C:/unificard/backend/migrations/0681_human_mvp_service_offers.sql:48: ERRO:  transa├º├úo atual foi interrompida, comandos ignorados at├® o fim do bloco de transa├º├úo
ROLLBACK
OK: 0681_human_mvp_service_offers.sql
BEGIN
psql:C:/unificard/backend/migrations/0682_human_mvp_opportunities.sql:21: ERRO:  coluna "version" da rela├º├úo "schema_migrations" n├úo existe
LINHA 1: INSERT INTO schema_migrations (version, name, executed_at)
                                        ^
psql:C:/unificard/backend/migrations/0682_human_mvp_opportunities.sql:33: ERRO:  transa├º├úo atual foi interrompida, comandos ignorados at├® o fim do bloco de transa├º├úo
psql:C:/unificard/backend/migrations/0682_human_mvp_opportunities.sql:35: ERRO:  transa├º├úo atual foi interrompida, comandos ignorados at├® o fim do bloco de transa├º├úo
psql:C:/unificard/backend/migrations/0682_human_mvp_opportunities.sql:36: ERRO:  transa├º├úo atual foi interrompida, comandos ignorados at├® o fim do bloco de transa├º├úo
psql:C:/unificard/backend/migrations/0682_human_mvp_opportunities.sql:37: ERRO:  transa├º├úo atual foi interrompida, comandos ignorados at├® o fim do bloco de transa├º├úo
psql:C:/unificard/backend/migrations/0682_human_mvp_opportunities.sql:38: ERRO:  transa├º├úo atual foi interrompida, comandos ignorados at├® o fim do bloco de transa├º├úo
psql:C:/unificard/backend/migrations/0682_human_mvp_opportunities.sql:39: ERRO:  transa├º├úo atual foi interrompida, comandos ignorados at├® o fim do bloco de transa├º├úo
psql:C:/unificard/backend/migrations/0682_human_mvp_opportunities.sql:42: ERRO:  transa├º├úo atual foi interrompida, comandos ignorados at├® o fim do bloco de transa├º├úo
psql:C:/unificard/backend/migrations/0682_human_mvp_opportunities.sql:43: ERRO:  transa├º├úo atual foi interrompida, comandos ignorados at├® o fim do bloco de transa├º├úo
psql:C:/unificard/backend/migrations/0682_human_mvp_opportunities.sql:44: ERRO:  transa├º├úo atual foi interrompida, comandos ignorados at├® o fim do bloco de transa├º├úo
psql:C:/unificard/backend/migrations/0682_human_mvp_opportunities.sql:45: ERRO:  transa├º├úo atual foi interrompida, comandos ignorados at├® o fim do bloco de transa├º├úo
psql:C:/unificard/backend/migrations/0682_human_mvp_opportunities.sql:46: ERRO:  transa├º├úo atual foi interrompida, comandos ignorados at├® o fim do bloco de transa├º├úo
ROLLBACK
OK: 0682_human_mvp_opportunities.sql
BEGIN
psql:C:/unificard/backend/migrations/0683_human_mvp_event_instances.sql:21: ERRO:  coluna "version" da rela├º├úo "schema_migrations" n├úo existe
LINHA 1: INSERT INTO schema_migrations (version, name, executed_at)
                                        ^
psql:C:/unificard/backend/migrations/0683_human_mvp_event_instances.sql:35: ERRO:  transa├º├úo atual foi interrompida, comandos ignorados at├® o fim do bloco de transa├º├úo
psql:C:/unificard/backend/migrations/0683_human_mvp_event_instances.sql:37: ERRO:  transa├º├úo atual foi interrompida, comandos ignorados at├® o fim do bloco de transa├º├úo
psql:C:/unificard/backend/migrations/0683_human_mvp_event_instances.sql:38: ERRO:  transa├º├úo atual foi interrompida, comandos ignorados at├® o fim do bloco de transa├º├úo
psql:C:/unificard/backend/migrations/0683_human_mvp_event_instances.sql:39: ERRO:  transa├º├úo atual foi interrompida, comandos ignorados at├® o fim do bloco de transa├º├úo
psql:C:/unificard/backend/migrations/0683_human_mvp_event_instances.sql:40: ERRO:  transa├º├úo atual foi interrompida, comandos ignorados at├® o fim do bloco de transa├º├úo
psql:C:/unificard/backend/migrations/0683_human_mvp_event_instances.sql:41: ERRO:  transa├º├úo atual foi interrompida, comandos ignorados at├® o fim do bloco de transa├º├úo
psql:C:/unificard/backend/migrations/0683_human_mvp_event_instances.sql:42: ERRO:  transa├º├úo atual foi interrompida, comandos ignorados at├® o fim do bloco de transa├º├úo
psql:C:/unificard/backend/migrations/0683_human_mvp_event_instances.sql:43: ERRO:  transa├º├úo atual foi interrompida, comandos ignorados at├® o fim do bloco de transa├º├úo
psql:C:/unificard/backend/migrations/0683_human_mvp_event_instances.sql:46: ERRO:  transa├º├úo atual foi interrompida, comandos ignorados at├® o fim do bloco de transa├º├úo
psql:C:/unificard/backend/migrations/0683_human_mvp_event_instances.sql:47: ERRO:  transa├º├úo atual foi interrompida, comandos ignorados at├® o fim do bloco de transa├º├úo
psql:C:/unificard/backend/migrations/0683_human_mvp_event_instances.sql:48: ERRO:  transa├º├úo atual foi interrompida, comandos ignorados at├® o fim do bloco de transa├º├úo
psql:C:/unificard/backend/migrations/0683_human_mvp_event_instances.sql:49: ERRO:  transa├º├úo atual foi interrompida, comandos ignorados at├® o fim do bloco de transa├º├úo
psql:C:/unificard/backend/migrations/0683_human_mvp_event_instances.sql:50: ERRO:  transa├º├úo atual foi interrompida, comandos ignorados at├® o fim do bloco de transa├º├úo
psql:C:/unificard/backend/migrations/0683_human_mvp_event_instances.sql:51: ERRO:  transa├º├úo atual foi interrompida, comandos ignorados at├® o fim do bloco de transa├º├úo
ROLLBACK
OK: 0683_human_mvp_event_instances.sql
BEGIN
psql:C:/unificard/backend/migrations/0684_add_execution_to_event_instances.sql:20: ERRO:  coluna "version" da rela├º├úo "schema_migrations" n├úo existe
LINHA 1: INSERT INTO schema_migrations (version, name, executed_at)
                                        ^
psql:C:/unificard/backend/migrations/0684_add_execution_to_event_instances.sql:24: ERRO:  transa├º├úo atual foi interrompida, comandos ignorados at├® o fim do bloco de transa├º├úo
psql:C:/unificard/backend/migrations/0684_add_execution_to_event_instances.sql:26: ERRO:  transa├º├úo atual foi interrompida, comandos ignorados at├® o fim do bloco de transa├º├úo
psql:C:/unificard/backend/migrations/0684_add_execution_to_event_instances.sql:29: ERRO:  transa├º├úo atual foi interrompida, comandos ignorados at├® o fim do bloco de transa├º├úo
ROLLBACK
OK: 0684_add_execution_to_event_instances.sql
psql:C:/unificard/backend/migrations/0690_social_core.sql:71: ERRO:  coluna "tenant_id" referenciada na restri├º├úo de chave estrangeira n├úo existe
psql:C:/unificard/backend/migrations/0690_social_core.sql:78: ERRO:  rela├º├úo "posts" n├úo existe
psql:C:/unificard/backend/migrations/0690_social_core.sql:81: ERRO:  rela├º├úo "posts" n├úo existe
psql:C:/unificard/backend/migrations/0690_social_core.sql:85: ERRO:  rela├º├úo "posts" n├úo existe
psql:C:/unificard/backend/migrations/0690_social_core.sql:88: ERRO:  rela├º├úo "posts" n├úo existe
psql:C:/unificard/backend/migrations/0690_social_core.sql:91: ERRO:  rela├º├úo "posts" n├úo existe
psql:C:/unificard/backend/migrations/0690_social_core.sql:97: ERRO:  rela├º├úo "posts" n├úo existe
psql:C:/unificard/backend/migrations/0690_social_core.sql:101: ERRO:  rela├º├úo "posts" n├úo existe
CREATE FUNCTION
psql:C:/unificard/backend/migrations/0690_social_core.sql:115: NOTA:  rela├º├úo "posts" n├úo existe, ignorando
DROP TRIGGER
psql:C:/unificard/backend/migrations/0690_social_core.sql:120: ERRO:  rela├º├úo "posts" n├úo existe
psql:C:/unificard/backend/migrations/0690_social_core.sql:127: ERRO:  rela├º├úo "posts" n├úo existe
psql:C:/unificard/backend/migrations/0690_social_core.sql:130: ERRO:  rela├º├úo "posts" n├úo existe
psql:C:/unificard/backend/migrations/0690_social_core.sql:133: ERRO:  rela├º├úo "posts" n├úo existe
psql:C:/unificard/backend/migrations/0690_social_core.sql:136: ERRO:  rela├º├úo "posts" n├úo existe
psql:C:/unificard/backend/migrations/0690_social_core.sql:139: ERRO:  rela├º├úo "posts" n├úo existe
OK: 0690_social_core.sql
psql:C:/unificard/backend/migrations/0691_social_groups_integration.sql:44: ERRO:  rela├º├úo "posts" n├úo existe
psql:C:/unificard/backend/migrations/0691_social_groups_integration.sql:47: ERRO:  rela├º├úo "idx_posts_tenant_group_created" n├úo existe
psql:C:/unificard/backend/migrations/0691_social_groups_integration.sql:64: ERRO:  rela├º├úo "posts" n├úo existe
psql:C:/unificard/backend/migrations/0691_social_groups_integration.sql:67: ERRO:  rela├º├úo "idx_posts_tenant_economic_auto" n├úo existe
OK: 0691_social_groups_integration.sql
BEGIN
CREATE TABLE
CREATE INDEX
psql:C:/unificard/backend/migrations/0692_groups_social_features.sql:50: ERRO:  rela├º├úo "groups" n├úo existe
psql:C:/unificard/backend/migrations/0692_groups_social_features.sql:54: ERRO:  transa├º├úo atual foi interrompida, comandos ignorados at├® o fim do bloco de transa├º├úo
psql:C:/unificard/backend/migrations/0692_groups_social_features.sql:64: ERRO:  transa├º├úo atual foi interrompida, comandos ignorados at├® o fim do bloco de transa├º├úo
psql:C:/unificard/backend/migrations/0692_groups_social_features.sql:67: ERRO:  transa├º├úo atual foi interrompida, comandos ignorados at├® o fim do bloco de transa├º├úo
psql:C:/unificard/backend/migrations/0692_groups_social_features.sql:72: ERRO:  transa├º├úo atual foi interrompida, comandos ignorados at├® o fim do bloco de transa├º├úo
psql:C:/unificard/backend/migrations/0692_groups_social_features.sql:78: ERRO:  transa├º├úo atual foi interrompida, comandos ignorados at├® o fim do bloco de transa├º├úo
psql:C:/unificard/backend/migrations/0692_groups_social_features.sql:79: ERRO:  transa├º├úo atual foi interrompida, comandos ignorados at├® o fim do bloco de transa├º├úo
psql:C:/unificard/backend/migrations/0692_groups_social_features.sql:80: ERRO:  transa├º├úo atual foi interrompida, comandos ignorados at├® o fim do bloco de transa├º├úo
psql:C:/unificard/backend/migrations/0692_groups_social_features.sql:88: ERRO:  transa├º├úo atual foi interrompida, comandos ignorados at├® o fim do bloco de transa├º├úo
psql:C:/unificard/backend/migrations/0692_groups_social_features.sql:93: ERRO:  transa├º├úo atual foi interrompida, comandos ignorados at├® o fim do bloco de transa├º├úo
psql:C:/unificard/backend/migrations/0692_groups_social_features.sql:141: ERRO:  transa├º├úo atual foi interrompida, comandos ignorados at├® o fim do bloco de transa├º├úo
psql:C:/unificard/backend/migrations/0692_groups_social_features.sql:164: ERRO:  transa├º├úo atual foi interrompida, comandos ignorados at├® o fim do bloco de transa├º├úo
psql:C:/unificard/backend/migrations/0692_groups_social_features.sql:170: ERRO:  transa├º├úo atual foi interrompida, comandos ignorados at├® o fim do bloco de transa├º├úo
psql:C:/unificard/backend/migrations/0692_groups_social_features.sql:186: ERRO:  transa├º├úo atual foi interrompida, comandos ignorados at├® o fim do bloco de transa├º├úo
ROLLBACK
OK: 0692_groups_social_features.sql
psql:C:/unificard/backend/migrations/0693_group_invites.sql:18: ERRO:  rela├º├úo "groups" n├úo existe
psql:C:/unificard/backend/migrations/0693_group_invites.sql:22: ERRO:  rela├º├úo "group_invites" n├úo existe
psql:C:/unificard/backend/migrations/0693_group_invites.sql:23: ERRO:  rela├º├úo "group_invites" n├úo existe
psql:C:/unificard/backend/migrations/0693_group_invites.sql:24: ERRO:  rela├º├úo "group_invites" n├úo existe
psql:C:/unificard/backend/migrations/0693_group_invites.sql:25: ERRO:  rela├º├úo "group_invites" n├úo existe
psql:C:/unificard/backend/migrations/0693_group_invites.sql:30: ERRO:  rela├º├úo "group_invites" n├úo existe
psql:C:/unificard/backend/migrations/0693_group_invites.sql:33: ERRO:  rela├º├úo "group_invites" n├úo existe
psql:C:/unificard/backend/migrations/0693_group_invites.sql:34: ERRO:  rela├º├úo "group_invites" n├úo existe
psql:C:/unificard/backend/migrations/0693_group_invites.sql:35: ERRO:  rela├º├úo "group_invites" n├úo existe
psql:C:/unificard/backend/migrations/0693_group_invites.sql:36: ERRO:  rela├º├úo "group_invites" n├úo existe
psql:C:/unificard/backend/migrations/0693_group_invites.sql:37: ERRO:  rela├º├úo "group_invites" n├úo existe
psql:C:/unificard/backend/migrations/0693_group_invites.sql:38: ERRO:  rela├º├úo "group_invites" n├úo existe
psql:C:/unificard/backend/migrations/0693_group_invites.sql:39: ERRO:  rela├º├úo "group_invites" n├úo existe
psql:C:/unificard/backend/migrations/0693_group_invites.sql:40: ERRO:  rela├º├úo "group_invites" n├úo existe
psql:C:/unificard/backend/migrations/0693_group_invites.sql:41: ERRO:  rela├º├úo "group_invites" n├úo existe
OK: 0693_group_invites.sql
psql:C:/unificard/backend/migrations/0694_group_votes.sql:45: ERRO:  coluna "tenant_id" referenciada na restri├º├úo de chave estrangeira n├úo existe
psql:C:/unificard/backend/migrations/0694_group_votes.sql:48: ERRO:  rela├º├úo "group_votes" n├úo existe
psql:C:/unificard/backend/migrations/0694_group_votes.sql:49: ERRO:  rela├º├úo "group_votes" n├úo existe
psql:C:/unificard/backend/migrations/0694_group_votes.sql:50: ERRO:  rela├º├úo "group_votes" n├úo existe
psql:C:/unificard/backend/migrations/0694_group_votes.sql:51: ERRO:  rela├º├úo "group_votes" n├úo existe
psql:C:/unificard/backend/migrations/0694_group_votes.sql:54: ERRO:  rela├º├úo "group_votes" n├úo existe
psql:C:/unificard/backend/migrations/0694_group_votes.sql:57: ERRO:  rela├º├úo "group_votes" n├úo existe
psql:C:/unificard/backend/migrations/0694_group_votes.sql:76: ERRO:  rela├º├úo "group_votes" n├úo existe
psql:C:/unificard/backend/migrations/0694_group_votes.sql:79: ERRO:  rela├º├úo "group_vote_options" n├úo existe
psql:C:/unificard/backend/migrations/0694_group_votes.sql:80: ERRO:  rela├º├úo "group_vote_options" n├úo existe
psql:C:/unificard/backend/migrations/0694_group_votes.sql:83: ERRO:  rela├º├úo "group_vote_options" n├úo existe
psql:C:/unificard/backend/migrations/0694_group_votes.sql:86: ERRO:  rela├º├úo "group_vote_options" n├úo existe
psql:C:/unificard/backend/migrations/0694_group_votes.sql:106: ERRO:  rela├º├úo "group_votes" n├úo existe
psql:C:/unificard/backend/migrations/0694_group_votes.sql:109: ERRO:  rela├º├úo "group_vote_responses" n├úo existe
psql:C:/unificard/backend/migrations/0694_group_votes.sql:110: ERRO:  rela├º├úo "group_vote_responses" n├úo existe
psql:C:/unificard/backend/migrations/0694_group_votes.sql:111: ERRO:  rela├º├úo "group_vote_responses" n├úo existe
psql:C:/unificard/backend/migrations/0694_group_votes.sql:114: ERRO:  rela├º├úo "group_vote_responses" n├úo existe
psql:C:/unificard/backend/migrations/0694_group_votes.sql:117: ERRO:  rela├º├úo "group_vote_responses" n├úo existe
psql:C:/unificard/backend/migrations/0694_group_votes.sql:122: ERRO:  rela├º├úo "group_votes" n├úo existe
psql:C:/unificard/backend/migrations/0694_group_votes.sql:123: ERRO:  rela├º├úo "group_vote_options" n├úo existe
psql:C:/unificard/backend/migrations/0694_group_votes.sql:124: ERRO:  rela├º├úo "group_vote_responses" n├úo existe
psql:C:/unificard/backend/migrations/0694_group_votes.sql:125: ERRO:  rela├º├úo "group_votes" n├úo existe
psql:C:/unificard/backend/migrations/0694_group_votes.sql:126: ERRO:  rela├º├úo "group_vote_responses" n├úo existe
psql:C:/unificard/backend/migrations/0694_group_votes.sql:127: ERRO:  rela├º├úo "group_votes" n├úo existe
OK: 0694_group_votes.sql
BEGIN
psql:C:/unificard/backend/migrations/0695_add_audience_description_to_groups.sql:21: ERRO:  rela├º├úo "groups" n├úo existe
psql:C:/unificard/backend/migrations/0695_add_audience_description_to_groups.sql:23: ERRO:  transa├º├úo atual foi interrompida, comandos ignorados at├® o fim do bloco de transa├º├úo
ROLLBACK
OK: 0695_add_audience_description_to_groups.sql
psql:C:/unificard/backend/migrations/0696_group_invites_expiration.sql:6: ERRO:  rela├º├úo "group_invites" n├úo existe
psql:C:/unificard/backend/migrations/0696_group_invites_expiration.sql:10: ERRO:  rela├º├úo "group_invites" n├úo existe
psql:C:/unificard/backend/migrations/0696_group_invites_expiration.sql:14: ERRO:  rela├º├úo "group_invites" n├úo existe
psql:C:/unificard/backend/migrations/0696_group_invites_expiration.sql:19: ERRO:  rela├º├úo "group_invites" n├úo existe
psql:C:/unificard/backend/migrations/0696_group_invites_expiration.sql:24: NOTA:  ├¡ndice "idx_group_invites_unique_pending" n├úo existe, ignorando
DROP INDEX
psql:C:/unificard/backend/migrations/0696_group_invites_expiration.sql:28: ERRO:  rela├º├úo "group_invites" n├úo existe
psql:C:/unificard/backend/migrations/0696_group_invites_expiration.sql:31: ERRO:  rela├º├úo "group_invites" n├úo existe
psql:C:/unificard/backend/migrations/0696_group_invites_expiration.sql:32: ERRO:  rela├º├úo "group_invites" n├úo existe
OK: 0696_group_invites_expiration.sql
psql:C:/unificard/backend/migrations/0710_posts_event_link.sql:46: ERRO:  rela├º├úo "posts" n├úo existe
psql:C:/unificard/backend/migrations/0710_posts_event_link.sql:61: ERRO:  rela├º├úo "posts" n├úo existe
CONTEXTO:  comando SQL "ALTER TABLE posts

      ADD CONSTRAINT fk_posts_event

      FOREIGN KEY (event_id)

      REFERENCES events(id)

      ON DELETE SET NULL"
fun├º├úo PL/pgSQL inline_code_block linha 8 em comando SQL
psql:C:/unificard/backend/migrations/0710_posts_event_link.sql:69: ERRO:  rela├º├úo "posts" n├úo existe
psql:C:/unificard/backend/migrations/0710_posts_event_link.sql:89: ERRO:  rela├º├úo "posts" n├úo existe
CONTEXTO:  comando SQL "ALTER TABLE posts

      ADD CONSTRAINT posts_type_check CHECK (

        type IN (

          'TEXT',

          'IMAGE',

          'VIDEO',

          'EVENT_ANNOUNCEMENT',

          'EVENT_UPDATE',

          'EVENT_REMINDER'

        )

      )"
fun├º├úo PL/pgSQL inline_code_block linha 7 em comando SQL
psql:C:/unificard/backend/migrations/0710_posts_event_link.sql:97: ERRO:  rela├º├úo "posts" n├úo existe
psql:C:/unificard/backend/migrations/0710_posts_event_link.sql:110: ERRO:  rela├º├úo "posts" n├úo existe
CONTEXTO:  comando SQL "ALTER TABLE posts

      ADD CONSTRAINT posts_visibility_check CHECK (

        visibility IN ('PUBLIC', 'PRIVATE', 'FRIENDS', 'GROUP')

      )"
fun├º├úo PL/pgSQL inline_code_block linha 7 em comando SQL
psql:C:/unificard/backend/migrations/0710_posts_event_link.sql:119: ERRO:  rela├º├úo "posts" n├úo existe
psql:C:/unificard/backend/migrations/0710_posts_event_link.sql:123: ERRO:  rela├º├úo "posts" n├úo existe
psql:C:/unificard/backend/migrations/0710_posts_event_link.sql:127: ERRO:  rela├º├úo "posts" n├úo existe
psql:C:/unificard/backend/migrations/0710_posts_event_link.sql:130: ERRO:  rela├º├úo "posts" n├úo existe
psql:C:/unificard/backend/migrations/0710_posts_event_link.sql:138: ERRO:  rela├º├úo "posts" n├úo existe
psql:C:/unificard/backend/migrations/0710_posts_event_link.sql:141: ERRO:  rela├º├úo "posts" n├úo existe
psql:C:/unificard/backend/migrations/0710_posts_event_link.sql:144: ERRO:  rela├º├úo "posts" n├úo existe
OK: 0710_posts_event_link.sql
CREATE EXTENSION
psql:C:/unificard/backend/migrations/0711_reactions.sql:17: NOTA:  extens├úo "pgcrypto" j├í existe, ignorando
psql:C:/unificard/backend/migrations/0711_reactions.sql:53: ERRO:  coluna "tenant_id" referenciada na restri├º├úo de chave estrangeira n├úo existe
psql:C:/unificard/backend/migrations/0711_reactions.sql:60: ERRO:  rela├º├úo "reactions" n├úo existe
psql:C:/unificard/backend/migrations/0711_reactions.sql:63: ERRO:  rela├º├úo "reactions" n├úo existe
psql:C:/unificard/backend/migrations/0711_reactions.sql:67: ERRO:  rela├º├úo "reactions" n├úo existe
psql:C:/unificard/backend/migrations/0711_reactions.sql:70: ERRO:  rela├º├úo "reactions" n├úo existe
psql:C:/unificard/backend/migrations/0711_reactions.sql:73: ERRO:  rela├º├úo "reactions" n├úo existe
psql:C:/unificard/backend/migrations/0711_reactions.sql:76: ERRO:  rela├º├úo "reactions" n├úo existe
psql:C:/unificard/backend/migrations/0711_reactions.sql:79: ERRO:  rela├º├úo "reactions" n├úo existe
psql:C:/unificard/backend/migrations/0711_reactions.sql:99: ERRO:  coluna "tenant_id" referenciada na restri├º├úo de chave estrangeira n├úo existe
psql:C:/unificard/backend/migrations/0711_reactions.sql:102: ERRO:  rela├º├úo "reaction_counts" n├úo existe
psql:C:/unificard/backend/migrations/0711_reactions.sql:105: ERRO:  rela├º├úo "reaction_counts" n├úo existe
CREATE FUNCTION
psql:C:/unificard/backend/migrations/0711_reactions.sql:188: NOTA:  rela├º├úo "reactions" n├úo existe, ignorando
DROP TRIGGER
psql:C:/unificard/backend/migrations/0711_reactions.sql:194: ERRO:  rela├º├úo "reactions" n├úo existe
psql:C:/unificard/backend/migrations/0711_reactions.sql:201: ERRO:  rela├º├úo "reactions" n├úo existe
psql:C:/unificard/backend/migrations/0711_reactions.sql:204: ERRO:  rela├º├úo "reaction_counts" n├úo existe
psql:C:/unificard/backend/migrations/0711_reactions.sql:207: ERRO:  rela├º├úo "reactions" n├úo existe
psql:C:/unificard/backend/migrations/0711_reactions.sql:210: ERRO:  rela├º├úo "reactions" n├úo existe
OK: 0711_reactions.sql
DO
psql:C:/unificard/backend/migrations/0713_ensure_reactions_actor_id.sql:52: ERRO:  rela├º├úo "reactions" n├úo existe
OK: 0713_ensure_reactions_actor_id.sql
DO
psql:C:/unificard/backend/migrations/0714_ensure_reactions_user_id.sql:71: ERRO:  rela├º├úo "reactions" n├úo existe
OK: 0714_ensure_reactions_user_id.sql
psql:C:/unificard/backend/migrations/0715_reviews_and_reputation.sql:18: NOTA:  extens├úo "pgcrypto" j├í existe, ignorando
CREATE EXTENSION
CREATE TABLE
psql:C:/unificard/backend/migrations/0715_reviews_and_reputation.sql:35: NOTA:  rela├º├úo "reviews" j├í existe, ignorando
CREATE INDEX
psql:C:/unificard/backend/migrations/0715_reviews_and_reputation.sql:38: NOTA:  rela├º├úo "idx_reviews_tenant_entity" j├í existe, ignorando
CREATE INDEX
psql:C:/unificard/backend/migrations/0715_reviews_and_reputation.sql:41: NOTA:  rela├º├úo "idx_reviews_author" j├í existe, ignorando
ALTER TABLE
DO
CREATE TABLE
psql:C:/unificard/backend/migrations/0715_reviews_and_reputation.sql:69: NOTA:  rela├º├úo "reputation_scores" j├í existe, ignorando
CREATE INDEX
psql:C:/unificard/backend/migrations/0715_reviews_and_reputation.sql:72: NOTA:  rela├º├úo "idx_reputation_entity" j├í existe, ignorando
ALTER TABLE
DO
OK: 0715_reviews_and_reputation.sql
psql:C:/unificard/backend/migrations/0716_rides_geography.sql:18: NOTA:  extens├úo "uuid-ossp" j├í existe, ignorando
CREATE EXTENSION
CREATE EXTENSION
psql:C:/unificard/backend/migrations/0716_rides_geography.sql:19: NOTA:  extens├úo "postgis" j├í existe, ignorando
CREATE FUNCTION
psql:C:/unificard/backend/migrations/0716_rides_geography.sql:38: NOTA:  rela├º├úo "rides_regions" j├í existe, ignorando
CREATE TABLE
ALTER TABLE
DO
DROP TRIGGER
CREATE TRIGGER
psql:C:/unificard/backend/migrations/0716_rides_geography.sql:70: NOTA:  rela├º├úo "rides_cities" j├í existe, ignorando
CREATE TABLE
ALTER TABLE
DO
DROP TRIGGER
CREATE TRIGGER
psql:C:/unificard/backend/migrations/0716_rides_geography.sql:102: NOTA:  rela├º├úo "rides_zones" j├í existe, ignorando
CREATE TABLE
ALTER TABLE
DO
CREATE INDEX
psql:C:/unificard/backend/migrations/0716_rides_geography.sql:118: NOTA:  rela├º├úo "idx_rides_zones_polygon" j├í existe, ignorando
DROP TRIGGER
CREATE TRIGGER
psql:C:/unificard/backend/migrations/0716_rides_geography.sql:135: NOTA:  rela├º├úo "rides_city_service_types" j├í existe, ignorando
CREATE TABLE
ALTER TABLE
DO
DROP TRIGGER
CREATE TRIGGER
OK: 0716_rides_geography.sql
CREATE EXTENSION
psql:C:/unificard/backend/migrations/0717_rides_drivers_vehicles.sql:16: NOTA:  extens├úo "uuid-ossp" j├í existe, ignorando
CREATE EXTENSION
psql:C:/unificard/backend/migrations/0717_rides_drivers_vehicles.sql:17: NOTA:  extens├úo "postgis" j├í existe, ignorando
CREATE FUNCTION
CREATE TABLE
psql:C:/unificard/backend/migrations/0717_rides_drivers_vehicles.sql:50: NOTA:  rela├º├úo "rides_drivers" j├í existe, ignorando
ALTER TABLE
DO
DROP TRIGGER
CREATE TRIGGER
CREATE TABLE
psql:C:/unificard/backend/migrations/0717_rides_drivers_vehicles.sql:96: NOTA:  rela├º├úo "rides_vehicles" j├í existe, ignorando
ALTER TABLE
DO
DROP TRIGGER
CREATE TRIGGER
CREATE TABLE
psql:C:/unificard/backend/migrations/0717_rides_drivers_vehicles.sql:135: NOTA:  rela├º├úo "rides_driver_services" j├í existe, ignorando
ALTER TABLE
DO
DROP TRIGGER
CREATE TRIGGER
CREATE TABLE
psql:C:/unificard/backend/migrations/0717_rides_drivers_vehicles.sql:172: NOTA:  rela├º├úo "rides_driver_locations" j├í existe, ignorando
ALTER TABLE
DO
psql:C:/unificard/backend/migrations/0717_rides_drivers_vehicles.sql:190: NOTA:  rela├º├úo "idx_rides_driver_locations_driver" j├í existe, ignorando
CREATE INDEX
CREATE TABLE
psql:C:/unificard/backend/migrations/0717_rides_drivers_vehicles.sql:209: NOTA:  rela├º├úo "rides_driver_availability" j├í existe, ignorando
ALTER TABLE
DO
CREATE INDEX
psql:C:/unificard/backend/migrations/0717_rides_drivers_vehicles.sql:227: NOTA:  rela├º├úo "idx_rides_driver_availability_online" j├í existe, ignorando
CREATE TABLE
psql:C:/unificard/backend/migrations/0717_rides_drivers_vehicles.sql:248: NOTA:  rela├º├úo "rides_driver_sessions" j├í existe, ignorando
ALTER TABLE
DO
CREATE INDEX
psql:C:/unificard/backend/migrations/0717_rides_drivers_vehicles.sql:267: NOTA:  rela├º├úo "idx_rides_driver_sessions_active" j├í existe, ignorando
OK: 0717_rides_drivers_vehicles.sql
CREATE EXTENSION
psql:C:/unificard/backend/migrations/0718_rides_ride_lifecycle.sql:15: NOTA:  extens├úo "uuid-ossp" j├í existe, ignorando
psql:C:/unificard/backend/migrations/0718_rides_ride_lifecycle.sql:16: NOTA:  extens├úo "postgis" j├í existe, ignorando
CREATE EXTENSION
CREATE FUNCTION
psql:C:/unificard/backend/migrations/0718_rides_ride_lifecycle.sql:59: NOTA:  rela├º├úo "rides_ride_requests" j├í existe, ignorando
CREATE TABLE
ALTER TABLE
DO
DROP TRIGGER
CREATE TRIGGER
CREATE TABLE
psql:C:/unificard/backend/migrations/0718_rides_ride_lifecycle.sql:96: NOTA:  rela├º├úo "rides_request_offers" j├í existe, ignorando
ALTER TABLE
DO
psql:C:/unificard/backend/migrations/0718_rides_ride_lifecycle.sql:139: NOTA:  rela├º├úo "rides_rides" j├í existe, ignorando
CREATE TABLE
ALTER TABLE
DO
DROP TRIGGER
CREATE TRIGGER
psql:C:/unificard/backend/migrations/0718_rides_ride_lifecycle.sql:175: NOTA:  rela├º├úo "rides_ride_locations" j├í existe, ignorando
CREATE TABLE
ALTER TABLE
DO
CREATE TABLE
psql:C:/unificard/backend/migrations/0718_rides_ride_lifecycle.sql:205: NOTA:  rela├º├úo "rides_ride_events" j├í existe, ignorando
ALTER TABLE
DO
OK: 0718_rides_ride_lifecycle.sql
CREATE TABLE
psql:C:/unificard/backend/migrations/0719_rides_pricing.sql:39: NOTA:  rela├º├úo "rides_service_types" j├í existe, ignorando
ALTER TABLE
DO
DROP TRIGGER
CREATE TRIGGER
CREATE TABLE
psql:C:/unificard/backend/migrations/0719_rides_pricing.sql:84: NOTA:  rela├º├úo "rides_pricing_config" j├í existe, ignorando
ALTER TABLE
DO
DROP TRIGGER
CREATE TRIGGER
CREATE TABLE
psql:C:/unificard/backend/migrations/0719_rides_pricing.sql:123: NOTA:  rela├º├úo "rides_zone_demand_pressure" j├í existe, ignorando
ALTER TABLE
DO
psql:C:/unificard/backend/migrations/0719_rides_pricing.sql:160: NOTA:  rela├º├úo "rides_zone_incentives" j├í existe, ignorando
CREATE TABLE
ALTER TABLE
DO
OK: 0719_rides_pricing.sql
CREATE EXTENSION
psql:C:/unificard/backend/migrations/0720_rides_distribution.sql:22: NOTA:  extens├úo "uuid-ossp" j├í existe, ignorando
CREATE TABLE
psql:C:/unificard/backend/migrations/0720_rides_distribution.sql:47: NOTA:  rela├º├úo "rides_distribution_rules" j├í existe, ignorando
ALTER TABLE
DO
CREATE INDEX
psql:C:/unificard/backend/migrations/0720_rides_distribution.sql:67: NOTA:  rela├º├úo "idx_rides_distribution_rules_tenant_active" j├í existe, ignorando
CREATE TABLE
psql:C:/unificard/backend/migrations/0720_rides_distribution.sql:89: NOTA:  rela├º├úo "rides_ride_distributions" j├í existe, ignorando
ALTER TABLE
DO
psql:C:/unificard/backend/migrations/0720_rides_distribution.sql:109: NOTA:  rela├º├úo "idx_rides_ride_distributions_tenant_created" j├í existe, ignorando
CREATE INDEX
psql:C:/unificard/backend/migrations/0720_rides_distribution.sql:112: NOTA:  rela├º├úo "idx_rides_ride_distributions_tenant_ride" j├í existe, ignorando
CREATE INDEX
OK: 0720_rides_distribution.sql
CREATE EXTENSION
psql:C:/unificard/backend/migrations/0721_rides_security_analytics.sql:25: NOTA:  extens├úo "uuid-ossp" j├í existe, ignorando
CREATE FUNCTION
psql:C:/unificard/backend/migrations/0721_rides_security_analytics.sql:50: ERRO:  coluna "user_id" referenciada na restri├º├úo de chave estrangeira n├úo existe
psql:C:/unificard/backend/migrations/0721_rides_security_analytics.sql:52: NOTA:  rela├º├úo "rides_emergency_contacts" n├úo existe, ignorando
ALTER TABLE
psql:C:/unificard/backend/migrations/0721_rides_security_analytics.sql:67: ERRO:  rela├º├úo "rides_emergency_contacts" n├úo existe
CONTEXTO:  comando SQL "CREATE POLICY rides_emergency_contacts_rls

      ON rides_emergency_contacts

      USING (tenant_id::text = current_setting('app.current_tenant', true))"
fun├º├úo PL/pgSQL inline_code_block linha 10 em comando SQL
psql:C:/unificard/backend/migrations/0721_rides_security_analytics.sql:70: ERRO:  rela├º├úo "rides_emergency_contacts" n├úo existe
psql:C:/unificard/backend/migrations/0721_rides_security_analytics.sql:84: ERRO:  coluna "user_id" referenciada na restri├º├úo de chave estrangeira n├úo existe
ALTER TABLE
psql:C:/unificard/backend/migrations/0721_rides_security_analytics.sql:86: NOTA:  rela├º├úo "rides_ride_shares" n├úo existe, ignorando
psql:C:/unificard/backend/migrations/0721_rides_security_analytics.sql:101: ERRO:  rela├º├úo "rides_ride_shares" n├úo existe
CONTEXTO:  comando SQL "CREATE POLICY rides_ride_shares_rls

      ON rides_ride_shares

      USING (tenant_id::text = current_setting('app.current_tenant', true))"
fun├º├úo PL/pgSQL inline_code_block linha 10 em comando SQL
psql:C:/unificard/backend/migrations/0721_rides_security_analytics.sql:104: ERRO:  rela├º├úo "rides_ride_shares" n├úo existe
psql:C:/unificard/backend/migrations/0721_rides_security_analytics.sql:125: ERRO:  coluna "user_id" referenciada na restri├º├úo de chave estrangeira n├úo existe
ALTER TABLE
psql:C:/unificard/backend/migrations/0721_rides_security_analytics.sql:127: NOTA:  rela├º├úo "rides_disputes" n├úo existe, ignorando
psql:C:/unificard/backend/migrations/0721_rides_security_analytics.sql:142: ERRO:  rela├º├úo "rides_disputes" n├úo existe
CONTEXTO:  comando SQL "CREATE POLICY rides_disputes_rls

      ON rides_disputes

      USING (tenant_id::text = current_setting('app.current_tenant', true))"
fun├º├úo PL/pgSQL inline_code_block linha 10 em comando SQL
DROP TRIGGER
psql:C:/unificard/backend/migrations/0721_rides_security_analytics.sql:144: NOTA:  rela├º├úo "rides_disputes" n├úo existe, ignorando
psql:C:/unificard/backend/migrations/0721_rides_security_analytics.sql:148: ERRO:  rela├º├úo "rides_disputes" n├úo existe
psql:C:/unificard/backend/migrations/0721_rides_security_analytics.sql:151: ERRO:  rela├º├úo "rides_disputes" n├úo existe
CREATE TABLE
psql:C:/unificard/backend/migrations/0721_rides_security_analytics.sql:166: NOTA:  rela├º├úo "rides_driver_earnings_history" j├í existe, ignorando
ALTER TABLE
DO
psql:C:/unificard/backend/migrations/0721_rides_security_analytics.sql:186: NOTA:  rela├º├úo "idx_rides_driver_earnings_history_tenant_driver" j├í existe, ignorando
CREATE INDEX
psql:C:/unificard/backend/migrations/0721_rides_security_analytics.sql:189: NOTA:  rela├º├úo "idx_rides_driver_earnings_history_tenant_created" j├í existe, ignorando
CREATE INDEX
OK: 0721_rides_security_analytics.sql
psql:C:/unificard/backend/migrations/0722_rides_driver_vehicle_compliance.sql:44: NOTA:  rela├º├úo "rides_driver_documents" j├í existe, ignorando
CREATE TABLE
psql:C:/unificard/backend/migrations/0722_rides_driver_vehicle_compliance.sql:51: NOTA:  rela├º├úo "idx_rides_driver_documents_driver" j├í existe, ignorando
CREATE INDEX
psql:C:/unificard/backend/migrations/0722_rides_driver_vehicle_compliance.sql:54: NOTA:  rela├º├úo "idx_rides_driver_documents_status" j├í existe, ignorando
CREATE INDEX
CREATE INDEX
psql:C:/unificard/backend/migrations/0722_rides_driver_vehicle_compliance.sql:59: NOTA:  rela├º├úo "idx_rides_driver_documents_current" j├í existe, ignorando
ALTER TABLE
DO
DROP TRIGGER
CREATE TRIGGER
COMMENT
COMMENT
OK: 0722_rides_driver_vehicle_compliance.sql
BEGIN
DO
DO
psql:C:/unificard/backend/migrations/0750_social_inbox.sql:77: ERRO:  coluna "actor_id" referenciada na restri├º├úo de chave estrangeira n├úo existe
psql:C:/unificard/backend/migrations/0750_social_inbox.sql:83: ERRO:  transa├º├úo atual foi interrompida, comandos ignorados at├® o fim do bloco de transa├º├úo
psql:C:/unificard/backend/migrations/0750_social_inbox.sql:84: ERRO:  transa├º├úo atual foi interrompida, comandos ignorados at├® o fim do bloco de transa├º├úo
psql:C:/unificard/backend/migrations/0750_social_inbox.sql:85: ERRO:  transa├º├úo atual foi interrompida, comandos ignorados at├® o fim do bloco de transa├º├úo
psql:C:/unificard/backend/migrations/0750_social_inbox.sql:86: ERRO:  transa├º├úo atual foi interrompida, comandos ignorados at├® o fim do bloco de transa├º├úo
psql:C:/unificard/backend/migrations/0750_social_inbox.sql:87: ERRO:  transa├º├úo atual foi interrompida, comandos ignorados at├® o fim do bloco de transa├º├úo
psql:C:/unificard/backend/migrations/0750_social_inbox.sql:88: ERRO:  transa├º├úo atual foi interrompida, comandos ignorados at├® o fim do bloco de transa├º├úo
psql:C:/unificard/backend/migrations/0750_social_inbox.sql:92: ERRO:  transa├º├úo atual foi interrompida, comandos ignorados at├® o fim do bloco de transa├º├úo
psql:C:/unificard/backend/migrations/0750_social_inbox.sql:104: ERRO:  transa├º├úo atual foi interrompida, comandos ignorados at├® o fim do bloco de transa├º├úo
psql:C:/unificard/backend/migrations/0750_social_inbox.sql:109: ERRO:  transa├º├úo atual foi interrompida, comandos ignorados at├® o fim do bloco de transa├º├úo
ROLLBACK
OK: 0750_social_inbox.sql
DO
DO
psql:C:/unificard/backend/migrations/0751_chat_rooms.sql:43: ERRO:  coluna "tenant_id" referenciada na restri├º├úo de chave estrangeira n├úo existe
psql:C:/unificard/backend/migrations/0751_chat_rooms.sql:48: ERRO:  rela├º├úo "chat_rooms" n├úo existe
psql:C:/unificard/backend/migrations/0751_chat_rooms.sql:49: ERRO:  rela├º├úo "chat_rooms" n├úo existe
psql:C:/unificard/backend/migrations/0751_chat_rooms.sql:54: ERRO:  rela├º├úo "chat_rooms" n├úo existe
psql:C:/unificard/backend/migrations/0751_chat_rooms.sql:55: ERRO:  rela├º├úo "chat_rooms" n├úo existe
OK: 0751_chat_rooms.sql
DO
psql:C:/unificard/backend/migrations/0752_chat_messages.sql:30: ERRO:  coluna "tenant_id" referenciada na restri├º├úo de chave estrangeira n├úo existe
psql:C:/unificard/backend/migrations/0752_chat_messages.sql:35: ERRO:  rela├º├úo "chat_messages" n├úo existe
psql:C:/unificard/backend/migrations/0752_chat_messages.sql:40: ERRO:  rela├º├úo "chat_messages" n├úo existe
psql:C:/unificard/backend/migrations/0752_chat_messages.sql:41: ERRO:  rela├º├úo "chat_messages" n├úo existe
psql:C:/unificard/backend/migrations/0752_chat_messages.sql:42: ERRO:  rela├º├úo "chat_messages" n├úo existe
psql:C:/unificard/backend/migrations/0752_chat_messages.sql:47: ERRO:  rela├º├úo "chat_messages" n├úo existe
psql:C:/unificard/backend/migrations/0752_chat_messages.sql:48: ERRO:  rela├º├úo "chat_messages" n├úo existe
OK: 0752_chat_messages.sql
psql:C:/unificard/backend/migrations/0753_chat_blocks.sql:18: ERRO:  coluna "tenant_id" referenciada na restri├º├úo de chave estrangeira n├úo existe
psql:C:/unificard/backend/migrations/0753_chat_blocks.sql:23: ERRO:  rela├º├úo "chat_blocks" n├úo existe
psql:C:/unificard/backend/migrations/0753_chat_blocks.sql:24: ERRO:  rela├º├úo "chat_blocks" n├úo existe
psql:C:/unificard/backend/migrations/0753_chat_blocks.sql:25: ERRO:  rela├º├úo "chat_blocks" n├úo existe
psql:C:/unificard/backend/migrations/0753_chat_blocks.sql:30: ERRO:  rela├º├úo "chat_blocks" n├úo existe
psql:C:/unificard/backend/migrations/0753_chat_blocks.sql:31: ERRO:  rela├º├úo "chat_blocks" n├úo existe
OK: 0753_chat_blocks.sql
DO
DO
psql:C:/unificard/backend/migrations/0754_chat_reports.sql:50: ERRO:  coluna "tenant_id" referenciada na restri├º├úo de chave estrangeira n├úo existe
psql:C:/unificard/backend/migrations/0754_chat_reports.sql:55: ERRO:  rela├º├úo "chat_reports" n├úo existe
psql:C:/unificard/backend/migrations/0754_chat_reports.sql:56: ERRO:  rela├º├úo "chat_reports" n├úo existe
psql:C:/unificard/backend/migrations/0754_chat_reports.sql:57: ERRO:  rela├º├úo "chat_reports" n├úo existe
psql:C:/unificard/backend/migrations/0754_chat_reports.sql:62: ERRO:  rela├º├úo "chat_reports" n├úo existe
psql:C:/unificard/backend/migrations/0754_chat_reports.sql:63: ERRO:  rela├º├úo "chat_reports" n├úo existe
CREATE FUNCTION
psql:C:/unificard/backend/migrations/0754_chat_reports.sql:74: ERRO:  rela├º├úo "chat_reports" n├úo existe
OK: 0754_chat_reports.sql
DO
psql:C:/unificard/backend/migrations/0755_contextual_threads.sql:36: ERRO:  coluna "tenant_id" referenciada na restri├º├úo de chave estrangeira n├úo existe
psql:C:/unificard/backend/migrations/0755_contextual_threads.sql:53: ERRO:  rela├º├úo "contextual_threads" n├úo existe
psql:C:/unificard/backend/migrations/0755_contextual_threads.sql:59: ERRO:  rela├º├úo "contextual_threads" n├úo existe
psql:C:/unificard/backend/migrations/0755_contextual_threads.sql:62: ERRO:  rela├º├úo "contextual_threads" n├úo existe
psql:C:/unificard/backend/migrations/0755_contextual_threads.sql:65: ERRO:  rela├º├úo "contextual_threads" n├úo existe
psql:C:/unificard/backend/migrations/0755_contextual_threads.sql:68: ERRO:  rela├º├úo "contextual_messages" n├úo existe
psql:C:/unificard/backend/migrations/0755_contextual_threads.sql:71: ERRO:  rela├º├úo "contextual_messages" n├úo existe
psql:C:/unificard/backend/migrations/0755_contextual_threads.sql:74: ERRO:  rela├º├úo "contextual_messages" n├úo existe
CREATE FUNCTION
psql:C:/unificard/backend/migrations/0755_contextual_threads.sql:92: ERRO:  rela├º├úo "contextual_messages" n├úo existe
psql:C:/unificard/backend/migrations/0755_contextual_threads.sql:97: ERRO:  rela├º├úo "contextual_threads" n├úo existe
psql:C:/unificard/backend/migrations/0755_contextual_threads.sql:98: ERRO:  rela├º├úo "contextual_messages" n├úo existe
psql:C:/unificard/backend/migrations/0755_contextual_threads.sql:102: ERRO:  rela├º├úo "contextual_threads" n├úo existe
psql:C:/unificard/backend/migrations/0755_contextual_threads.sql:106: ERRO:  rela├º├úo "contextual_messages" n├úo existe
OK: 0755_contextual_threads.sql
psql:C:/unificard/backend/migrations/0756_social_actions.sql:60: ERRO:  rela├º├úo "posts" n├úo existe
psql:C:/unificard/backend/migrations/0756_social_actions.sql:66: ERRO:  rela├º├úo "social_actions" n├úo existe
psql:C:/unificard/backend/migrations/0756_social_actions.sql:69: ERRO:  rela├º├úo "social_actions" n├úo existe
psql:C:/unificard/backend/migrations/0756_social_actions.sql:72: ERRO:  rela├º├úo "social_actions" n├úo existe
psql:C:/unificard/backend/migrations/0756_social_actions.sql:75: ERRO:  rela├º├úo "social_actions" n├úo existe
psql:C:/unificard/backend/migrations/0756_social_actions.sql:78: ERRO:  rela├º├úo "social_actions" n├úo existe
psql:C:/unificard/backend/migrations/0756_social_actions.sql:81: ERRO:  rela├º├úo "social_actions" n├úo existe
psql:C:/unificard/backend/migrations/0756_social_actions.sql:86: ERRO:  rela├º├úo "social_actions" n├úo existe
psql:C:/unificard/backend/migrations/0756_social_actions.sql:102: ERRO:  rela├º├úo "social_actions" n├úo existe
CONTEXTO:  comando SQL "CREATE POLICY social_actions_rls

      ON social_actions

      USING (tenant_id::text = current_setting('app.current_tenant', true))

      WITH CHECK (tenant_id::text = current_setting('app.current_tenant', true))"
fun├º├úo PL/pgSQL inline_code_block linha 10 em comando SQL
DROP TRIGGER
psql:C:/unificard/backend/migrations/0756_social_actions.sql:107: NOTA:  rela├º├úo "social_actions" n├úo existe, ignorando
psql:C:/unificard/backend/migrations/0756_social_actions.sql:111: ERRO:  rela├º├úo "social_actions" n├úo existe
psql:C:/unificard/backend/migrations/0756_social_actions.sql:117: ERRO:  rela├º├úo "social_actions" n├úo existe
psql:C:/unificard/backend/migrations/0756_social_actions.sql:120: ERRO:  rela├º├úo "social_actions" n├úo existe
psql:C:/unificard/backend/migrations/0756_social_actions.sql:123: ERRO:  rela├º├úo "social_actions" n├úo existe
psql:C:/unificard/backend/migrations/0756_social_actions.sql:126: ERRO:  rela├º├úo "social_actions" n├úo existe
psql:C:/unificard/backend/migrations/0756_social_actions.sql:129: ERRO:  rela├º├úo "social_actions" n├úo existe
psql:C:/unificard/backend/migrations/0756_social_actions.sql:132: ERRO:  rela├º├úo "social_actions" n├úo existe
psql:C:/unificard/backend/migrations/0756_social_actions.sql:135: ERRO:  rela├º├úo "social_actions" n├úo existe
psql:C:/unificard/backend/migrations/0756_social_actions.sql:138: ERRO:  rela├º├úo "social_actions" n├úo existe
OK: 0756_social_actions.sql
psql:C:/unificard/backend/migrations/0757_social_chat_intelligence.sql:65: ERRO:  coluna "tenant_id" referenciada na restri├º├úo de chave estrangeira n├úo existe
psql:C:/unificard/backend/migrations/0757_social_chat_intelligence.sql:71: ERRO:  rela├º├úo "social_chat_messages" n├úo existe
psql:C:/unificard/backend/migrations/0757_social_chat_intelligence.sql:74: ERRO:  rela├º├úo "social_chat_messages" n├úo existe
psql:C:/unificard/backend/migrations/0757_social_chat_intelligence.sql:77: ERRO:  rela├º├úo "social_chat_messages" n├úo existe
psql:C:/unificard/backend/migrations/0757_social_chat_intelligence.sql:81: ERRO:  rela├º├úo "social_chat_messages" n├úo existe
psql:C:/unificard/backend/migrations/0757_social_chat_intelligence.sql:84: ERRO:  rela├º├úo "social_chat_messages" n├úo existe
psql:C:/unificard/backend/migrations/0757_social_chat_intelligence.sql:89: ERRO:  rela├º├úo "social_chat_messages" n├úo existe
psql:C:/unificard/backend/migrations/0757_social_chat_intelligence.sql:105: ERRO:  rela├º├úo "social_chat_messages" n├úo existe
CONTEXTO:  comando SQL "CREATE POLICY social_chat_messages_rls

      ON social_chat_messages

      USING (tenant_id::text = current_setting('app.current_tenant', true))

      WITH CHECK (tenant_id::text = current_setting('app.current_tenant', true))"
fun├º├úo PL/pgSQL inline_code_block linha 10 em comando SQL
DROP TRIGGER
psql:C:/unificard/backend/migrations/0757_social_chat_intelligence.sql:110: NOTA:  rela├º├úo "social_chat_messages" n├úo existe, ignorando
psql:C:/unificard/backend/migrations/0757_social_chat_intelligence.sql:114: ERRO:  rela├º├úo "social_chat_messages" n├úo existe
psql:C:/unificard/backend/migrations/0757_social_chat_intelligence.sql:120: ERRO:  rela├º├úo "social_chat_messages" n├úo existe
psql:C:/unificard/backend/migrations/0757_social_chat_intelligence.sql:123: ERRO:  rela├º├úo "social_chat_messages" n├úo existe
psql:C:/unificard/backend/migrations/0757_social_chat_intelligence.sql:126: ERRO:  rela├º├úo "social_chat_messages" n├úo existe
psql:C:/unificard/backend/migrations/0757_social_chat_intelligence.sql:129: ERRO:  rela├º├úo "social_chat_messages" n├úo existe
psql:C:/unificard/backend/migrations/0757_social_chat_intelligence.sql:132: ERRO:  rela├º├úo "social_chat_messages" n├úo existe
psql:C:/unificard/backend/migrations/0757_social_chat_intelligence.sql:135: ERRO:  rela├º├úo "social_chat_messages" n├úo existe
psql:C:/unificard/backend/migrations/0757_social_chat_intelligence.sql:138: ERRO:  rela├º├úo "social_chat_messages" n├úo existe
psql:C:/unificard/backend/migrations/0757_social_chat_intelligence.sql:141: ERRO:  rela├º├úo "social_chat_messages" n├úo existe
OK: 0757_social_chat_intelligence.sql
psql:C:/unificard/backend/migrations/0758_social_follows.sql:81: ERRO:  coluna "tenant_id" referenciada na restri├º├úo de chave estrangeira n├úo existe
psql:C:/unificard/backend/migrations/0758_social_follows.sql:88: ERRO:  rela├º├úo "follows" n├úo existe
psql:C:/unificard/backend/migrations/0758_social_follows.sql:91: ERRO:  rela├º├úo "follows" n├úo existe
psql:C:/unificard/backend/migrations/0758_social_follows.sql:94: ERRO:  rela├º├úo "follows" n├úo existe
psql:C:/unificard/backend/migrations/0758_social_follows.sql:97: ERRO:  rela├º├úo "follows" n├úo existe
CREATE FUNCTION
psql:C:/unificard/backend/migrations/0758_social_follows.sql:148: ERRO:  rela├º├úo "follows" n├úo existe
CONTEXTO:  comando SQL "CREATE TRIGGER trg_follows_enforce_tenant

      BEFORE INSERT OR UPDATE ON follows

      FOR EACH ROW

      EXECUTE FUNCTION follows_enforce_tenant_consistency()"
fun├º├úo PL/pgSQL inline_code_block linha 7 em comando SQL
psql:C:/unificard/backend/migrations/0758_social_follows.sql:154: ERRO:  rela├º├úo "follows" n├úo existe
psql:C:/unificard/backend/migrations/0758_social_follows.sql:168: ERRO:  rela├º├úo "follows" n├úo existe
CONTEXTO:  comando SQL "CREATE POLICY follows_rls

      ON follows

      USING (tenant_id::text = current_setting('app.current_tenant', true))

      WITH CHECK (tenant_id::text = current_setting('app.current_tenant', true))"
fun├º├úo PL/pgSQL inline_code_block linha 8 em comando SQL
psql:C:/unificard/backend/migrations/0758_social_follows.sql:175: ERRO:  rela├º├úo "follows" n├úo existe
OK: 0758_social_follows.sql
DO
psql:C:/unificard/backend/migrations/0759_social_marketplace_refs.sql:58: ERRO:  coluna "tenant_id" referenciada na restri├º├úo de chave estrangeira n├úo existe
psql:C:/unificard/backend/migrations/0759_social_marketplace_refs.sql:65: ERRO:  rela├º├úo "social_marketplace_refs" n├úo existe
psql:C:/unificard/backend/migrations/0759_social_marketplace_refs.sql:69: ERRO:  rela├º├úo "social_marketplace_refs" n├úo existe
psql:C:/unificard/backend/migrations/0759_social_marketplace_refs.sql:73: ERRO:  rela├º├úo "social_marketplace_refs" n├úo existe
psql:C:/unificard/backend/migrations/0759_social_marketplace_refs.sql:77: ERRO:  rela├º├úo "social_marketplace_refs" n├úo existe
psql:C:/unificard/backend/migrations/0759_social_marketplace_refs.sql:82: ERRO:  rela├º├úo "social_marketplace_refs" n├úo existe
psql:C:/unificard/backend/migrations/0759_social_marketplace_refs.sql:85: ERRO:  rela├º├úo "social_marketplace_refs" n├úo existe
psql:C:/unificard/backend/migrations/0759_social_marketplace_refs.sql:91: ERRO:  rela├º├úo "social_marketplace_refs" n├úo existe
psql:C:/unificard/backend/migrations/0759_social_marketplace_refs.sql:94: ERRO:  rela├º├úo "social_marketplace_refs" n├úo existe
psql:C:/unificard/backend/migrations/0759_social_marketplace_refs.sql:97: ERRO:  rela├º├úo "social_marketplace_refs" n├úo existe
psql:C:/unificard/backend/migrations/0759_social_marketplace_refs.sql:100: ERRO:  rela├º├úo "social_marketplace_refs" n├úo existe
psql:C:/unificard/backend/migrations/0759_social_marketplace_refs.sql:103: ERRO:  rela├º├úo "social_marketplace_refs" n├úo existe
OK: 0759_social_marketplace_refs.sql
psql:C:/unificard/backend/migrations/0760_care_engine.sql:72: ERRO:  coluna "tenant_id" referenciada na restri├º├úo de chave estrangeira n├úo existe
psql:C:/unificard/backend/migrations/0760_care_engine.sql:76: ERRO:  rela├º├úo "care_sessions" n├úo existe
psql:C:/unificard/backend/migrations/0760_care_engine.sql:79: ERRO:  rela├º├úo "care_sessions" n├úo existe
psql:C:/unificard/backend/migrations/0760_care_engine.sql:83: ERRO:  rela├º├úo "care_sessions" n├úo existe
psql:C:/unificard/backend/migrations/0760_care_engine.sql:87: ERRO:  rela├º├úo "care_sessions" n├úo existe
psql:C:/unificard/backend/migrations/0760_care_engine.sql:90: ERRO:  rela├º├úo "care_sessions" n├úo existe
psql:C:/unificard/backend/migrations/0760_care_engine.sql:93: ERRO:  rela├º├úo "care_sessions" n├úo existe
psql:C:/unificard/backend/migrations/0760_care_engine.sql:109: ERRO:  rela├º├úo "care_sessions" n├úo existe
CONTEXTO:  comando SQL "CREATE POLICY care_sessions_rls

      ON care_sessions

      USING (tenant_id::text = current_setting('app.current_tenant', true))

      WITH CHECK (tenant_id::text = current_setting('app.current_tenant', true))"
fun├º├úo PL/pgSQL inline_code_block linha 10 em comando SQL
psql:C:/unificard/backend/migrations/0760_care_engine.sql:112: NOTA:  rela├º├úo "care_sessions" n├úo existe, ignorando
DROP TRIGGER
psql:C:/unificard/backend/migrations/0760_care_engine.sql:116: ERRO:  rela├º├úo "care_sessions" n├úo existe
psql:C:/unificard/backend/migrations/0760_care_engine.sql:136: ERRO:  rela├º├úo "care_sessions" n├úo existe
psql:C:/unificard/backend/migrations/0760_care_engine.sql:140: ERRO:  rela├º├úo "care_messages" n├úo existe
psql:C:/unificard/backend/migrations/0760_care_engine.sql:143: ERRO:  rela├º├úo "care_messages" n├úo existe
psql:C:/unificard/backend/migrations/0760_care_engine.sql:147: ERRO:  rela├º├úo "care_messages" n├úo existe
psql:C:/unificard/backend/migrations/0760_care_engine.sql:150: ERRO:  rela├º├úo "care_messages" n├úo existe
psql:C:/unificard/backend/migrations/0760_care_engine.sql:180: ERRO:  rela├º├úo "care_messages" n├úo existe
CONTEXTO:  comando SQL "CREATE POLICY care_messages_rls

      ON care_messages

      USING (

        EXISTS (

          SELECT 1

          FROM care_sessions s

          WHERE s.care_session_id = care_messages.care_session_id

            AND s.tenant_id::text = current_setting('app.current_tenant', true)

        )

      )

      WITH CHECK (

        EXISTS (

          SELECT 1

          FROM care_sessions s

          WHERE s.care_session_id = care_messages.care_session_id

            AND s.tenant_id::text = current_setting('app.current_tenant', true)

        )

      )"
fun├º├úo PL/pgSQL inline_code_block linha 10 em comando SQL
psql:C:/unificard/backend/migrations/0760_care_engine.sql:186: ERRO:  rela├º├úo "care_sessions" n├úo existe
psql:C:/unificard/backend/migrations/0760_care_engine.sql:189: ERRO:  rela├º├úo "care_sessions" n├úo existe
psql:C:/unificard/backend/migrations/0760_care_engine.sql:192: ERRO:  rela├º├úo "care_sessions" n├úo existe
psql:C:/unificard/backend/migrations/0760_care_engine.sql:195: ERRO:  rela├º├úo "care_sessions" n├úo existe
psql:C:/unificard/backend/migrations/0760_care_engine.sql:198: ERRO:  rela├º├úo "care_sessions" n├úo existe
psql:C:/unificard/backend/migrations/0760_care_engine.sql:201: ERRO:  rela├º├úo "care_sessions" n├úo existe
psql:C:/unificard/backend/migrations/0760_care_engine.sql:204: ERRO:  rela├º├úo "care_messages" n├úo existe
psql:C:/unificard/backend/migrations/0760_care_engine.sql:207: ERRO:  rela├º├úo "care_messages" n├úo existe
psql:C:/unificard/backend/migrations/0760_care_engine.sql:210: ERRO:  rela├º├úo "care_messages" n├úo existe
OK: 0760_care_engine.sql
psql:C:/unificard/backend/migrations/0761_memory_engine.sql:65: ERRO:  coluna "tenant_id" referenciada na restri├º├úo de chave estrangeira n├úo existe
psql:C:/unificard/backend/migrations/0761_memory_engine.sql:69: ERRO:  rela├º├úo "user_memory_preferences" n├úo existe
psql:C:/unificard/backend/migrations/0761_memory_engine.sql:72: ERRO:  rela├º├úo "user_memory_preferences" n├úo existe
psql:C:/unificard/backend/migrations/0761_memory_engine.sql:75: ERRO:  rela├º├úo "user_memory_preferences" n├úo existe
psql:C:/unificard/backend/migrations/0761_memory_engine.sql:78: ERRO:  rela├º├úo "user_memory_preferences" n├úo existe
psql:C:/unificard/backend/migrations/0761_memory_engine.sql:93: ERRO:  rela├º├úo "user_memory_preferences" n├úo existe
CONTEXTO:  comando SQL "CREATE POLICY user_memory_preferences_rls

      ON user_memory_preferences

      USING (tenant_id::text = current_setting('app.current_tenant', true))

      WITH CHECK (tenant_id::text = current_setting('app.current_tenant', true))"
fun├º├úo PL/pgSQL inline_code_block linha 9 em comando SQL
psql:C:/unificard/backend/migrations/0761_memory_engine.sql:95: NOTA:  rela├º├úo "user_memory_preferences" n├úo existe, ignorando
DROP TRIGGER
psql:C:/unificard/backend/migrations/0761_memory_engine.sql:99: ERRO:  rela├º├úo "user_memory_preferences" n├úo existe
psql:C:/unificard/backend/migrations/0761_memory_engine.sql:127: ERRO:  coluna "tenant_id" referenciada na restri├º├úo de chave estrangeira n├úo existe
psql:C:/unificard/backend/migrations/0761_memory_engine.sql:131: ERRO:  rela├º├úo "user_memory_interactions" n├úo existe
psql:C:/unificard/backend/migrations/0761_memory_engine.sql:134: ERRO:  rela├º├úo "user_memory_interactions" n├úo existe
psql:C:/unificard/backend/migrations/0761_memory_engine.sql:137: ERRO:  rela├º├úo "user_memory_interactions" n├úo existe
psql:C:/unificard/backend/migrations/0761_memory_engine.sql:140: ERRO:  rela├º├úo "user_memory_interactions" n├úo existe
psql:C:/unificard/backend/migrations/0761_memory_engine.sql:143: ERRO:  rela├º├úo "user_memory_interactions" n├úo existe
psql:C:/unificard/backend/migrations/0761_memory_engine.sql:158: ERRO:  rela├º├úo "user_memory_interactions" n├úo existe
CONTEXTO:  comando SQL "CREATE POLICY user_memory_interactions_rls

      ON user_memory_interactions

      USING (tenant_id::text = current_setting('app.current_tenant', true))

      WITH CHECK (tenant_id::text = current_setting('app.current_tenant', true))"
fun├º├úo PL/pgSQL inline_code_block linha 9 em comando SQL
DROP TRIGGER
psql:C:/unificard/backend/migrations/0761_memory_engine.sql:160: NOTA:  rela├º├úo "user_memory_interactions" n├úo existe, ignorando
psql:C:/unificard/backend/migrations/0761_memory_engine.sql:164: ERRO:  rela├º├úo "user_memory_interactions" n├úo existe
psql:C:/unificard/backend/migrations/0761_memory_engine.sql:194: ERRO:  coluna "tenant_id" referenciada na restri├º├úo de chave estrangeira n├úo existe
psql:C:/unificard/backend/migrations/0761_memory_engine.sql:198: ERRO:  rela├º├úo "user_memory_entities" n├úo existe
psql:C:/unificard/backend/migrations/0761_memory_engine.sql:201: ERRO:  rela├º├úo "user_memory_entities" n├úo existe
psql:C:/unificard/backend/migrations/0761_memory_engine.sql:205: ERRO:  rela├º├úo "user_memory_entities" n├úo existe
psql:C:/unificard/backend/migrations/0761_memory_engine.sql:209: ERRO:  rela├º├úo "user_memory_entities" n├úo existe
psql:C:/unificard/backend/migrations/0761_memory_engine.sql:212: ERRO:  rela├º├úo "user_memory_entities" n├úo existe
psql:C:/unificard/backend/migrations/0761_memory_engine.sql:215: ERRO:  rela├º├úo "user_memory_entities" n├úo existe
psql:C:/unificard/backend/migrations/0761_memory_engine.sql:230: ERRO:  rela├º├úo "user_memory_entities" n├úo existe
CONTEXTO:  comando SQL "CREATE POLICY user_memory_entities_rls

      ON user_memory_entities

      USING (tenant_id::text = current_setting('app.current_tenant', true))

      WITH CHECK (tenant_id::text = current_setting('app.current_tenant', true))"
fun├º├úo PL/pgSQL inline_code_block linha 9 em comando SQL
psql:C:/unificard/backend/migrations/0761_memory_engine.sql:232: NOTA:  rela├º├úo "user_memory_entities" n├úo existe, ignorando
DROP TRIGGER
psql:C:/unificard/backend/migrations/0761_memory_engine.sql:236: ERRO:  rela├º├úo "user_memory_entities" n├úo existe
psql:C:/unificard/backend/migrations/0761_memory_engine.sql:259: ERRO:  coluna "tenant_id" referenciada na restri├º├úo de chave estrangeira n├úo existe
psql:C:/unificard/backend/migrations/0761_memory_engine.sql:263: ERRO:  rela├º├úo "user_memory_shortcuts" n├úo existe
psql:C:/unificard/backend/migrations/0761_memory_engine.sql:266: ERRO:  rela├º├úo "user_memory_shortcuts" n├úo existe
psql:C:/unificard/backend/migrations/0761_memory_engine.sql:269: ERRO:  rela├º├úo "user_memory_shortcuts" n├úo existe
psql:C:/unificard/backend/migrations/0761_memory_engine.sql:272: ERRO:  rela├º├úo "user_memory_shortcuts" n├úo existe
psql:C:/unificard/backend/migrations/0761_memory_engine.sql:287: ERRO:  rela├º├úo "user_memory_shortcuts" n├úo existe
CONTEXTO:  comando SQL "CREATE POLICY user_memory_shortcuts_rls

      ON user_memory_shortcuts

      USING (tenant_id::text = current_setting('app.current_tenant', true))

      WITH CHECK (tenant_id::text = current_setting('app.current_tenant', true))"
fun├º├úo PL/pgSQL inline_code_block linha 9 em comando SQL
psql:C:/unificard/backend/migrations/0761_memory_engine.sql:289: NOTA:  rela├º├úo "user_memory_shortcuts" n├úo existe, ignorando
DROP TRIGGER
psql:C:/unificard/backend/migrations/0761_memory_engine.sql:293: ERRO:  rela├º├úo "user_memory_shortcuts" n├úo existe
psql:C:/unificard/backend/migrations/0761_memory_engine.sql:299: ERRO:  rela├º├úo "user_memory_preferences" n├úo existe
psql:C:/unificard/backend/migrations/0761_memory_engine.sql:302: ERRO:  rela├º├úo "user_memory_interactions" n├úo existe
psql:C:/unificard/backend/migrations/0761_memory_engine.sql:305: ERRO:  rela├º├úo "user_memory_entities" n├úo existe
psql:C:/unificard/backend/migrations/0761_memory_engine.sql:308: ERRO:  rela├º├úo "user_memory_shortcuts" n├úo existe
OK: 0761_memory_engine.sql
CREATE EXTENSION
psql:C:/unificard/backend/migrations/0770_events_core.sql:23: NOTA:  extens├úo "uuid-ossp" j├í existe, ignorando
psql:C:/unificard/backend/migrations/0770_events_core.sql:54: ERRO:  coluna "tenant_id" referenciada na restri├º├úo de chave estrangeira n├úo existe
psql:C:/unificard/backend/migrations/0770_events_core.sql:57: ERRO:  rela├º├úo "events" n├úo existe
psql:C:/unificard/backend/migrations/0770_events_core.sql:58: ERRO:  rela├º├úo "events" n├úo existe
psql:C:/unificard/backend/migrations/0770_events_core.sql:59: ERRO:  rela├º├úo "events" n├úo existe
psql:C:/unificard/backend/migrations/0770_events_core.sql:60: ERRO:  rela├º├úo "events" n├úo existe
psql:C:/unificard/backend/migrations/0770_events_core.sql:61: ERRO:  rela├º├úo "events" n├úo existe
psql:C:/unificard/backend/migrations/0770_events_core.sql:64: ERRO:  rela├º├úo "events" n├úo existe
psql:C:/unificard/backend/migrations/0770_events_core.sql:79: ERRO:  rela├º├úo "events" n├úo existe
CONTEXTO:  comando SQL "CREATE POLICY events_rls

      ON events

      USING (tenant_id::text = current_setting('app.current_tenant', true))"
fun├º├úo PL/pgSQL inline_code_block linha 10 em comando SQL
psql:C:/unificard/backend/migrations/0770_events_core.sql:82: NOTA:  rela├º├úo "events" n├úo existe, ignorando
DROP TRIGGER
psql:C:/unificard/backend/migrations/0770_events_core.sql:86: ERRO:  rela├º├úo "events" n├úo existe
psql:C:/unificard/backend/migrations/0770_events_core.sql:108: ERRO:  rela├º├úo "events" n├úo existe
psql:C:/unificard/backend/migrations/0770_events_core.sql:111: ERRO:  rela├º├úo "event_sessions" n├úo existe
psql:C:/unificard/backend/migrations/0770_events_core.sql:112: ERRO:  rela├º├úo "event_sessions" n├úo existe
psql:C:/unificard/backend/migrations/0770_events_core.sql:115: ERRO:  rela├º├úo "event_sessions" n├úo existe
psql:C:/unificard/backend/migrations/0770_events_core.sql:137: ERRO:  rela├º├úo "event_sessions" n├úo existe
CONTEXTO:  comando SQL "CREATE POLICY event_sessions_rls

      ON event_sessions

      USING (

        EXISTS (

          SELECT 1

          FROM events e

          WHERE e.id = event_sessions.event_id

            AND e.tenant_id::text = current_setting('app.current_tenant', true)

        )

      )"
fun├º├úo PL/pgSQL inline_code_block linha 10 em comando SQL
psql:C:/unificard/backend/migrations/0770_events_core.sql:139: NOTA:  rela├º├úo "event_sessions" n├úo existe, ignorando
DROP TRIGGER
psql:C:/unificard/backend/migrations/0770_events_core.sql:143: ERRO:  rela├º├úo "event_sessions" n├úo existe
psql:C:/unificard/backend/migrations/0770_events_core.sql:161: ERRO:  rela├º├úo "events" n├úo existe
psql:C:/unificard/backend/migrations/0770_events_core.sql:164: ERRO:  rela├º├úo "event_locations" n├úo existe
psql:C:/unificard/backend/migrations/0770_events_core.sql:167: ERRO:  rela├º├úo "event_locations" n├úo existe
psql:C:/unificard/backend/migrations/0770_events_core.sql:189: ERRO:  rela├º├úo "event_locations" n├úo existe
CONTEXTO:  comando SQL "CREATE POLICY event_locations_rls

      ON event_locations

      USING (

        EXISTS (

          SELECT 1

          FROM events e

          WHERE e.id = event_locations.event_id

            AND e.tenant_id::text = current_setting('app.current_tenant', true)

        )

      )"
fun├º├úo PL/pgSQL inline_code_block linha 10 em comando SQL
DROP TRIGGER
psql:C:/unificard/backend/migrations/0770_events_core.sql:191: NOTA:  rela├º├úo "event_locations" n├úo existe, ignorando
psql:C:/unificard/backend/migrations/0770_events_core.sql:195: ERRO:  rela├º├úo "event_locations" n├úo existe
psql:C:/unificard/backend/migrations/0770_events_core.sql:221: ERRO:  rela├º├úo "events" n├úo existe
psql:C:/unificard/backend/migrations/0770_events_core.sql:224: ERRO:  rela├º├úo "event_staff" n├úo existe
psql:C:/unificard/backend/migrations/0770_events_core.sql:225: ERRO:  rela├º├úo "event_staff" n├úo existe
psql:C:/unificard/backend/migrations/0770_events_core.sql:228: ERRO:  rela├º├úo "event_staff" n├úo existe
psql:C:/unificard/backend/migrations/0770_events_core.sql:250: ERRO:  rela├º├úo "event_staff" n├úo existe
CONTEXTO:  comando SQL "CREATE POLICY event_staff_rls

      ON event_staff

      USING (

        EXISTS (

          SELECT 1

          FROM events e

          WHERE e.id = event_staff.event_id

            AND e.tenant_id::text = current_setting('app.current_tenant', true)

        )

      )"
fun├º├úo PL/pgSQL inline_code_block linha 10 em comando SQL
psql:C:/unificard/backend/migrations/0770_events_core.sql:272: ERRO:  rela├º├úo "events" n├úo existe
psql:C:/unificard/backend/migrations/0770_events_core.sql:275: ERRO:  rela├º├úo "event_attendees" n├úo existe
psql:C:/unificard/backend/migrations/0770_events_core.sql:276: ERRO:  rela├º├úo "event_attendees" n├úo existe
psql:C:/unificard/backend/migrations/0770_events_core.sql:278: ERRO:  rela├º├úo "event_attendees" n├úo existe
psql:C:/unificard/backend/migrations/0770_events_core.sql:281: ERRO:  rela├º├úo "event_attendees" n├úo existe
psql:C:/unificard/backend/migrations/0770_events_core.sql:303: ERRO:  rela├º├úo "event_attendees" n├úo existe
CONTEXTO:  comando SQL "CREATE POLICY event_attendees_rls

      ON event_attendees

      USING (

        EXISTS (

          SELECT 1

          FROM events e

          WHERE e.id = event_attendees.event_id

            AND e.tenant_id::text = current_setting('app.current_tenant', true)

        )

      )"
fun├º├úo PL/pgSQL inline_code_block linha 10 em comando SQL
psql:C:/unificard/backend/migrations/0770_events_core.sql:309: ERRO:  rela├º├úo "events" n├úo existe
psql:C:/unificard/backend/migrations/0770_events_core.sql:310: ERRO:  rela├º├úo "event_sessions" n├úo existe
psql:C:/unificard/backend/migrations/0770_events_core.sql:311: ERRO:  rela├º├úo "event_locations" n├úo existe
psql:C:/unificard/backend/migrations/0770_events_core.sql:312: ERRO:  rela├º├úo "event_staff" n├úo existe
psql:C:/unificard/backend/migrations/0770_events_core.sql:313: ERRO:  rela├º├úo "event_attendees" n├úo existe
OK: 0770_events_core.sql
CREATE EXTENSION
psql:C:/unificard/backend/migrations/0771_event_organizers.sql:24: NOTA:  extens├úo "uuid-ossp" j├í existe, ignorando
psql:C:/unificard/backend/migrations/0771_event_organizers.sql:47: ERRO:  coluna "tenant_id" referenciada na restri├º├úo de chave estrangeira n├úo existe
psql:C:/unificard/backend/migrations/0771_event_organizers.sql:50: ERRO:  rela├º├úo "event_organizers" n├úo existe
psql:C:/unificard/backend/migrations/0771_event_organizers.sql:51: ERRO:  rela├º├úo "event_organizers" n├úo existe
psql:C:/unificard/backend/migrations/0771_event_organizers.sql:54: ERRO:  rela├º├úo "event_organizers" n├úo existe
psql:C:/unificard/backend/migrations/0771_event_organizers.sql:70: ERRO:  rela├º├úo "event_organizers" n├úo existe
CONTEXTO:  comando SQL "CREATE POLICY event_organizers_rls

      ON event_organizers

      USING (tenant_id::text = current_setting('app.current_tenant', true))

      WITH CHECK (tenant_id::text = current_setting('app.current_tenant', true))"
fun├º├úo PL/pgSQL inline_code_block linha 10 em comando SQL
psql:C:/unificard/backend/migrations/0771_event_organizers.sql:73: NOTA:  rela├º├úo "event_organizers" n├úo existe, ignorando
DROP TRIGGER
psql:C:/unificard/backend/migrations/0771_event_organizers.sql:77: ERRO:  rela├º├úo "event_organizers" n├úo existe
psql:C:/unificard/backend/migrations/0771_event_organizers.sql:99: ERRO:  rela├º├úo "event_organizers" n├úo existe
psql:C:/unificard/backend/migrations/0771_event_organizers.sql:102: ERRO:  rela├º├úo "event_organizer_members" n├úo existe
psql:C:/unificard/backend/migrations/0771_event_organizers.sql:103: ERRO:  rela├º├úo "event_organizer_members" n├úo existe
psql:C:/unificard/backend/migrations/0771_event_organizers.sql:106: ERRO:  rela├º├úo "event_organizer_members" n├úo existe
psql:C:/unificard/backend/migrations/0771_event_organizers.sql:136: ERRO:  rela├º├úo "event_organizer_members" n├úo existe
CONTEXTO:  comando SQL "CREATE POLICY event_organizer_members_rls

      ON event_organizer_members

      USING (

        EXISTS (

          SELECT 1

          FROM event_organizers o

          WHERE o.id = event_organizer_members.organizer_id

            AND o.tenant_id::text = current_setting('app.current_tenant', true)

        )

      )

      WITH CHECK (

        EXISTS (

          SELECT 1

          FROM event_organizers o

          WHERE o.id = event_organizer_members.organizer_id

            AND o.tenant_id::text = current_setting('app.current_tenant', true)

        )

      )"
fun├º├úo PL/pgSQL inline_code_block linha 10 em comando SQL
psql:C:/unificard/backend/migrations/0771_event_organizers.sql:145: ERRO:  rela├º├úo "events" n├úo existe
psql:C:/unificard/backend/migrations/0771_event_organizers.sql:149: ERRO:  rela├º├úo "events" n├úo existe
psql:C:/unificard/backend/migrations/0771_event_organizers.sql:155: ERRO:  rela├º├úo "event_organizers" n├úo existe
psql:C:/unificard/backend/migrations/0771_event_organizers.sql:156: ERRO:  rela├º├úo "event_organizer_members" n├úo existe
psql:C:/unificard/backend/migrations/0771_event_organizers.sql:157: ERRO:  rela├º├úo "events" n├úo existe
OK: 0771_event_organizers.sql
psql:C:/unificard/backend/migrations/0772_events_canonical_contract.sql:73: ERRO:  rela├º├úo "events" n├úo existe
CONTEXTO:  comando SQL "ALTER TABLE events ADD COLUMN actor_id UUID"
fun├º├úo PL/pgSQL inline_code_block linha 7 em comando SQL
psql:C:/unificard/backend/migrations/0772_events_canonical_contract.sql:79: ERRO:  rela├º├úo "events" n├úo existe
psql:C:/unificard/backend/migrations/0772_events_canonical_contract.sql:82: ERRO:  rela├º├úo "events" n├úo existe
psql:C:/unificard/backend/migrations/0772_events_canonical_contract.sql:84: ERRO:  rela├º├úo "events" n├úo existe
psql:C:/unificard/backend/migrations/0772_events_canonical_contract.sql:87: ERRO:  rela├º├úo "events" n├úo existe
psql:C:/unificard/backend/migrations/0772_events_canonical_contract.sql:89: ERRO:  rela├º├úo "events" n├úo existe
psql:C:/unificard/backend/migrations/0772_events_canonical_contract.sql:114: ERRO:  rela├º├úo "events" n├úo existe
CONTEXTO:  comando SQL "ALTER TABLE events ADD COLUMN datetime_start TIMESTAMPTZ"
fun├º├úo PL/pgSQL inline_code_block linha 7 em comando SQL
psql:C:/unificard/backend/migrations/0772_events_canonical_contract.sql:119: ERRO:  rela├º├úo "events" n├úo existe
psql:C:/unificard/backend/migrations/0772_events_canonical_contract.sql:126: ERRO:  rela├º├úo "events" n├úo existe
psql:C:/unificard/backend/migrations/0772_events_canonical_contract.sql:129: ERRO:  rela├º├úo "events" n├úo existe
psql:C:/unificard/backend/migrations/0772_events_canonical_contract.sql:132: ERRO:  rela├º├úo "events" n├úo existe
psql:C:/unificard/backend/migrations/0772_events_canonical_contract.sql:135: ERRO:  rela├º├úo "events" n├úo existe
psql:C:/unificard/backend/migrations/0772_events_canonical_contract.sql:138: ERRO:  rela├º├úo "events" n├úo existe
psql:C:/unificard/backend/migrations/0772_events_canonical_contract.sql:145: ERRO:  rela├º├úo "events" n├úo existe
psql:C:/unificard/backend/migrations/0772_events_canonical_contract.sql:148: ERRO:  rela├º├úo "events" n├úo existe
psql:C:/unificard/backend/migrations/0772_events_canonical_contract.sql:151: ERRO:  rela├º├úo "events" n├úo existe
psql:C:/unificard/backend/migrations/0772_events_canonical_contract.sql:154: ERRO:  rela├º├úo "events" n├úo existe
psql:C:/unificard/backend/migrations/0772_events_canonical_contract.sql:157: ERRO:  rela├º├úo "events" n├úo existe
psql:C:/unificard/backend/migrations/0772_events_canonical_contract.sql:160: ERRO:  rela├º├úo "events" n├úo existe
psql:C:/unificard/backend/migrations/0772_events_canonical_contract.sql:163: ERRO:  rela├º├úo "events" n├úo existe
OK: 0772_events_canonical_contract.sql
psql:C:/unificard/backend/migrations/0773_event_attendees_canonical_contract.sql:59: ERRO:  rela├º├úo "event_attendees" n├úo existe
CONTEXTO:  comando SQL "ALTER TABLE event_attendees

      ADD COLUMN tenant_id UUID REFERENCES tenants(tenant_id) ON DELETE CASCADE"
fun├º├úo PL/pgSQL inline_code_block linha 7 em comando SQL
psql:C:/unificard/backend/migrations/0773_event_attendees_canonical_contract.sql:67: ERRO:  rela├º├úo "event_attendees" n├úo existe
psql:C:/unificard/backend/migrations/0773_event_attendees_canonical_contract.sql:73: ERRO:  rela├º├úo "event_attendees" n├úo existe
psql:C:/unificard/backend/migrations/0773_event_attendees_canonical_contract.sql:80: ERRO:  rela├º├úo "event_attendees" n├úo existe
psql:C:/unificard/backend/migrations/0773_event_attendees_canonical_contract.sql:83: ERRO:  rela├º├úo "event_attendees" n├úo existe
psql:C:/unificard/backend/migrations/0773_event_attendees_canonical_contract.sql:87: ERRO:  rela├º├úo "event_attendees" n├úo existe
psql:C:/unificard/backend/migrations/0773_event_attendees_canonical_contract.sql:91: ERRO:  rela├º├úo "event_attendees" n├úo existe
psql:C:/unificard/backend/migrations/0773_event_attendees_canonical_contract.sql:94: ERRO:  rela├º├úo "event_attendees" n├úo existe
psql:C:/unificard/backend/migrations/0773_event_attendees_canonical_contract.sql:97: ERRO:  rela├º├úo "event_attendees" n├úo existe
psql:C:/unificard/backend/migrations/0773_event_attendees_canonical_contract.sql:100: ERRO:  rela├º├úo "event_attendees" n├úo existe
psql:C:/unificard/backend/migrations/0773_event_attendees_canonical_contract.sql:117: ERRO:  rela├º├úo "event_attendees" n├úo existe
LINHA 4:       AND conrelid = 'event_attendees'::regclass
                              ^
CONSULTA:  NOT EXISTS (

    SELECT 1 FROM pg_constraint

    WHERE conname = 'event_attendees_unique_actor'

      AND conrelid = 'event_attendees'::regclass

  )
CONTEXTO:  fun├º├úo PL/pgSQL inline_code_block linha 3 em IF
psql:C:/unificard/backend/migrations/0773_event_attendees_canonical_contract.sql:134: ERRO:  rela├º├úo "event_attendees" n├úo existe
LINHA 8:       AND conrelid = 'event_attendees'::regclass
                              ^
CONSULTA:  EXISTS (

    SELECT 1 FROM information_schema.columns

    WHERE table_name = 'event_attendees'

      AND column_name = 'global_user_id'

  ) AND NOT EXISTS (

    SELECT 1 FROM pg_constraint

    WHERE conname = 'event_attendees_unique_global_user'

      AND conrelid = 'event_attendees'::regclass

  )
CONTEXTO:  fun├º├úo PL/pgSQL inline_code_block linha 3 em IF
psql:C:/unificard/backend/migrations/0773_event_attendees_canonical_contract.sql:141: ERRO:  rela├º├úo "event_attendees" n├úo existe
psql:C:/unificard/backend/migrations/0773_event_attendees_canonical_contract.sql:144: ERRO:  rela├º├úo "event_attendees" n├úo existe
psql:C:/unificard/backend/migrations/0773_event_attendees_canonical_contract.sql:148: ERRO:  rela├º├úo "event_attendees" n├úo existe
psql:C:/unificard/backend/migrations/0773_event_attendees_canonical_contract.sql:151: ERRO:  rela├º├úo "event_attendees" n├úo existe
psql:C:/unificard/backend/migrations/0773_event_attendees_canonical_contract.sql:155: ERRO:  rela├º├úo "event_attendees" n├úo existe
psql:C:/unificard/backend/migrations/0773_event_attendees_canonical_contract.sql:159: ERRO:  rela├º├úo "event_attendees" n├úo existe
psql:C:/unificard/backend/migrations/0773_event_attendees_canonical_contract.sql:166: ERRO:  rela├º├úo "event_attendees" n├úo existe
psql:C:/unificard/backend/migrations/0773_event_attendees_canonical_contract.sql:169: ERRO:  rela├º├úo "event_attendees" n├úo existe
psql:C:/unificard/backend/migrations/0773_event_attendees_canonical_contract.sql:172: ERRO:  rela├º├úo "event_attendees" n├úo existe
psql:C:/unificard/backend/migrations/0773_event_attendees_canonical_contract.sql:175: ERRO:  rela├º├úo "event_attendees" n├úo existe
psql:C:/unificard/backend/migrations/0773_event_attendees_canonical_contract.sql:178: ERRO:  rela├º├úo "event_attendees" n├úo existe
psql:C:/unificard/backend/migrations/0773_event_attendees_canonical_contract.sql:181: ERRO:  rela├º├úo "event_attendees" n├úo existe
psql:C:/unificard/backend/migrations/0773_event_attendees_canonical_contract.sql:184: ERRO:  rela├º├úo "event_attendees" n├úo existe
psql:C:/unificard/backend/migrations/0773_event_attendees_canonical_contract.sql:187: ERRO:  rela├º├úo "event_attendees" n├úo existe
psql:C:/unificard/backend/migrations/0773_event_attendees_canonical_contract.sql:190: ERRO:  rela├º├úo "event_attendees" n├úo existe
psql:C:/unificard/backend/migrations/0773_event_attendees_canonical_contract.sql:193: ERRO:  rela├º├úo "event_attendees" n├úo existe
OK: 0773_event_attendees_canonical_contract.sql
psql:C:/unificard/backend/migrations/0774_event_specs.sql:57: ERRO:  coluna "tenant_id" referenciada na restri├º├úo de chave estrangeira n├úo existe
psql:C:/unificard/backend/migrations/0774_event_specs.sql:63: ERRO:  rela├º├úo "event_specs" n├úo existe
psql:C:/unificard/backend/migrations/0774_event_specs.sql:66: ERRO:  rela├º├úo "event_specs" n├úo existe
psql:C:/unificard/backend/migrations/0774_event_specs.sql:69: ERRO:  rela├º├úo "event_specs" n├úo existe
psql:C:/unificard/backend/migrations/0774_event_specs.sql:72: ERRO:  rela├º├úo "event_specs" n├úo existe
psql:C:/unificard/backend/migrations/0774_event_specs.sql:75: ERRO:  rela├º├úo "event_specs" n├úo existe
psql:C:/unificard/backend/migrations/0774_event_specs.sql:78: ERRO:  rela├º├úo "event_specs" n├úo existe
psql:C:/unificard/backend/migrations/0774_event_specs.sql:82: ERRO:  rela├º├úo "event_specs" n├úo existe
psql:C:/unificard/backend/migrations/0774_event_specs.sql:86: ERRO:  rela├º├úo "event_specs" n├úo existe
psql:C:/unificard/backend/migrations/0774_event_specs.sql:92: ERRO:  rela├º├úo "event_specs" n├úo existe
psql:C:/unificard/backend/migrations/0774_event_specs.sql:95: ERRO:  rela├º├úo "event_specs" n├úo existe
psql:C:/unificard/backend/migrations/0774_event_specs.sql:98: ERRO:  rela├º├úo "event_specs" n├úo existe
psql:C:/unificard/backend/migrations/0774_event_specs.sql:101: ERRO:  rela├º├úo "event_specs" n├úo existe
psql:C:/unificard/backend/migrations/0774_event_specs.sql:104: ERRO:  rela├º├úo "event_specs" n├úo existe
psql:C:/unificard/backend/migrations/0774_event_specs.sql:107: ERRO:  rela├º├úo "event_specs" n├úo existe
psql:C:/unificard/backend/migrations/0774_event_specs.sql:110: ERRO:  rela├º├úo "event_specs" n├úo existe
OK: 0774_event_specs.sql
psql:C:/unificard/backend/migrations/0775_event_spec_event_id_required.sql:25: ERRO:  rela├º├úo "event_specs" n├úo existe
LINHA 1: DELETE FROM event_specs WHERE event_id IS NULL;
                     ^
psql:C:/unificard/backend/migrations/0775_event_spec_event_id_required.sql:31: ERRO:  rela├º├úo "event_specs" n├úo existe
psql:C:/unificard/backend/migrations/0775_event_spec_event_id_required.sql:38: ERRO:  rela├º├úo "event_specs" n├úo existe
psql:C:/unificard/backend/migrations/0775_event_spec_event_id_required.sql:45: ERRO:  rela├º├úo "event_specs" n├úo existe
psql:C:/unificard/backend/migrations/0775_event_spec_event_id_required.sql:51: NOTA:  ├¡ndice "idx_event_specs_event_id" n├úo existe, ignorando
DROP INDEX
psql:C:/unificard/backend/migrations/0775_event_spec_event_id_required.sql:55: ERRO:  rela├º├úo "event_specs" n├úo existe
psql:C:/unificard/backend/migrations/0775_event_spec_event_id_required.sql:61: ERRO:  rela├º├úo "event_specs" n├úo existe
OK: 0775_event_spec_event_id_required.sql
psql:C:/unificard/backend/migrations/0790_events_lifecycle_extension.sql:48: ERRO:  rela├º├úo "events" n├úo existe
psql:C:/unificard/backend/migrations/0790_events_lifecycle_extension.sql:56: ERRO:  rela├º├úo "events" n├úo existe
psql:C:/unificard/backend/migrations/0790_events_lifecycle_extension.sql:72: ERRO:  rela├º├úo "events" n├úo existe
LINHA 5:       AND conrelid = 'events'::regclass
                              ^
CONSULTA:  NOT EXISTS (

    SELECT 1

    FROM pg_constraint

    WHERE conname = 'fk_events_schedule'

      AND conrelid = 'events'::regclass

  )
CONTEXTO:  fun├º├úo PL/pgSQL inline_code_block linha 3 em IF
psql:C:/unificard/backend/migrations/0790_events_lifecycle_extension.sql:80: ERRO:  rela├º├úo "events" n├úo existe
psql:C:/unificard/backend/migrations/0790_events_lifecycle_extension.sql:109: ERRO:  rela├º├úo "events" n├úo existe
CONTEXTO:  comando SQL "ALTER TABLE events

      ADD CONSTRAINT events_event_type_check CHECK (

        event_type IN (

          'SHOW',

          'CINEMA',

          'ESPORTE',

          'BAR',

          'RESTAURANTE',

          'FEIRA',

          'WORKSHOP',

          'EXPOSICAO',

          'FESTIVAL',

          'BALADA'

        )

      )"
fun├º├úo PL/pgSQL inline_code_block linha 7 em comando SQL
psql:C:/unificard/backend/migrations/0790_events_lifecycle_extension.sql:128: ERRO:  rela├º├úo "events" n├úo existe
CONTEXTO:  comando SQL "ALTER TABLE events

      ADD CONSTRAINT events_status_check CHECK (

        status IN (

          'DRAFT',

          'PUBLISHED',

          'ONGOING',

          'FINISHED',

          'CANCELLED'

        )

      )"
fun├º├úo PL/pgSQL inline_code_block linha 7 em comando SQL
psql:C:/unificard/backend/migrations/0790_events_lifecycle_extension.sql:137: ERRO:  rela├º├úo "events" n├úo existe
psql:C:/unificard/backend/migrations/0790_events_lifecycle_extension.sql:140: ERRO:  rela├º├úo "events" n├úo existe
psql:C:/unificard/backend/migrations/0790_events_lifecycle_extension.sql:144: ERRO:  rela├º├úo "events" n├úo existe
psql:C:/unificard/backend/migrations/0790_events_lifecycle_extension.sql:152: ERRO:  rela├º├úo "events" n├úo existe
psql:C:/unificard/backend/migrations/0790_events_lifecycle_extension.sql:155: ERRO:  rela├º├úo "events" n├úo existe
psql:C:/unificard/backend/migrations/0790_events_lifecycle_extension.sql:158: ERRO:  rela├º├úo "events" n├úo existe
psql:C:/unificard/backend/migrations/0790_events_lifecycle_extension.sql:161: ERRO:  rela├º├úo "events" n├úo existe
OK: 0790_events_lifecycle_extension.sql
psql:C:/unificard/backend/migrations/0791_event_consumption_status.sql:38: ERRO:  rela├º├úo "event_consumptions" n├úo existe
psql:C:/unificard/backend/migrations/0791_event_consumption_status.sql:55: ERRO:  rela├º├úo "event_consumptions" n├úo existe
LINHA 4:       AND conrelid = 'event_consumptions'::regclass
                              ^
CONSULTA:  EXISTS (

    SELECT 1 FROM pg_constraint

    WHERE conname = 'check_consumption_status'

      AND conrelid = 'event_consumptions'::regclass

  )
CONTEXTO:  fun├º├úo PL/pgSQL inline_code_block linha 3 em IF
psql:C:/unificard/backend/migrations/0791_event_consumption_status.sql:67: ERRO:  rela├º├úo "event_consumptions" n├úo existe
CONTEXTO:  comando SQL "ALTER TABLE event_consumptions

      ADD CONSTRAINT event_consumptions_status_check

      CHECK (status IN ('PENDING', 'ACTIVE', 'CANCELLED'))"
fun├º├úo PL/pgSQL inline_code_block linha 7 em comando SQL
psql:C:/unificard/backend/migrations/0791_event_consumption_status.sql:76: ERRO:  rela├º├úo "event_consumptions" n├úo existe
psql:C:/unificard/backend/migrations/0791_event_consumption_status.sql:84: ERRO:  rela├º├úo "event_consumptions" n├úo existe
OK: 0791_event_consumption_status.sql
psql:C:/unificard/backend/migrations/0792_event_idempotency.sql:45: ERRO:  rela├º├úo "event_tickets" n├úo existe
psql:C:/unificard/backend/migrations/0792_event_idempotency.sql:49: ERRO:  rela├º├úo "event_tickets" n├úo existe
psql:C:/unificard/backend/migrations/0792_event_idempotency.sql:53: ERRO:  rela├º├úo "event_tickets" n├úo existe
psql:C:/unificard/backend/migrations/0792_event_idempotency.sql:61: ERRO:  rela├º├úo "event_consumptions" n├úo existe
psql:C:/unificard/backend/migrations/0792_event_idempotency.sql:65: ERRO:  rela├º├úo "event_consumptions" n├úo existe
psql:C:/unificard/backend/migrations/0792_event_idempotency.sql:69: ERRO:  rela├º├úo "event_consumptions" n├úo existe
psql:C:/unificard/backend/migrations/0792_event_idempotency.sql:77: ERRO:  rela├º├úo "event_tickets" n├úo existe
psql:C:/unificard/backend/migrations/0792_event_idempotency.sql:80: ERRO:  rela├º├úo "event_consumptions" n├úo existe
OK: 0792_event_idempotency.sql
psql:C:/unificard/backend/migrations/0793_event_idempotency_tracking.sql:39: NOTA:  rela├º├úo "event_idempotency_tracking" j├í existe, ignorando
CREATE TABLE
CREATE INDEX
psql:C:/unificard/backend/migrations/0793_event_idempotency_tracking.sql:43: NOTA:  rela├º├úo "idx_event_idempotency_event_id" j├í existe, ignorando
CREATE INDEX
psql:C:/unificard/backend/migrations/0793_event_idempotency_tracking.sql:47: NOTA:  rela├º├úo "idx_event_idempotency_tenant_event" j├í existe, ignorando
psql:C:/unificard/backend/migrations/0793_event_idempotency_tracking.sql:51: NOTA:  rela├º├úo "idx_event_idempotency_key" j├í existe, ignorando
CREATE INDEX
COMMENT
COMMENT
COMMENT
ALTER TABLE
psql:C:/unificard/backend/migrations/0793_event_idempotency_tracking.sql:70: ERRO:  a pol├¡tica "event_idempotency_tracking_rls" para a tabela "event_idempotency_tracking" j├í existe
CREATE FUNCTION
COMMENT
OK: 0793_event_idempotency_tracking.sql
psql:C:/unificard/backend/migrations/0794_allow_null_event_datetimes.sql:5: ERRO:  rela├º├úo "events" n├úo existe
psql:C:/unificard/backend/migrations/0794_allow_null_event_datetimes.sql:9: ERRO:  rela├º├úo "events" n├úo existe
psql:C:/unificard/backend/migrations/0794_allow_null_event_datetimes.sql:12: ERRO:  rela├º├úo "events" n├úo existe
psql:C:/unificard/backend/migrations/0794_allow_null_event_datetimes.sql:21: ERRO:  rela├º├úo "events" n├úo existe
OK: 0794_allow_null_event_datetimes.sql
psql:C:/unificard/backend/migrations/0795_allow_null_legacy_event_times.sql:27: ERRO:  rela├º├úo "events" n├úo existe
psql:C:/unificard/backend/migrations/0795_allow_null_legacy_event_times.sql:31: ERRO:  rela├º├úo "events" n├úo existe
psql:C:/unificard/backend/migrations/0795_allow_null_legacy_event_times.sql:34: ERRO:  rela├º├úo "events" n├úo existe
psql:C:/unificard/backend/migrations/0795_allow_null_legacy_event_times.sql:43: ERRO:  rela├º├úo "events" n├úo existe
psql:C:/unificard/backend/migrations/0795_allow_null_legacy_event_times.sql:47: ERRO:  rela├º├úo "events" n├úo existe
psql:C:/unificard/backend/migrations/0795_allow_null_legacy_event_times.sql:50: ERRO:  rela├º├úo "events" n├úo existe
OK: 0795_allow_null_legacy_event_times.sql
DO
psql:C:/unificard/backend/migrations/0796_events.sql:39: ERRO:  rela├º├úo "events" n├úo existe
CONTEXTO:  comando SQL "ALTER TABLE events ADD COLUMN organizer_actor_id UUID"
fun├º├úo PL/pgSQL inline_code_block linha 7 em comando SQL
psql:C:/unificard/backend/migrations/0796_events.sql:50: ERRO:  rela├º├úo "events" n├úo existe
CONTEXTO:  comando SQL "ALTER TABLE events ADD COLUMN location_actor_id UUID"
fun├º├úo PL/pgSQL inline_code_block linha 7 em comando SQL
psql:C:/unificard/backend/migrations/0796_events.sql:61: ERRO:  rela├º├úo "events" n├úo existe
CONTEXTO:  comando SQL "ALTER TABLE events ADD COLUMN published_at TIMESTAMP WITH TIME ZONE"
fun├º├úo PL/pgSQL inline_code_block linha 7 em comando SQL
psql:C:/unificard/backend/migrations/0796_events.sql:72: ERRO:  rela├º├úo "events" n├úo existe
CONTEXTO:  comando SQL "ALTER TABLE events ADD COLUMN cancelled_at TIMESTAMP WITH TIME ZONE"
fun├º├úo PL/pgSQL inline_code_block linha 7 em comando SQL
psql:C:/unificard/backend/migrations/0796_events.sql:83: ERRO:  rela├º├úo "events" n├úo existe
CONTEXTO:  comando SQL "ALTER TABLE events ADD COLUMN cancellation_reason TEXT"
fun├º├úo PL/pgSQL inline_code_block linha 7 em comando SQL
psql:C:/unificard/backend/migrations/0796_events.sql:90: ERRO:  rela├º├úo "events" n├úo existe
DO
psql:C:/unificard/backend/migrations/0796_events.sql:107: ERRO:  rela├º├úo "events" n├úo existe
OK: 0796_events.sql
DO
DO
DO
DO
DO
DO
psql:C:/unificard/backend/migrations/0797_event_tickets.sql:95: ERRO:  rela├º├úo "event_tickets" n├úo existe
OK: 0797_event_tickets.sql
DO
psql:C:/unificard/backend/migrations/0798_ticket_sales.sql:72: ERRO:  coluna "tenant_id" referenciada na restri├º├úo de chave estrangeira n├úo existe
psql:C:/unificard/backend/migrations/0798_ticket_sales.sql:79: ERRO:  rela├º├úo "ticket_sales" n├úo existe
psql:C:/unificard/backend/migrations/0798_ticket_sales.sql:83: ERRO:  rela├º├úo "ticket_sales" n├úo existe
psql:C:/unificard/backend/migrations/0798_ticket_sales.sql:87: ERRO:  rela├º├úo "ticket_sales" n├úo existe
psql:C:/unificard/backend/migrations/0798_ticket_sales.sql:92: ERRO:  rela├º├úo "ticket_sales" n├úo existe
psql:C:/unificard/backend/migrations/0798_ticket_sales.sql:97: ERRO:  rela├º├úo "ticket_sales" n├úo existe
psql:C:/unificard/backend/migrations/0798_ticket_sales.sql:103: ERRO:  rela├º├úo "ticket_sales" n├úo existe
CREATE FUNCTION
psql:C:/unificard/backend/migrations/0798_ticket_sales.sql:120: ERRO:  rela├º├úo "ticket_sales" n├úo existe
psql:C:/unificard/backend/migrations/0798_ticket_sales.sql:125: ERRO:  rela├º├úo "ticket_sales" n├úo existe
psql:C:/unificard/backend/migrations/0798_ticket_sales.sql:126: ERRO:  rela├º├úo "ticket_sales" n├úo existe
psql:C:/unificard/backend/migrations/0798_ticket_sales.sql:127: ERRO:  rela├º├úo "ticket_sales" n├úo existe
OK: 0798_ticket_sales.sql
CREATE EXTENSION
psql:C:/unificard/backend/migrations/0799_event_commerce.sql:47: NOTA:  extens├úo "pgcrypto" j├í existe, ignorando
psql:C:/unificard/backend/migrations/0799_event_commerce.sql:91: ERRO:  coluna "tenant_id" referenciada na restri├º├úo de chave estrangeira n├úo existe
psql:C:/unificard/backend/migrations/0799_event_commerce.sql:95: ERRO:  rela├º├úo "event_tickets" n├úo existe
psql:C:/unificard/backend/migrations/0799_event_commerce.sql:98: ERRO:  rela├º├úo "event_tickets" n├úo existe
psql:C:/unificard/backend/migrations/0799_event_commerce.sql:101: ERRO:  rela├º├úo "event_tickets" n├úo existe
psql:C:/unificard/backend/migrations/0799_event_commerce.sql:104: ERRO:  rela├º├úo "event_tickets" n├úo existe
psql:C:/unificard/backend/migrations/0799_event_commerce.sql:120: ERRO:  rela├º├úo "event_tickets" n├úo existe
CONTEXTO:  comando SQL "CREATE POLICY event_tickets_tenant_rls

      ON event_tickets

      USING (tenant_id::text = current_setting('app.current_tenant', true))

      WITH CHECK (tenant_id::text = current_setting('app.current_tenant', true))"
fun├º├úo PL/pgSQL inline_code_block linha 10 em comando SQL
psql:C:/unificard/backend/migrations/0799_event_commerce.sql:135: ERRO:  rela├º├úo "event_tickets" n├úo existe
CONTEXTO:  comando SQL "CREATE TRIGGER trg_event_tickets_updated_at

      BEFORE UPDATE ON event_tickets

      FOR EACH ROW

      EXECUTE FUNCTION update_updated_at_column()"
fun├º├úo PL/pgSQL inline_code_block linha 8 em comando SQL
psql:C:/unificard/backend/migrations/0799_event_commerce.sql:175: ERRO:  coluna "tenant_id" referenciada na restri├º├úo de chave estrangeira n├úo existe
psql:C:/unificard/backend/migrations/0799_event_commerce.sql:179: ERRO:  rela├º├úo "event_consumptions" n├úo existe
psql:C:/unificard/backend/migrations/0799_event_commerce.sql:182: ERRO:  rela├º├úo "event_consumptions" n├úo existe
psql:C:/unificard/backend/migrations/0799_event_commerce.sql:185: ERRO:  rela├º├úo "event_consumptions" n├úo existe
psql:C:/unificard/backend/migrations/0799_event_commerce.sql:201: ERRO:  rela├º├úo "event_consumptions" n├úo existe
CONTEXTO:  comando SQL "CREATE POLICY event_consumptions_tenant_rls

      ON event_consumptions

      USING (tenant_id::text = current_setting('app.current_tenant', true))

      WITH CHECK (tenant_id::text = current_setting('app.current_tenant', true))"
fun├º├úo PL/pgSQL inline_code_block linha 10 em comando SQL
psql:C:/unificard/backend/migrations/0799_event_commerce.sql:216: ERRO:  rela├º├úo "event_consumptions" n├úo existe
CONTEXTO:  comando SQL "CREATE TRIGGER trg_event_consumptions_updated_at

      BEFORE UPDATE ON event_consumptions

      FOR EACH ROW

      EXECUTE FUNCTION update_updated_at_column()"
fun├º├úo PL/pgSQL inline_code_block linha 8 em comando SQL
psql:C:/unificard/backend/migrations/0799_event_commerce.sql:259: ERRO:  coluna "tenant_id" referenciada na restri├º├úo de chave estrangeira n├úo existe
psql:C:/unificard/backend/migrations/0799_event_commerce.sql:263: ERRO:  rela├º├úo "event_parking" n├úo existe
psql:C:/unificard/backend/migrations/0799_event_commerce.sql:266: ERRO:  rela├º├úo "event_parking" n├úo existe
psql:C:/unificard/backend/migrations/0799_event_commerce.sql:271: ERRO:  rela├º├úo "event_parking" n├úo existe
psql:C:/unificard/backend/migrations/0799_event_commerce.sql:274: ERRO:  rela├º├úo "event_parking" n├úo existe
psql:C:/unificard/backend/migrations/0799_event_commerce.sql:290: ERRO:  rela├º├úo "event_parking" n├úo existe
CONTEXTO:  comando SQL "CREATE POLICY event_parking_tenant_rls

      ON event_parking

      USING (tenant_id::text = current_setting('app.current_tenant', true))

      WITH CHECK (tenant_id::text = current_setting('app.current_tenant', true))"
fun├º├úo PL/pgSQL inline_code_block linha 10 em comando SQL
psql:C:/unificard/backend/migrations/0799_event_commerce.sql:305: ERRO:  rela├º├úo "event_parking" n├úo existe
CONTEXTO:  comando SQL "CREATE TRIGGER trg_event_parking_updated_at

      BEFORE UPDATE ON event_parking

      FOR EACH ROW

      EXECUTE FUNCTION update_updated_at_column()"
fun├º├úo PL/pgSQL inline_code_block linha 8 em comando SQL
psql:C:/unificard/backend/migrations/0799_event_commerce.sql:313: ERRO:  rela├º├úo "event_tickets" n├úo existe
psql:C:/unificard/backend/migrations/0799_event_commerce.sql:316: ERRO:  rela├º├úo "event_tickets" n├úo existe
psql:C:/unificard/backend/migrations/0799_event_commerce.sql:319: ERRO:  rela├º├úo "event_consumptions" n├úo existe
psql:C:/unificard/backend/migrations/0799_event_commerce.sql:322: ERRO:  rela├º├úo "event_consumptions" n├úo existe
psql:C:/unificard/backend/migrations/0799_event_commerce.sql:325: ERRO:  rela├º├úo "event_parking" n├úo existe
OK: 0799_event_commerce.sql
DO
DO
psql:C:/unificard/backend/migrations/0800_calendar_events.sql:106: ERRO:  coluna "tenant_id" referenciada na restri├º├úo de chave estrangeira n├úo existe
psql:C:/unificard/backend/migrations/0800_calendar_events.sql:113: ERRO:  rela├º├úo "calendar_events" n├úo existe
psql:C:/unificard/backend/migrations/0800_calendar_events.sql:117: ERRO:  rela├º├úo "calendar_events" n├úo existe
psql:C:/unificard/backend/migrations/0800_calendar_events.sql:122: ERRO:  rela├º├úo "calendar_events" n├úo existe
psql:C:/unificard/backend/migrations/0800_calendar_events.sql:126: ERRO:  rela├º├úo "calendar_events" n├úo existe
psql:C:/unificard/backend/migrations/0800_calendar_events.sql:130: ERRO:  rela├º├úo "calendar_events" n├úo existe
psql:C:/unificard/backend/migrations/0800_calendar_events.sql:136: ERRO:  rela├º├úo "calendar_events" n├úo existe
psql:C:/unificard/backend/migrations/0800_calendar_events.sql:141: ERRO:  rela├º├úo "calendar_events" n├úo existe
psql:C:/unificard/backend/migrations/0800_calendar_events.sql:147: ERRO:  rela├º├úo "calendar_events" n├úo existe
CREATE FUNCTION
psql:C:/unificard/backend/migrations/0800_calendar_events.sql:164: ERRO:  rela├º├úo "calendar_events" n├úo existe
psql:C:/unificard/backend/migrations/0800_calendar_events.sql:172: ERRO:  rela├º├úo "calendar_events" n├úo existe
psql:C:/unificard/backend/migrations/0800_calendar_events.sql:177: ERRO:  rela├º├úo "calendar_events" n├úo existe
psql:C:/unificard/backend/migrations/0800_calendar_events.sql:178: ERRO:  rela├º├úo "calendar_events" n├úo existe
psql:C:/unificard/backend/migrations/0800_calendar_events.sql:179: ERRO:  rela├º├úo "calendar_events" n├úo existe
psql:C:/unificard/backend/migrations/0800_calendar_events.sql:180: ERRO:  rela├º├úo "calendar_events" n├úo existe
psql:C:/unificard/backend/migrations/0800_calendar_events.sql:181: ERRO:  rela├º├úo "calendar_events" n├úo existe
OK: 0800_calendar_events.sql
psql:C:/unificard/backend/migrations/0810_event_participants.sql:232: ERRO:  coluna "tenant_id" referenciada na restri├º├úo de chave estrangeira n├úo existe
CONTEXTO:  comando SQL "

    CREATE TABLE IF NOT EXISTS event_participants (

      id UUID PRIMARY KEY DEFAULT gen_random_uuid(),



      tenant_id UUID NOT NULL

        REFERENCES tenants(tenant_id) ON DELETE CASCADE,



      event_id UUID NOT NULL

        REFERENCES events(id) ON DELETE CASCADE,



      -- Actor

      actor_id UUID NOT NULL

        REFERENCES actors(actor_id) ON DELETE CASCADE,



      actor_type VARCHAR(10) NOT NULL,



      -- Fun├º├úo (dom├¡nio valida)

      role VARCHAR(50) NOT NULL,



      -- Responsabilidade (dom├¡nio valida; aqui s├│ integridade b├ísica opcional)

      responsibility_level INTEGER NOT NULL DEFAULT 2

        CHECK (responsibility_level >= 1 AND responsibility_level <= 3),



      -- Economia (integridade f├¡sica)

      agreed_amount_cents INTEGER NOT NULL DEFAULT 0

        CHECK (agreed_amount_cents >= 0),



      payment_type VARCHAR(20) NOT NULL DEFAULT 'fixed',



      -- Check-in / entrega

      expected_headcount INTEGER NOT NULL DEFAULT 1

        CHECK (expected_headcount > 0),



      check_in_required BOOLEAN NOT NULL DEFAULT true,



      minimum_check_in_rate NUMERIC(3,2) DEFAULT 0.80

        CHECK (minimum_check_in_rate >= 0 AND minimum_check_in_rate <= 1),



      -- Status (dom├¡nio valida)

      status VARCHAR(20) NOT NULL DEFAULT 'INVITED',



      -- Timestamps

      invited_at TIMESTAMPTZ NOT NULL DEFAULT now(),

      confirmed_at TIMESTAMPTZ,

      checked_in_at TIMESTAMPTZ,



      -- Metadata

      metadata JSONB DEFAULT '{}'::jsonb,



      CONSTRAINT event_participants_unique UNIQUE (event_id, actor_id)

    );

  "
fun├º├úo PL/pgSQL inline_code_block linha 17 em EXECUTE
OK: 0810_event_participants.sql
psql:C:/unificard/backend/migrations/0811_check_in_check_out.sql:39: ERRO:  rela├º├úo "event_participants" n├úo existe
psql:C:/unificard/backend/migrations/0811_check_in_check_out.sql:47: ERRO:  rela├º├úo "event_attendees" n├úo existe
psql:C:/unificard/backend/migrations/0811_check_in_check_out.sql:54: ERRO:  rela├º├úo "event_participants" n├úo existe
psql:C:/unificard/backend/migrations/0811_check_in_check_out.sql:58: ERRO:  rela├º├úo "event_participants" n├úo existe
psql:C:/unificard/backend/migrations/0811_check_in_check_out.sql:61: ERRO:  rela├º├úo "event_attendees" n├úo existe
psql:C:/unificard/backend/migrations/0811_check_in_check_out.sql:65: ERRO:  rela├º├úo "event_attendees" n├úo existe
psql:C:/unificard/backend/migrations/0811_check_in_check_out.sql:72: ERRO:  rela├º├úo "event_participants" n├úo existe
psql:C:/unificard/backend/migrations/0811_check_in_check_out.sql:75: ERRO:  rela├º├úo "event_participants" n├úo existe
psql:C:/unificard/backend/migrations/0811_check_in_check_out.sql:78: ERRO:  rela├º├úo "event_attendees" n├úo existe
psql:C:/unificard/backend/migrations/0811_check_in_check_out.sql:81: ERRO:  rela├º├úo "event_attendees" n├úo existe
OK: 0811_check_in_check_out.sql
psql:C:/unificard/backend/migrations/0812_event_checkins.sql:49: ERRO:  coluna "tenant_id" referenciada na restri├º├úo de chave estrangeira n├úo existe
psql:C:/unificard/backend/migrations/0812_event_checkins.sql:56: ERRO:  rela├º├úo "event_checkins" n├úo existe
psql:C:/unificard/backend/migrations/0812_event_checkins.sql:60: ERRO:  rela├º├úo "event_checkins" n├úo existe
psql:C:/unificard/backend/migrations/0812_event_checkins.sql:64: ERRO:  rela├º├úo "event_checkins" n├úo existe
psql:C:/unificard/backend/migrations/0812_event_checkins.sql:69: ERRO:  rela├º├úo "event_checkins" n├úo existe
psql:C:/unificard/backend/migrations/0812_event_checkins.sql:75: ERRO:  rela├º├úo "event_checkins" n├úo existe
CREATE FUNCTION
psql:C:/unificard/backend/migrations/0812_event_checkins.sql:92: ERRO:  rela├º├úo "event_checkins" n├úo existe
psql:C:/unificard/backend/migrations/0812_event_checkins.sql:97: ERRO:  rela├º├úo "event_checkins" n├úo existe
psql:C:/unificard/backend/migrations/0812_event_checkins.sql:98: ERRO:  rela├º├úo "event_checkins" n├úo existe
OK: 0812_event_checkins.sql
DO
DO
DO
psql:C:/unificard/backend/migrations/0813_presence_rsvps.sql:64: ERRO:  coluna "tenant_id" referenciada na restri├º├úo de chave estrangeira n├úo existe
psql:C:/unificard/backend/migrations/0813_presence_rsvps.sql:69: ERRO:  rela├º├úo "presence_rsvps" n├úo existe
psql:C:/unificard/backend/migrations/0813_presence_rsvps.sql:70: ERRO:  rela├º├úo "presence_rsvps" n├úo existe
psql:C:/unificard/backend/migrations/0813_presence_rsvps.sql:71: ERRO:  rela├º├úo "presence_rsvps" n├úo existe
psql:C:/unificard/backend/migrations/0813_presence_rsvps.sql:76: ERRO:  rela├º├úo "presence_rsvps" n├úo existe
psql:C:/unificard/backend/migrations/0813_presence_rsvps.sql:77: ERRO:  rela├º├úo "presence_rsvps" n├úo existe
CREATE FUNCTION
psql:C:/unificard/backend/migrations/0813_presence_rsvps.sql:88: ERRO:  rela├º├úo "presence_rsvps" n├úo existe
OK: 0813_presence_rsvps.sql
DO
psql:C:/unificard/backend/migrations/0814_checkin_tokens.sql:34: ERRO:  coluna "tenant_id" referenciada na restri├º├úo de chave estrangeira n├úo existe
psql:C:/unificard/backend/migrations/0814_checkin_tokens.sql:39: ERRO:  rela├º├úo "checkin_tokens" n├úo existe
psql:C:/unificard/backend/migrations/0814_checkin_tokens.sql:40: ERRO:  rela├º├úo "checkin_tokens" n├úo existe
psql:C:/unificard/backend/migrations/0814_checkin_tokens.sql:41: ERRO:  rela├º├úo "checkin_tokens" n├úo existe
psql:C:/unificard/backend/migrations/0814_checkin_tokens.sql:46: ERRO:  rela├º├úo "checkin_tokens" n├úo existe
psql:C:/unificard/backend/migrations/0814_checkin_tokens.sql:47: ERRO:  rela├º├úo "checkin_tokens" n├úo existe
OK: 0814_checkin_tokens.sql
DO
DO
psql:C:/unificard/backend/migrations/0815_checkins.sql:45: ERRO:  coluna "tenant_id" referenciada na restri├º├úo de chave estrangeira n├úo existe
psql:C:/unificard/backend/migrations/0815_checkins.sql:50: ERRO:  rela├º├úo "checkins" n├úo existe
psql:C:/unificard/backend/migrations/0815_checkins.sql:54: ERRO:  rela├º├úo "checkins" n├úo existe
psql:C:/unificard/backend/migrations/0815_checkins.sql:59: ERRO:  rela├º├úo "checkins" n├úo existe
psql:C:/unificard/backend/migrations/0815_checkins.sql:60: ERRO:  rela├º├úo "checkins" n├úo existe
psql:C:/unificard/backend/migrations/0815_checkins.sql:61: ERRO:  rela├º├úo "checkins" n├úo existe
psql:C:/unificard/backend/migrations/0815_checkins.sql:66: ERRO:  rela├º├úo "checkins" n├úo existe
psql:C:/unificard/backend/migrations/0815_checkins.sql:67: ERRO:  rela├º├úo "checkins" n├úo existe
OK: 0815_checkins.sql
DO
psql:C:/unificard/backend/migrations/0816_live_presence.sql:35: ERRO:  coluna "tenant_id" referenciada na restri├º├úo de chave estrangeira n├úo existe
psql:C:/unificard/backend/migrations/0816_live_presence.sql:40: ERRO:  rela├º├úo "live_presence" n├úo existe
psql:C:/unificard/backend/migrations/0816_live_presence.sql:41: ERRO:  rela├º├úo "live_presence" n├úo existe
psql:C:/unificard/backend/migrations/0816_live_presence.sql:42: ERRO:  rela├º├úo "live_presence" n├úo existe
psql:C:/unificard/backend/migrations/0816_live_presence.sql:47: ERRO:  rela├º├úo "live_presence" n├úo existe
psql:C:/unificard/backend/migrations/0816_live_presence.sql:48: ERRO:  rela├º├úo "live_presence" n├úo existe
CREATE FUNCTION
psql:C:/unificard/backend/migrations/0816_live_presence.sql:59: ERRO:  rela├º├úo "live_presence" n├úo existe
OK: 0816_live_presence.sql
psql:C:/unificard/backend/migrations/0817_event_rsvp.sql:43: ERRO:  rela├º├úo "events" n├úo existe
psql:C:/unificard/backend/migrations/0817_event_rsvp.sql:52: ERRO:  rela├º├úo "event_rsvp" n├úo existe
psql:C:/unificard/backend/migrations/0817_event_rsvp.sql:57: ERRO:  rela├º├úo "event_rsvp" n├úo existe
psql:C:/unificard/backend/migrations/0817_event_rsvp.sql:64: ERRO:  rela├º├úo "event_rsvp" n├úo existe
psql:C:/unificard/backend/migrations/0817_event_rsvp.sql:68: ERRO:  rela├º├úo "event_rsvp" n├úo existe
psql:C:/unificard/backend/migrations/0817_event_rsvp.sql:71: ERRO:  rela├º├úo "event_rsvp" n├úo existe
psql:C:/unificard/backend/migrations/0817_event_rsvp.sql:74: ERRO:  rela├º├úo "event_rsvp" n├úo existe
psql:C:/unificard/backend/migrations/0817_event_rsvp.sql:77: ERRO:  rela├º├úo "event_rsvp" n├úo existe
CREATE FUNCTION
psql:C:/unificard/backend/migrations/0817_event_rsvp.sql:91: NOTA:  rela├º├úo "event_rsvp" n├úo existe, ignorando
DROP TRIGGER
psql:C:/unificard/backend/migrations/0817_event_rsvp.sql:96: ERRO:  rela├º├úo "event_rsvp" n├úo existe
psql:C:/unificard/backend/migrations/0817_event_rsvp.sql:110: ERRO:  rela├º├úo "events" n├úo existe
psql:C:/unificard/backend/migrations/0817_event_rsvp.sql:113: ERRO:  rela├º├úo "event_rsvp_counts" n├úo existe
psql:C:/unificard/backend/migrations/0817_event_rsvp.sql:116: ERRO:  rela├º├úo "event_rsvp_counts" n├úo existe
CREATE FUNCTION
psql:C:/unificard/backend/migrations/0817_event_rsvp.sql:161: NOTA:  rela├º├úo "event_rsvp" n├úo existe, ignorando
DROP TRIGGER
psql:C:/unificard/backend/migrations/0817_event_rsvp.sql:166: ERRO:  rela├º├úo "event_rsvp" n├úo existe
psql:C:/unificard/backend/migrations/0817_event_rsvp.sql:173: ERRO:  rela├º├úo "event_rsvp" n├úo existe
psql:C:/unificard/backend/migrations/0817_event_rsvp.sql:176: ERRO:  rela├º├úo "event_rsvp_counts" n├úo existe
psql:C:/unificard/backend/migrations/0817_event_rsvp.sql:179: ERRO:  rela├º├úo "event_rsvp" n├úo existe
psql:C:/unificard/backend/migrations/0817_event_rsvp.sql:182: ERRO:  rela├º├úo "event_rsvp" n├úo existe
psql:C:/unificard/backend/migrations/0817_event_rsvp.sql:185: ERRO:  rela├º├úo "event_rsvp" n├úo existe
OK: 0817_event_rsvp.sql
psql:C:/unificard/backend/migrations/0818_event_actions_log.sql:48: ERRO:  rela├º├úo "events" n├úo existe
psql:C:/unificard/backend/migrations/0818_event_actions_log.sql:51: ERRO:  rela├º├úo "event_actions_log" n├úo existe
psql:C:/unificard/backend/migrations/0818_event_actions_log.sql:52: ERRO:  rela├º├úo "event_actions_log" n├úo existe
psql:C:/unificard/backend/migrations/0818_event_actions_log.sql:53: ERRO:  rela├º├úo "event_actions_log" n├úo existe
psql:C:/unificard/backend/migrations/0818_event_actions_log.sql:54: ERRO:  rela├º├úo "event_actions_log" n├úo existe
psql:C:/unificard/backend/migrations/0818_event_actions_log.sql:55: ERRO:  rela├º├úo "event_actions_log" n├úo existe
psql:C:/unificard/backend/migrations/0818_event_actions_log.sql:58: ERRO:  rela├º├úo "event_actions_log" n├úo existe
psql:C:/unificard/backend/migrations/0818_event_actions_log.sql:61: ERRO:  rela├º├úo "event_actions_log" n├úo existe
psql:C:/unificard/backend/migrations/0818_event_actions_log.sql:62: ERRO:  rela├º├úo "event_actions_log" n├úo existe
psql:C:/unificard/backend/migrations/0818_event_actions_log.sql:63: ERRO:  rela├º├úo "event_actions_log" n├úo existe
psql:C:/unificard/backend/migrations/0818_event_actions_log.sql:64: ERRO:  rela├º├úo "event_actions_log" n├úo existe
OK: 0818_event_actions_log.sql
psql:C:/unificard/backend/migrations/0835_event_metrics.sql:76: ERRO:  coluna "tenant_id" referenciada na restri├º├úo de chave estrangeira n├úo existe
psql:C:/unificard/backend/migrations/0835_event_metrics.sql:100: ERRO:  rela├º├úo "event_metrics" n├úo existe
CONTEXTO:  comando SQL "ALTER TABLE event_metrics

      ADD CONSTRAINT event_metrics_metric_type_check

      CHECK (

        metric_type IN (

          'VIEW',

          'CTA_CLICK',

          'CONVERSION',

          'ABANDONMENT'

        )

      )"
fun├º├úo PL/pgSQL inline_code_block linha 7 em comando SQL
psql:C:/unificard/backend/migrations/0835_event_metrics.sql:109: ERRO:  rela├º├úo "event_metrics" n├úo existe
psql:C:/unificard/backend/migrations/0835_event_metrics.sql:113: ERRO:  rela├º├úo "event_metrics" n├úo existe
psql:C:/unificard/backend/migrations/0835_event_metrics.sql:118: ERRO:  rela├º├úo "event_metrics" n├úo existe
psql:C:/unificard/backend/migrations/0835_event_metrics.sql:122: ERRO:  rela├º├úo "event_metrics" n├úo existe
psql:C:/unificard/backend/migrations/0835_event_metrics.sql:127: ERRO:  rela├º├úo "event_metrics" n├úo existe
psql:C:/unificard/backend/migrations/0835_event_metrics.sql:134: ERRO:  rela├º├úo "event_metrics" n├úo existe
psql:C:/unificard/backend/migrations/0835_event_metrics.sql:147: ERRO:  rela├º├úo "event_metrics" n├úo existe
CONTEXTO:  comando SQL "CREATE POLICY event_metrics_rls

      ON event_metrics

      USING (tenant_id::text = current_setting('app.current_tenant', true))"
fun├º├úo PL/pgSQL inline_code_block linha 8 em comando SQL
psql:C:/unificard/backend/migrations/0835_event_metrics.sql:155: ERRO:  rela├º├úo "event_metrics" n├úo existe
psql:C:/unificard/backend/migrations/0835_event_metrics.sql:158: ERRO:  rela├º├úo "event_metrics" n├úo existe
psql:C:/unificard/backend/migrations/0835_event_metrics.sql:161: ERRO:  rela├º├úo "event_metrics" n├úo existe
psql:C:/unificard/backend/migrations/0835_event_metrics.sql:164: ERRO:  rela├º├úo "event_metrics" n├úo existe
psql:C:/unificard/backend/migrations/0835_event_metrics.sql:167: ERRO:  rela├º├úo "event_metrics" n├úo existe
OK: 0835_event_metrics.sql
psql:C:/unificard/backend/migrations/0836_cultural_profiles.sql:74: ERRO:  coluna "tenant_id" referenciada na restri├º├úo de chave estrangeira n├úo existe
psql:C:/unificard/backend/migrations/0836_cultural_profiles.sql:81: ERRO:  rela├º├úo "cultural_profiles" n├úo existe
psql:C:/unificard/backend/migrations/0836_cultural_profiles.sql:84: ERRO:  rela├º├úo "cultural_profiles" n├úo existe
psql:C:/unificard/backend/migrations/0836_cultural_profiles.sql:88: ERRO:  rela├º├úo "cultural_profiles" n├úo existe
psql:C:/unificard/backend/migrations/0836_cultural_profiles.sql:92: ERRO:  rela├º├úo "cultural_profiles" n├úo existe
psql:C:/unificard/backend/migrations/0836_cultural_profiles.sql:99: ERRO:  rela├º├úo "cultural_profiles" n├úo existe
psql:C:/unificard/backend/migrations/0836_cultural_profiles.sql:102: ERRO:  rela├º├úo "cultural_profiles" n├úo existe
psql:C:/unificard/backend/migrations/0836_cultural_profiles.sql:105: ERRO:  rela├º├úo "cultural_profiles" n├úo existe
psql:C:/unificard/backend/migrations/0836_cultural_profiles.sql:108: ERRO:  rela├º├úo "cultural_profiles" n├úo existe
psql:C:/unificard/backend/migrations/0836_cultural_profiles.sql:111: ERRO:  rela├º├úo "cultural_profiles" n├úo existe
psql:C:/unificard/backend/migrations/0836_cultural_profiles.sql:114: ERRO:  rela├º├úo "cultural_profiles" n├úo existe
psql:C:/unificard/backend/migrations/0836_cultural_profiles.sql:117: ERRO:  rela├º├úo "cultural_profiles" n├úo existe
OK: 0836_cultural_profiles.sql
psql:C:/unificard/backend/migrations/0837_cultural_events.sql:79: ERRO:  coluna "tenant_id" referenciada na restri├º├úo de chave estrangeira n├úo existe
psql:C:/unificard/backend/migrations/0837_cultural_events.sql:83: ERRO:  rela├º├úo "cultural_events" n├úo existe
psql:C:/unificard/backend/migrations/0837_cultural_events.sql:87: ERRO:  rela├º├úo "cultural_events" n├úo existe
psql:C:/unificard/backend/migrations/0837_cultural_events.sql:90: ERRO:  rela├º├úo "cultural_events" n├úo existe
psql:C:/unificard/backend/migrations/0837_cultural_events.sql:93: ERRO:  rela├º├úo "cultural_events" n├úo existe
psql:C:/unificard/backend/migrations/0837_cultural_events.sql:96: ERRO:  rela├º├úo "cultural_events" n├úo existe
psql:C:/unificard/backend/migrations/0837_cultural_events.sql:120: ERRO:  coluna "tenant_id" referenciada na restri├º├úo de chave estrangeira n├úo existe
psql:C:/unificard/backend/migrations/0837_cultural_events.sql:124: ERRO:  rela├º├úo "event_participants" n├úo existe
psql:C:/unificard/backend/migrations/0837_cultural_events.sql:127: ERRO:  rela├º├úo "event_participants" n├úo existe
psql:C:/unificard/backend/migrations/0837_cultural_events.sql:152: ERRO:  coluna "tenant_id" referenciada na restri├º├úo de chave estrangeira n├úo existe
psql:C:/unificard/backend/migrations/0837_cultural_events.sql:156: ERRO:  rela├º├úo "event_revenue_split" n├úo existe
psql:C:/unificard/backend/migrations/0837_cultural_events.sql:159: ERRO:  rela├º├úo "event_revenue_split" n├úo existe
psql:C:/unificard/backend/migrations/0837_cultural_events.sql:166: ERRO:  rela├º├úo "cultural_events" n├úo existe
psql:C:/unificard/backend/migrations/0837_cultural_events.sql:169: ERRO:  rela├º├úo "cultural_events" n├úo existe
psql:C:/unificard/backend/migrations/0837_cultural_events.sql:172: ERRO:  rela├º├úo "cultural_events" n├úo existe
psql:C:/unificard/backend/migrations/0837_cultural_events.sql:175: ERRO:  rela├º├úo "cultural_events" n├úo existe
psql:C:/unificard/backend/migrations/0837_cultural_events.sql:178: ERRO:  rela├º├úo "event_participants" n├úo existe
psql:C:/unificard/backend/migrations/0837_cultural_events.sql:181: ERRO:  rela├º├úo "event_revenue_split" n├úo existe
psql:C:/unificard/backend/migrations/0837_cultural_events.sql:184: ERRO:  rela├º├úo "event_revenue_split" n├úo existe
psql:C:/unificard/backend/migrations/0837_cultural_events.sql:187: ERRO:  rela├º├úo "event_revenue_split" n├úo existe
OK: 0837_cultural_events.sql
psql:C:/unificard/backend/migrations/0838_cultural_event_checkins.sql:68: ERRO:  coluna "tenant_id" referenciada na restri├º├úo de chave estrangeira n├úo existe
psql:C:/unificard/backend/migrations/0838_cultural_event_checkins.sql:74: ERRO:  rela├º├úo "cultural_event_checkins" n├úo existe
psql:C:/unificard/backend/migrations/0838_cultural_event_checkins.sql:77: ERRO:  rela├º├úo "cultural_event_checkins" n├úo existe
psql:C:/unificard/backend/migrations/0838_cultural_event_checkins.sql:81: ERRO:  rela├º├úo "cultural_event_checkins" n├úo existe
psql:C:/unificard/backend/migrations/0838_cultural_event_checkins.sql:84: ERRO:  rela├º├úo "cultural_event_checkins" n├úo existe
psql:C:/unificard/backend/migrations/0838_cultural_event_checkins.sql:91: ERRO:  rela├º├úo "cultural_event_checkins" n├úo existe
psql:C:/unificard/backend/migrations/0838_cultural_event_checkins.sql:94: ERRO:  rela├º├úo "cultural_event_checkins" n├úo existe
psql:C:/unificard/backend/migrations/0838_cultural_event_checkins.sql:97: ERRO:  rela├º├úo "cultural_event_checkins" n├úo existe
psql:C:/unificard/backend/migrations/0838_cultural_event_checkins.sql:100: ERRO:  rela├º├úo "cultural_event_checkins" n├úo existe
psql:C:/unificard/backend/migrations/0838_cultural_event_checkins.sql:103: ERRO:  rela├º├úo "cultural_event_checkins" n├úo existe
psql:C:/unificard/backend/migrations/0838_cultural_event_checkins.sql:106: ERRO:  rela├º├úo "cultural_event_checkins" n├úo existe
OK: 0838_cultural_event_checkins.sql
psql:C:/unificard/backend/migrations/0839_event_occupancy_model.sql:70: ERRO:  rela├º├úo "cultural_events" n├úo existe
psql:C:/unificard/backend/migrations/0839_event_occupancy_model.sql:74: ERRO:  rela├º├úo "event_occupancy_models" n├úo existe
psql:C:/unificard/backend/migrations/0839_event_occupancy_model.sql:77: ERRO:  rela├º├úo "event_occupancy_models" n├úo existe
psql:C:/unificard/backend/migrations/0839_event_occupancy_model.sql:80: ERRO:  rela├º├úo "event_occupancy_models" n├úo existe
psql:C:/unificard/backend/migrations/0839_event_occupancy_model.sql:119: ERRO:  rela├º├úo "cultural_events" n├úo existe
psql:C:/unificard/backend/migrations/0839_event_occupancy_model.sql:123: ERRO:  rela├º├úo "event_reservations" n├úo existe
psql:C:/unificard/backend/migrations/0839_event_occupancy_model.sql:126: ERRO:  rela├º├úo "event_reservations" n├úo existe
psql:C:/unificard/backend/migrations/0839_event_occupancy_model.sql:129: ERRO:  rela├º├úo "event_reservations" n├úo existe
psql:C:/unificard/backend/migrations/0839_event_occupancy_model.sql:132: ERRO:  rela├º├úo "event_reservations" n├úo existe
psql:C:/unificard/backend/migrations/0839_event_occupancy_model.sql:136: ERRO:  rela├º├úo "event_reservations" n├úo existe
psql:C:/unificard/backend/migrations/0839_event_occupancy_model.sql:142: ERRO:  rela├º├úo "event_occupancy_models" n├úo existe
psql:C:/unificard/backend/migrations/0839_event_occupancy_model.sql:145: ERRO:  rela├º├úo "event_occupancy_models" n├úo existe
psql:C:/unificard/backend/migrations/0839_event_occupancy_model.sql:147: ERRO:  rela├º├úo "event_reservations" n├úo existe
psql:C:/unificard/backend/migrations/0839_event_occupancy_model.sql:150: ERRO:  rela├º├úo "event_reservations" n├úo existe
psql:C:/unificard/backend/migrations/0839_event_occupancy_model.sql:157: ERRO:  rela├º├úo "event_occupancy_models" n├úo existe
psql:C:/unificard/backend/migrations/0839_event_occupancy_model.sql:160: ERRO:  rela├º├úo "event_reservations" n├úo existe
psql:C:/unificard/backend/migrations/0839_event_occupancy_model.sql:163: ERRO:  rela├º├úo "event_occupancy_models" n├úo existe
psql:C:/unificard/backend/migrations/0839_event_occupancy_model.sql:166: ERRO:  rela├º├úo "event_reservations" n├úo existe
psql:C:/unificard/backend/migrations/0839_event_occupancy_model.sql:169: ERRO:  rela├º├úo "event_reservations" n├úo existe
OK: 0839_event_occupancy_model.sql
psql:C:/unificard/backend/migrations/0840_events_multi_actor.sql:66: ERRO:  coluna "tenant_id" referenciada na restri├º├úo de chave estrangeira n├úo existe
psql:C:/unificard/backend/migrations/0840_events_multi_actor.sql:72: ERRO:  rela├º├úo "cultural_event_actor" n├úo existe
psql:C:/unificard/backend/migrations/0840_events_multi_actor.sql:75: ERRO:  rela├º├úo "cultural_event_actor" n├úo existe
psql:C:/unificard/backend/migrations/0840_events_multi_actor.sql:78: ERRO:  rela├º├úo "cultural_event_actor" n├úo existe
psql:C:/unificard/backend/migrations/0840_events_multi_actor.sql:81: ERRO:  rela├º├úo "cultural_event_actor" n├úo existe
psql:C:/unificard/backend/migrations/0840_events_multi_actor.sql:84: ERRO:  rela├º├úo "cultural_event_actor" n├úo existe
psql:C:/unificard/backend/migrations/0840_events_multi_actor.sql:90: ERRO:  rela├º├úo "cultural_event_actor" n├úo existe
psql:C:/unificard/backend/migrations/0840_events_multi_actor.sql:94: ERRO:  rela├º├úo "cultural_event_actor" n├úo existe
psql:C:/unificard/backend/migrations/0840_events_multi_actor.sql:101: ERRO:  rela├º├úo "cultural_event_actor" n├úo existe
psql:C:/unificard/backend/migrations/0840_events_multi_actor.sql:104: ERRO:  rela├º├úo "cultural_event_actor" n├úo existe
psql:C:/unificard/backend/migrations/0840_events_multi_actor.sql:107: ERRO:  rela├º├úo "cultural_event_actor" n├úo existe
psql:C:/unificard/backend/migrations/0840_events_multi_actor.sql:110: ERRO:  rela├º├úo "cultural_event_actor" n├úo existe
psql:C:/unificard/backend/migrations/0840_events_multi_actor.sql:113: ERRO:  rela├º├úo "cultural_event_actor" n├úo existe
psql:C:/unificard/backend/migrations/0840_events_multi_actor.sql:116: ERRO:  rela├º├úo "cultural_event_actor" n├úo existe
OK: 0840_events_multi_actor.sql
psql:C:/unificard/backend/migrations/0841_votes_system.sql:53: ERRO:  coluna "tenant_id" referenciada na restri├º├úo de chave estrangeira n├úo existe
psql:C:/unificard/backend/migrations/0841_votes_system.sql:57: ERRO:  rela├º├úo "votes" n├úo existe
psql:C:/unificard/backend/migrations/0841_votes_system.sql:60: ERRO:  rela├º├úo "votes" n├úo existe
psql:C:/unificard/backend/migrations/0841_votes_system.sql:63: ERRO:  rela├º├úo "votes" n├úo existe
psql:C:/unificard/backend/migrations/0841_votes_system.sql:66: ERRO:  rela├º├úo "votes" n├úo existe
psql:C:/unificard/backend/migrations/0841_votes_system.sql:70: ERRO:  rela├º├úo "votes" n├úo existe
psql:C:/unificard/backend/migrations/0841_votes_system.sql:73: ERRO:  rela├º├úo "votes" n├úo existe
psql:C:/unificard/backend/migrations/0841_votes_system.sql:77: ERRO:  rela├º├úo "votes" n├úo existe
psql:C:/unificard/backend/migrations/0841_votes_system.sql:92: ERRO:  rela├º├úo "votes" n├úo existe
psql:C:/unificard/backend/migrations/0841_votes_system.sql:96: ERRO:  rela├º├úo "vote_options" n├úo existe
psql:C:/unificard/backend/migrations/0841_votes_system.sql:99: ERRO:  rela├º├úo "vote_options" n├úo existe
psql:C:/unificard/backend/migrations/0841_votes_system.sql:110: ERRO:  rela├º├úo "vote_options" n├úo existe
psql:C:/unificard/backend/migrations/0841_votes_system.sql:132: ERRO:  rela├º├úo "votes" n├úo existe
psql:C:/unificard/backend/migrations/0841_votes_system.sql:136: ERRO:  rela├º├úo "vote_responses" n├úo existe
psql:C:/unificard/backend/migrations/0841_votes_system.sql:139: ERRO:  rela├º├úo "vote_responses" n├úo existe
psql:C:/unificard/backend/migrations/0841_votes_system.sql:142: ERRO:  rela├º├úo "vote_responses" n├úo existe
psql:C:/unificard/backend/migrations/0841_votes_system.sql:145: ERRO:  rela├º├úo "vote_responses" n├úo existe
psql:C:/unificard/backend/migrations/0841_votes_system.sql:156: ERRO:  rela├º├úo "vote_responses" n├úo existe
psql:C:/unificard/backend/migrations/0841_votes_system.sql:163: ERRO:  rela├º├úo "votes" n├úo existe
psql:C:/unificard/backend/migrations/0841_votes_system.sql:166: ERRO:  rela├º├úo "vote_options" n├úo existe
psql:C:/unificard/backend/migrations/0841_votes_system.sql:169: ERRO:  rela├º├úo "vote_responses" n├úo existe
psql:C:/unificard/backend/migrations/0841_votes_system.sql:172: ERRO:  rela├º├úo "votes" n├úo existe
OK: 0841_votes_system.sql
psql:C:/unificard/backend/migrations/0842_social_economy_features.sql:69: NOTA:  extens├úo "uuid-ossp" j├í existe, ignorando
CREATE EXTENSION
psql:C:/unificard/backend/migrations/0842_social_economy_features.sql:110: ERRO:  coluna "tenant_id" referenciada na restri├º├úo de chave estrangeira n├úo existe
psql:C:/unificard/backend/migrations/0842_social_economy_features.sql:114: ERRO:  rela├º├úo "post_cta" n├úo existe
psql:C:/unificard/backend/migrations/0842_social_economy_features.sql:117: ERRO:  rela├º├úo "post_cta" n├úo existe
psql:C:/unificard/backend/migrations/0842_social_economy_features.sql:121: ERRO:  rela├º├úo "post_cta" n├úo existe
psql:C:/unificard/backend/migrations/0842_social_economy_features.sql:125: ERRO:  rela├º├úo "post_cta" n├úo existe
psql:C:/unificard/backend/migrations/0842_social_economy_features.sql:128: ERRO:  rela├º├úo "post_cta" n├úo existe
psql:C:/unificard/backend/migrations/0842_social_economy_features.sql:142: ERRO:  rela├º├úo "post_cta" n├úo existe
CONTEXTO:  comando SQL "CREATE POLICY post_cta_rls

      ON post_cta

      USING (tenant_id::text = current_setting('app.current_tenant', true))

      WITH CHECK (tenant_id::text = current_setting('app.current_tenant', true))"
fun├º├úo PL/pgSQL inline_code_block linha 8 em comando SQL
psql:C:/unificard/backend/migrations/0842_social_economy_features.sql:156: ERRO:  rela├º├úo "post_cta" n├úo existe
CONTEXTO:  comando SQL "CREATE TRIGGER trg_post_cta_updated_at

      BEFORE UPDATE ON post_cta

      FOR EACH ROW

      EXECUTE FUNCTION update_updated_at_column()"
fun├º├úo PL/pgSQL inline_code_block linha 7 em comando SQL
CREATE FUNCTION
psql:C:/unificard/backend/migrations/0842_social_economy_features.sql:227: ERRO:  rela├º├úo "post_cta" n├úo existe
CONTEXTO:  comando SQL "CREATE TRIGGER trg_post_cta_enforce_tenant

      BEFORE INSERT OR UPDATE ON post_cta

      FOR EACH ROW

      EXECUTE FUNCTION post_cta_enforce_tenant_consistency()"
fun├º├úo PL/pgSQL inline_code_block linha 7 em comando SQL
psql:C:/unificard/backend/migrations/0842_social_economy_features.sql:230: ERRO:  rela├º├úo "post_cta" n├úo existe
psql:C:/unificard/backend/migrations/0842_social_economy_features.sql:238: ERRO:  rela├º├úo "groups" n├úo existe
psql:C:/unificard/backend/migrations/0842_social_economy_features.sql:241: ERRO:  rela├º├úo "groups" n├úo existe
psql:C:/unificard/backend/migrations/0842_social_economy_features.sql:254: ERRO:  rela├º├úo "groups" n├úo existe
CONTEXTO:  comando SQL "ALTER TABLE groups

      ADD CONSTRAINT groups_profit_percentage_check

      CHECK (profit_percentage BETWEEN 0 AND 100)"
fun├º├úo PL/pgSQL inline_code_block linha 7 em comando SQL
psql:C:/unificard/backend/migrations/0842_social_economy_features.sql:257: ERRO:  rela├º├úo "groups" n├úo existe
psql:C:/unificard/backend/migrations/0842_social_economy_features.sql:307: ERRO:  coluna "tenant_id" referenciada na restri├º├úo de chave estrangeira n├úo existe
psql:C:/unificard/backend/migrations/0842_social_economy_features.sql:311: ERRO:  rela├º├úo "social_ledger" n├úo existe
psql:C:/unificard/backend/migrations/0842_social_economy_features.sql:315: ERRO:  rela├º├úo "social_ledger" n├úo existe
psql:C:/unificard/backend/migrations/0842_social_economy_features.sql:319: ERRO:  rela├º├úo "social_ledger" n├úo existe
psql:C:/unificard/backend/migrations/0842_social_economy_features.sql:323: ERRO:  rela├º├úo "social_ledger" n├úo existe
psql:C:/unificard/backend/migrations/0842_social_economy_features.sql:326: ERRO:  rela├º├úo "social_ledger" n├úo existe
psql:C:/unificard/backend/migrations/0842_social_economy_features.sql:329: ERRO:  rela├º├úo "social_ledger" n├úo existe
psql:C:/unificard/backend/migrations/0842_social_economy_features.sql:343: ERRO:  rela├º├úo "social_ledger" n├úo existe
CONTEXTO:  comando SQL "CREATE POLICY social_ledger_rls

      ON social_ledger

      USING (tenant_id::text = current_setting('app.current_tenant', true))

      WITH CHECK (tenant_id::text = current_setting('app.current_tenant', true))"
fun├º├úo PL/pgSQL inline_code_block linha 8 em comando SQL
CREATE FUNCTION
psql:C:/unificard/backend/migrations/0842_social_economy_features.sql:377: ERRO:  rela├º├úo "social_ledger" n├úo existe
CONTEXTO:  comando SQL "CREATE TRIGGER trg_social_ledger_no_update

      BEFORE UPDATE ON social_ledger

      FOR EACH ROW

      EXECUTE FUNCTION social_ledger_block_mutations()"
fun├º├úo PL/pgSQL inline_code_block linha 7 em comando SQL
CREATE FUNCTION
psql:C:/unificard/backend/migrations/0842_social_economy_features.sql:449: ERRO:  rela├º├úo "social_ledger" n├úo existe
CONTEXTO:  comando SQL "CREATE TRIGGER trg_social_ledger_enforce_tenant

      BEFORE INSERT ON social_ledger

      FOR EACH ROW

      EXECUTE FUNCTION social_ledger_enforce_tenant_consistency()"
fun├º├úo PL/pgSQL inline_code_block linha 7 em comando SQL
psql:C:/unificard/backend/migrations/0842_social_economy_features.sql:452: ERRO:  rela├º├úo "social_ledger" n├úo existe
OK: 0842_social_economy_features.sql
DO
psql:C:/unificard/backend/migrations/0843_social_ledger_hardening.sql:73: ERRO:  rela├º├úo "social_ledger" n├úo existe
DO
psql:C:/unificard/backend/migrations/0843_social_ledger_hardening.sql:93: ERRO:  rela├º├úo "social_ledger" n├úo existe
psql:C:/unificard/backend/migrations/0843_social_ledger_hardening.sql:97: ERRO:  rela├º├úo "social_ledger" n├úo existe
psql:C:/unificard/backend/migrations/0843_social_ledger_hardening.sql:110: ERRO:  rela├º├úo "social_ledger" n├úo existe
CONTEXTO:  comando SQL "ALTER TABLE social_ledger

      ADD CONSTRAINT social_ledger_amount_cents_check

      CHECK (amount_cents >= 0)"
fun├º├úo PL/pgSQL inline_code_block linha 7 em comando SQL
psql:C:/unificard/backend/migrations/0843_social_ledger_hardening.sql:118: ERRO:  rela├º├úo "social_ledger" n├úo existe
psql:C:/unificard/backend/migrations/0843_social_ledger_hardening.sql:122: ERRO:  rela├º├úo "social_ledger" n├úo existe
psql:C:/unificard/backend/migrations/0843_social_ledger_hardening.sql:132: ERRO:  rela├º├úo "social_ledger" n├úo existe
psql:C:/unificard/backend/migrations/0843_social_ledger_hardening.sql:136: ERRO:  rela├º├úo "social_ledger" n├úo existe
psql:C:/unificard/backend/migrations/0843_social_ledger_hardening.sql:143: ERRO:  rela├º├úo "social_ledger" n├úo existe
psql:C:/unificard/backend/migrations/0843_social_ledger_hardening.sql:145: NOTA:  rela├º├úo "social_ledger" n├úo existe, ignorando
DROP POLICY
psql:C:/unificard/backend/migrations/0843_social_ledger_hardening.sql:159: ERRO:  rela├º├úo "social_ledger" n├úo existe
CONTEXTO:  comando SQL "CREATE POLICY social_ledger_rls

      ON social_ledger

      USING (tenant_id::text = current_setting('app.current_tenant', true))

      WITH CHECK (tenant_id::text = current_setting('app.current_tenant', true))"
fun├º├úo PL/pgSQL inline_code_block linha 8 em comando SQL
CREATE FUNCTION
psql:C:/unificard/backend/migrations/0843_social_ledger_hardening.sql:245: ERRO:  rela├º├úo "social_ledger" n├úo existe
CONTEXTO:  comando SQL "CREATE TRIGGER trg_social_ledger_enforce_tenant

      BEFORE INSERT ON social_ledger

      FOR EACH ROW

      EXECUTE FUNCTION social_ledger_enforce_tenant_consistency()"
fun├º├úo PL/pgSQL inline_code_block linha 7 em comando SQL
CREATE FUNCTION
psql:C:/unificard/backend/migrations/0843_social_ledger_hardening.sql:278: ERRO:  rela├º├úo "social_ledger" n├úo existe
CONTEXTO:  comando SQL "CREATE TRIGGER trg_social_ledger_no_update

      BEFORE UPDATE ON social_ledger

      FOR EACH ROW

      EXECUTE FUNCTION social_ledger_block_mutations()"
fun├º├úo PL/pgSQL inline_code_block linha 4 em comando SQL
psql:C:/unificard/backend/migrations/0843_social_ledger_hardening.sql:286: ERRO:  rela├º├úo "social_ledger" n├úo existe
psql:C:/unificard/backend/migrations/0843_social_ledger_hardening.sql:289: ERRO:  rela├º├úo "social_ledger" n├úo existe
psql:C:/unificard/backend/migrations/0843_social_ledger_hardening.sql:292: ERRO:  rela├º├úo "social_ledger" n├úo existe
OK: 0843_social_ledger_hardening.sql
psql:C:/unificard/backend/migrations/0844_social_purpose_targeting.sql:67: ERRO:  rela├º├úo "posts" n├úo existe
psql:C:/unificard/backend/migrations/0844_social_purpose_targeting.sql:89: ERRO:  rela├º├úo "posts" n├úo existe
CONTEXTO:  comando SQL "ALTER TABLE posts

      ADD CONSTRAINT posts_intent_check CHECK (

        intent IN (

          'personal',

          'friends',

          'booking',

          'service_offer',

          'product_offer',

          'project',

          'vote',

          'event'

        )

      )"
fun├º├úo PL/pgSQL inline_code_block linha 6 em comando SQL
psql:C:/unificard/backend/migrations/0844_social_purpose_targeting.sql:93: ERRO:  rela├º├úo "posts" n├úo existe
psql:C:/unificard/backend/migrations/0844_social_purpose_targeting.sql:97: ERRO:  rela├º├úo "posts" n├úo existe
psql:C:/unificard/backend/migrations/0844_social_purpose_targeting.sql:101: ERRO:  rela├º├úo "posts" n├úo existe
psql:C:/unificard/backend/migrations/0844_social_purpose_targeting.sql:129: ERRO:  rela├º├úo "posts" n├úo existe
psql:C:/unificard/backend/migrations/0844_social_purpose_targeting.sql:133: ERRO:  rela├º├úo "post_votes" n├úo existe
psql:C:/unificard/backend/migrations/0844_social_purpose_targeting.sql:136: ERRO:  rela├º├úo "post_votes" n├úo existe
psql:C:/unificard/backend/migrations/0844_social_purpose_targeting.sql:139: ERRO:  rela├º├úo "post_votes" n├úo existe
psql:C:/unificard/backend/migrations/0844_social_purpose_targeting.sql:153: ERRO:  rela├º├úo "post_votes" n├úo existe
CONTEXTO:  comando SQL "CREATE POLICY post_votes_rls

      ON post_votes

      USING (tenant_id::text = current_setting('app.current_tenant', true))

      WITH CHECK (tenant_id::text = current_setting('app.current_tenant', true))"
fun├º├úo PL/pgSQL inline_code_block linha 8 em comando SQL
CREATE FUNCTION
psql:C:/unificard/backend/migrations/0844_social_purpose_targeting.sql:188: ERRO:  rela├º├úo "post_votes" n├úo existe
CONTEXTO:  comando SQL "CREATE TRIGGER trg_post_votes_tenant

      BEFORE INSERT OR UPDATE ON post_votes

      FOR EACH ROW

      EXECUTE FUNCTION post_votes_enforce_tenant()"
fun├º├úo PL/pgSQL inline_code_block linha 4 em comando SQL
psql:C:/unificard/backend/migrations/0844_social_purpose_targeting.sql:220: ERRO:  rela├º├úo "posts" n├úo existe
psql:C:/unificard/backend/migrations/0844_social_purpose_targeting.sql:224: ERRO:  rela├º├úo "post_projects" n├úo existe
psql:C:/unificard/backend/migrations/0844_social_purpose_targeting.sql:227: ERRO:  rela├º├úo "post_projects" n├úo existe
psql:C:/unificard/backend/migrations/0844_social_purpose_targeting.sql:231: ERRO:  rela├º├úo "post_projects" n├úo existe
psql:C:/unificard/backend/migrations/0844_social_purpose_targeting.sql:234: ERRO:  rela├º├úo "post_projects" n├úo existe
psql:C:/unificard/backend/migrations/0844_social_purpose_targeting.sql:248: ERRO:  rela├º├úo "post_projects" n├úo existe
CONTEXTO:  comando SQL "CREATE POLICY post_projects_rls

      ON post_projects

      USING (tenant_id::text = current_setting('app.current_tenant', true))

      WITH CHECK (tenant_id::text = current_setting('app.current_tenant', true))"
fun├º├úo PL/pgSQL inline_code_block linha 8 em comando SQL
psql:C:/unificard/backend/migrations/0844_social_purpose_targeting.sql:259: ERRO:  rela├º├úo "post_projects" n├úo existe
CONTEXTO:  comando SQL "CREATE TRIGGER trg_post_projects_updated_at

      BEFORE UPDATE ON post_projects

      FOR EACH ROW

      EXECUTE FUNCTION update_updated_at_column()"
fun├º├úo PL/pgSQL inline_code_block linha 4 em comando SQL
CREATE FUNCTION
psql:C:/unificard/backend/migrations/0844_social_purpose_targeting.sql:294: ERRO:  rela├º├úo "post_projects" n├úo existe
CONTEXTO:  comando SQL "CREATE TRIGGER trg_post_projects_tenant

      BEFORE INSERT OR UPDATE ON post_projects

      FOR EACH ROW

      EXECUTE FUNCTION post_projects_enforce_tenant()"
fun├º├úo PL/pgSQL inline_code_block linha 4 em comando SQL
psql:C:/unificard/backend/migrations/0844_social_purpose_targeting.sql:302: ERRO:  rela├º├úo "posts" n├úo existe
psql:C:/unificard/backend/migrations/0844_social_purpose_targeting.sql:305: ERRO:  rela├º├úo "posts" n├úo existe
psql:C:/unificard/backend/migrations/0844_social_purpose_targeting.sql:308: ERRO:  rela├º├úo "posts" n├úo existe
psql:C:/unificard/backend/migrations/0844_social_purpose_targeting.sql:311: ERRO:  rela├º├úo "post_votes" n├úo existe
psql:C:/unificard/backend/migrations/0844_social_purpose_targeting.sql:314: ERRO:  rela├º├úo "post_projects" n├úo existe
OK: 0844_social_purpose_targeting.sql
DO
psql:C:/unificard/backend/migrations/0845_crm_notes.sql:61: ERRO:  coluna "tenant_id" referenciada na restri├º├úo de chave estrangeira n├úo existe
psql:C:/unificard/backend/migrations/0845_crm_notes.sql:68: ERRO:  rela├º├úo "crm_notes" n├úo existe
psql:C:/unificard/backend/migrations/0845_crm_notes.sql:72: ERRO:  rela├º├úo "crm_notes" n├úo existe
psql:C:/unificard/backend/migrations/0845_crm_notes.sql:76: ERRO:  rela├º├úo "crm_notes" n├úo existe
psql:C:/unificard/backend/migrations/0845_crm_notes.sql:81: ERRO:  rela├º├úo "crm_notes" n├úo existe
psql:C:/unificard/backend/migrations/0845_crm_notes.sql:97: ERRO:  rela├º├úo "crm_notes" n├úo existe
CONTEXTO:  comando SQL "CREATE POLICY crm_notes_tenant_isolation

      ON crm_notes

      FOR ALL

      USING (tenant_id::text = current_setting('app.current_tenant', true))"
fun├º├úo PL/pgSQL inline_code_block linha 9 em comando SQL
psql:C:/unificard/backend/migrations/0845_crm_notes.sql:102: ERRO:  rela├º├úo "crm_notes" n├úo existe
psql:C:/unificard/backend/migrations/0845_crm_notes.sql:103: ERRO:  rela├º├úo "crm_notes" n├úo existe
OK: 0845_crm_notes.sql
psql:C:/unificard/backend/migrations/0846_crm_tags.sql:35: ERRO:  coluna "tenant_id" referenciada na restri├º├úo de chave estrangeira n├úo existe
psql:C:/unificard/backend/migrations/0846_crm_tags.sql:42: ERRO:  rela├º├úo "crm_tags" n├úo existe
psql:C:/unificard/backend/migrations/0846_crm_tags.sql:46: ERRO:  rela├º├úo "crm_tags" n├úo existe
psql:C:/unificard/backend/migrations/0846_crm_tags.sql:51: ERRO:  rela├º├úo "crm_tags" n├úo existe
psql:C:/unificard/backend/migrations/0846_crm_tags.sql:67: ERRO:  rela├º├úo "crm_tags" n├úo existe
CONTEXTO:  comando SQL "CREATE POLICY crm_tags_tenant_isolation

      ON crm_tags

      FOR ALL

      USING (tenant_id::text = current_setting('app.current_tenant', true))"
fun├º├úo PL/pgSQL inline_code_block linha 9 em comando SQL
psql:C:/unificard/backend/migrations/0846_crm_tags.sql:72: ERRO:  rela├º├úo "crm_tags" n├úo existe
OK: 0846_crm_tags.sql
psql:C:/unificard/backend/migrations/0847_crm_contact_tags.sql:36: ERRO:  coluna "tenant_id" referenciada na restri├º├úo de chave estrangeira n├úo existe
psql:C:/unificard/backend/migrations/0847_crm_contact_tags.sql:43: ERRO:  rela├º├úo "crm_contact_tags" n├úo existe
psql:C:/unificard/backend/migrations/0847_crm_contact_tags.sql:47: ERRO:  rela├º├úo "crm_contact_tags" n├úo existe
psql:C:/unificard/backend/migrations/0847_crm_contact_tags.sql:51: ERRO:  rela├º├úo "crm_contact_tags" n├úo existe
psql:C:/unificard/backend/migrations/0847_crm_contact_tags.sql:56: ERRO:  rela├º├úo "crm_contact_tags" n├úo existe
psql:C:/unificard/backend/migrations/0847_crm_contact_tags.sql:72: ERRO:  rela├º├úo "crm_contact_tags" n├úo existe
CONTEXTO:  comando SQL "CREATE POLICY crm_contact_tags_tenant_isolation

      ON crm_contact_tags

      FOR ALL

      USING (tenant_id::text = current_setting('app.current_tenant', true))"
fun├º├úo PL/pgSQL inline_code_block linha 9 em comando SQL
psql:C:/unificard/backend/migrations/0847_crm_contact_tags.sql:77: ERRO:  rela├º├úo "crm_contact_tags" n├úo existe
OK: 0847_crm_contact_tags.sql
DO
DO
psql:C:/unificard/backend/migrations/0848_crm_consents.sql:76: ERRO:  coluna "tenant_id" referenciada na restri├º├úo de chave estrangeira n├úo existe
psql:C:/unificard/backend/migrations/0848_crm_consents.sql:83: ERRO:  rela├º├úo "crm_consents" n├úo existe
psql:C:/unificard/backend/migrations/0848_crm_consents.sql:87: ERRO:  rela├º├úo "crm_consents" n├úo existe
psql:C:/unificard/backend/migrations/0848_crm_consents.sql:92: ERRO:  rela├º├úo "crm_consents" n├úo existe
CREATE FUNCTION
psql:C:/unificard/backend/migrations/0848_crm_consents.sql:109: ERRO:  rela├º├úo "crm_consents" n├úo existe
psql:C:/unificard/backend/migrations/0848_crm_consents.sql:114: ERRO:  rela├º├úo "crm_consents" n├úo existe
psql:C:/unificard/backend/migrations/0848_crm_consents.sql:130: ERRO:  rela├º├úo "crm_consents" n├úo existe
CONTEXTO:  comando SQL "CREATE POLICY crm_consents_tenant_isolation

      ON crm_consents

      FOR ALL

      USING (tenant_id::text = current_setting('app.current_tenant', true))"
fun├º├úo PL/pgSQL inline_code_block linha 9 em comando SQL
psql:C:/unificard/backend/migrations/0848_crm_consents.sql:135: ERRO:  rela├º├úo "crm_consents" n├úo existe
psql:C:/unificard/backend/migrations/0848_crm_consents.sql:136: ERRO:  rela├º├úo "crm_consents" n├úo existe
psql:C:/unificard/backend/migrations/0848_crm_consents.sql:137: ERRO:  rela├º├úo "crm_consents" n├úo existe
OK: 0848_crm_consents.sql
DO
DO
DO
psql:C:/unificard/backend/migrations/0850_alerts.sql:97: ERRO:  coluna "tenant_id" referenciada na restri├º├úo de chave estrangeira n├úo existe
psql:C:/unificard/backend/migrations/0850_alerts.sql:104: ERRO:  rela├º├úo "alerts" n├úo existe
psql:C:/unificard/backend/migrations/0850_alerts.sql:109: ERRO:  rela├º├úo "alerts" n├úo existe
psql:C:/unificard/backend/migrations/0850_alerts.sql:113: ERRO:  rela├º├úo "alerts" n├úo existe
psql:C:/unificard/backend/migrations/0850_alerts.sql:117: ERRO:  rela├º├úo "alerts" n├úo existe
psql:C:/unificard/backend/migrations/0850_alerts.sql:122: ERRO:  rela├º├úo "alerts" n├úo existe
psql:C:/unificard/backend/migrations/0850_alerts.sql:127: ERRO:  rela├º├úo "alerts" n├úo existe
psql:C:/unificard/backend/migrations/0850_alerts.sql:130: ERRO:  rela├º├úo "alerts" n├úo existe
psql:C:/unificard/backend/migrations/0850_alerts.sql:138: ERRO:  rela├º├úo "alerts" n├úo existe
psql:C:/unificard/backend/migrations/0850_alerts.sql:144: ERRO:  rela├º├úo "alerts" n├úo existe
psql:C:/unificard/backend/migrations/0850_alerts.sql:147: ERRO:  rela├º├úo "alerts" n├úo existe
psql:C:/unificard/backend/migrations/0850_alerts.sql:150: ERRO:  rela├º├úo "alerts" n├úo existe
psql:C:/unificard/backend/migrations/0850_alerts.sql:153: ERRO:  rela├º├úo "alerts" n├úo existe
psql:C:/unificard/backend/migrations/0850_alerts.sql:156: ERRO:  rela├º├úo "alerts" n├úo existe
psql:C:/unificard/backend/migrations/0850_alerts.sql:159: ERRO:  rela├º├úo "alerts" n├úo existe
psql:C:/unificard/backend/migrations/0850_alerts.sql:162: ERRO:  rela├º├úo "alerts" n├úo existe
OK: 0850_alerts.sql
psql:C:/unificard/backend/migrations/0851_publication_metadata.sql:50: ERRO:  coluna "tenant_id" referenciada na restri├º├úo de chave estrangeira n├úo existe
psql:C:/unificard/backend/migrations/0851_publication_metadata.sql:53: ERRO:  rela├º├úo "publication_metadata" n├úo existe
psql:C:/unificard/backend/migrations/0851_publication_metadata.sql:54: ERRO:  rela├º├úo "publication_metadata" n├úo existe
psql:C:/unificard/backend/migrations/0851_publication_metadata.sql:55: ERRO:  rela├º├úo "publication_metadata" n├úo existe
psql:C:/unificard/backend/migrations/0851_publication_metadata.sql:56: ERRO:  rela├º├úo "publication_metadata" n├úo existe
psql:C:/unificard/backend/migrations/0851_publication_metadata.sql:59: ERRO:  rela├º├úo "publication_metadata" n├úo existe
psql:C:/unificard/backend/migrations/0851_publication_metadata.sql:60: ERRO:  rela├º├úo "publication_metadata" n├úo existe
psql:C:/unificard/backend/migrations/0851_publication_metadata.sql:63: ERRO:  rela├º├úo "publication_metadata" n├úo existe
CREATE FUNCTION
psql:C:/unificard/backend/migrations/0851_publication_metadata.sql:77: ERRO:  rela├º├úo "publication_metadata" n├úo existe
psql:C:/unificard/backend/migrations/0851_publication_metadata.sql:80: ERRO:  rela├º├úo "publication_metadata" n├úo existe
psql:C:/unificard/backend/migrations/0851_publication_metadata.sql:81: ERRO:  rela├º├úo "publication_metadata" n├úo existe
psql:C:/unificard/backend/migrations/0851_publication_metadata.sql:82: ERRO:  rela├º├úo "publication_metadata" n├úo existe
psql:C:/unificard/backend/migrations/0851_publication_metadata.sql:83: ERRO:  rela├º├úo "publication_metadata" n├úo existe
psql:C:/unificard/backend/migrations/0851_publication_metadata.sql:84: ERRO:  rela├º├úo "publication_metadata" n├úo existe
psql:C:/unificard/backend/migrations/0851_publication_metadata.sql:85: ERRO:  rela├º├úo "publication_metadata" n├úo existe
psql:C:/unificard/backend/migrations/0851_publication_metadata.sql:86: ERRO:  rela├º├úo "publication_metadata" n├úo existe
psql:C:/unificard/backend/migrations/0851_publication_metadata.sql:87: ERRO:  rela├º├úo "publication_metadata" n├úo existe
OK: 0851_publication_metadata.sql
psql:C:/unificard/backend/migrations/0852_publication_audit_log.sql:55: ERRO:  coluna "tenant_id" referenciada na restri├º├úo de chave estrangeira n├úo existe
psql:C:/unificard/backend/migrations/0852_publication_audit_log.sql:58: ERRO:  rela├º├úo "publication_audit_log" n├úo existe
psql:C:/unificard/backend/migrations/0852_publication_audit_log.sql:59: ERRO:  rela├º├úo "publication_audit_log" n├úo existe
psql:C:/unificard/backend/migrations/0852_publication_audit_log.sql:60: ERRO:  rela├º├úo "publication_audit_log" n├úo existe
psql:C:/unificard/backend/migrations/0852_publication_audit_log.sql:61: ERRO:  rela├º├úo "publication_audit_log" n├úo existe
psql:C:/unificard/backend/migrations/0852_publication_audit_log.sql:62: ERRO:  rela├º├úo "publication_audit_log" n├úo existe
psql:C:/unificard/backend/migrations/0852_publication_audit_log.sql:65: ERRO:  rela├º├úo "publication_audit_log" n├úo existe
psql:C:/unificard/backend/migrations/0852_publication_audit_log.sql:68: ERRO:  rela├º├úo "publication_audit_log" n├úo existe
psql:C:/unificard/backend/migrations/0852_publication_audit_log.sql:69: ERRO:  rela├º├úo "publication_audit_log" n├úo existe
psql:C:/unificard/backend/migrations/0852_publication_audit_log.sql:70: ERRO:  rela├º├úo "publication_audit_log" n├úo existe
psql:C:/unificard/backend/migrations/0852_publication_audit_log.sql:71: ERRO:  rela├º├úo "publication_audit_log" n├úo existe
psql:C:/unificard/backend/migrations/0852_publication_audit_log.sql:72: ERRO:  rela├º├úo "publication_audit_log" n├úo existe
OK: 0852_publication_audit_log.sql
psql:C:/unificard/backend/migrations/0853_audit_events.sql:73: ERRO:  coluna "tenant_id" referenciada na restri├º├úo de chave estrangeira n├úo existe
psql:C:/unificard/backend/migrations/0853_audit_events.sql:80: ERRO:  rela├º├úo "audit_events" n├úo existe
psql:C:/unificard/backend/migrations/0853_audit_events.sql:83: ERRO:  rela├º├úo "audit_events" n├úo existe
psql:C:/unificard/backend/migrations/0853_audit_events.sql:86: ERRO:  rela├º├úo "audit_events" n├úo existe
psql:C:/unificard/backend/migrations/0853_audit_events.sql:89: ERRO:  rela├º├úo "audit_events" n├úo existe
psql:C:/unificard/backend/migrations/0853_audit_events.sql:92: ERRO:  rela├º├úo "audit_events" n├úo existe
psql:C:/unificard/backend/migrations/0853_audit_events.sql:96: ERRO:  rela├º├úo "audit_events" n├úo existe
psql:C:/unificard/backend/migrations/0853_audit_events.sql:103: ERRO:  rela├º├úo "audit_events" n├úo existe
psql:C:/unificard/backend/migrations/0853_audit_events.sql:106: ERRO:  rela├º├úo "audit_events" n├úo existe
psql:C:/unificard/backend/migrations/0853_audit_events.sql:109: ERRO:  rela├º├úo "audit_events" n├úo existe
psql:C:/unificard/backend/migrations/0853_audit_events.sql:112: ERRO:  rela├º├úo "audit_events" n├úo existe
psql:C:/unificard/backend/migrations/0853_audit_events.sql:115: ERRO:  rela├º├úo "audit_events" n├úo existe
psql:C:/unificard/backend/migrations/0853_audit_events.sql:118: ERRO:  rela├º├úo "audit_events" n├úo existe
OK: 0853_audit_events.sql
psql:C:/unificard/backend/migrations/0860_pilot_events.sql:59: ERRO:  coluna "tenant_id" referenciada na restri├º├úo de chave estrangeira n├úo existe
psql:C:/unificard/backend/migrations/0860_pilot_events.sql:65: ERRO:  rela├º├úo "pilot_events" n├úo existe
psql:C:/unificard/backend/migrations/0860_pilot_events.sql:68: ERRO:  rela├º├úo "pilot_events" n├úo existe
psql:C:/unificard/backend/migrations/0860_pilot_events.sql:71: ERRO:  rela├º├úo "pilot_events" n├úo existe
psql:C:/unificard/backend/migrations/0860_pilot_events.sql:74: ERRO:  rela├º├úo "pilot_events" n├úo existe
psql:C:/unificard/backend/migrations/0860_pilot_events.sql:78: ERRO:  rela├º├úo "pilot_events" n├úo existe
psql:C:/unificard/backend/migrations/0860_pilot_events.sql:84: ERRO:  rela├º├úo "pilot_events" n├úo existe
psql:C:/unificard/backend/migrations/0860_pilot_events.sql:87: ERRO:  rela├º├úo "pilot_events" n├úo existe
psql:C:/unificard/backend/migrations/0860_pilot_events.sql:90: ERRO:  rela├º├úo "pilot_events" n├úo existe
psql:C:/unificard/backend/migrations/0860_pilot_events.sql:93: ERRO:  rela├º├úo "pilot_events" n├úo existe
OK: 0860_pilot_events.sql
psql:C:/unificard/backend/migrations/0861_institutional_memory.sql:46: ERRO:  coluna "tenant_id" referenciada na restri├º├úo de chave estrangeira n├úo existe
psql:C:/unificard/backend/migrations/0861_institutional_memory.sql:52: ERRO:  rela├º├úo "institutional_memory_declarations" n├úo existe
psql:C:/unificard/backend/migrations/0861_institutional_memory.sql:55: ERRO:  rela├º├úo "institutional_memory_declarations" n├úo existe
psql:C:/unificard/backend/migrations/0861_institutional_memory.sql:58: ERRO:  rela├º├úo "institutional_memory_declarations" n├úo existe
psql:C:/unificard/backend/migrations/0861_institutional_memory.sql:61: ERRO:  rela├º├úo "institutional_memory_declarations" n├úo existe
psql:C:/unificard/backend/migrations/0861_institutional_memory.sql:66: ERRO:  rela├º├úo "institutional_memory_declarations" n├úo existe
psql:C:/unificard/backend/migrations/0861_institutional_memory.sql:72: ERRO:  rela├º├úo "institutional_memory_declarations" n├úo existe
psql:C:/unificard/backend/migrations/0861_institutional_memory.sql:75: ERRO:  rela├º├úo "institutional_memory_declarations" n├úo existe
psql:C:/unificard/backend/migrations/0861_institutional_memory.sql:78: ERRO:  rela├º├úo "institutional_memory_declarations" n├úo existe
psql:C:/unificard/backend/migrations/0861_institutional_memory.sql:81: ERRO:  rela├º├úo "institutional_memory_declarations" n├úo existe
psql:C:/unificard/backend/migrations/0861_institutional_memory.sql:84: ERRO:  rela├º├úo "institutional_memory_declarations" n├úo existe
psql:C:/unificard/backend/migrations/0861_institutional_memory.sql:87: ERRO:  rela├º├úo "institutional_memory_declarations" n├úo existe
OK: 0861_institutional_memory.sql
psql:C:/unificard/backend/migrations/0862_pilot_invites.sql:47: ERRO:  coluna "tenant_id" referenciada na restri├º├úo de chave estrangeira n├úo existe
psql:C:/unificard/backend/migrations/0862_pilot_invites.sql:53: ERRO:  rela├º├úo "pilot_invites" n├úo existe
psql:C:/unificard/backend/migrations/0862_pilot_invites.sql:56: ERRO:  rela├º├úo "pilot_invites" n├úo existe
psql:C:/unificard/backend/migrations/0862_pilot_invites.sql:59: ERRO:  rela├º├úo "pilot_invites" n├úo existe
psql:C:/unificard/backend/migrations/0862_pilot_invites.sql:62: ERRO:  rela├º├úo "pilot_invites" n├úo existe
psql:C:/unificard/backend/migrations/0862_pilot_invites.sql:66: ERRO:  rela├º├úo "pilot_invites" n├úo existe
psql:C:/unificard/backend/migrations/0862_pilot_invites.sql:71: ERRO:  rela├º├úo "pilot_invites" n├úo existe
psql:C:/unificard/backend/migrations/0862_pilot_invites.sql:77: ERRO:  rela├º├úo "pilot_invites" n├úo existe
psql:C:/unificard/backend/migrations/0862_pilot_invites.sql:80: ERRO:  rela├º├úo "pilot_invites" n├úo existe
psql:C:/unificard/backend/migrations/0862_pilot_invites.sql:83: ERRO:  rela├º├úo "pilot_invites" n├úo existe
psql:C:/unificard/backend/migrations/0862_pilot_invites.sql:86: ERRO:  rela├º├úo "pilot_invites" n├úo existe
OK: 0862_pilot_invites.sql
psql:C:/unificard/backend/migrations/0863_pilot_human_observation.sql:44: ERRO:  coluna "tenant_id" referenciada na restri├º├úo de chave estrangeira n├úo existe
psql:C:/unificard/backend/migrations/0863_pilot_human_observation.sql:66: ERRO:  coluna "tenant_id" referenciada na restri├º├úo de chave estrangeira n├úo existe
psql:C:/unificard/backend/migrations/0863_pilot_human_observation.sql:73: ERRO:  rela├º├úo "pilot_checklist" n├úo existe
psql:C:/unificard/backend/migrations/0863_pilot_human_observation.sql:76: ERRO:  rela├º├úo "pilot_checklist" n├úo existe
psql:C:/unificard/backend/migrations/0863_pilot_human_observation.sql:80: ERRO:  rela├º├úo "pilot_notes" n├úo existe
psql:C:/unificard/backend/migrations/0863_pilot_human_observation.sql:83: ERRO:  rela├º├úo "pilot_notes" n├úo existe
psql:C:/unificard/backend/migrations/0863_pilot_human_observation.sql:87: ERRO:  rela├º├úo "pilot_checklist" n├úo existe
psql:C:/unificard/backend/migrations/0863_pilot_human_observation.sql:90: ERRO:  rela├º├úo "pilot_notes" n├úo existe
psql:C:/unificard/backend/migrations/0863_pilot_human_observation.sql:96: ERRO:  rela├º├úo "pilot_checklist" n├úo existe
psql:C:/unificard/backend/migrations/0863_pilot_human_observation.sql:99: ERRO:  rela├º├úo "pilot_notes" n├úo existe
psql:C:/unificard/backend/migrations/0863_pilot_human_observation.sql:102: ERRO:  rela├º├úo "pilot_checklist" n├úo existe
psql:C:/unificard/backend/migrations/0863_pilot_human_observation.sql:105: ERRO:  rela├º├úo "pilot_checklist" n├úo existe
psql:C:/unificard/backend/migrations/0863_pilot_human_observation.sql:108: ERRO:  rela├º├úo "pilot_notes" n├úo existe
OK: 0863_pilot_human_observation.sql
psql:C:/unificard/backend/migrations/0864_pilot_hypotheses.sql:35: ERRO:  coluna "tenant_id" referenciada na restri├º├úo de chave estrangeira n├úo existe
psql:C:/unificard/backend/migrations/0864_pilot_hypotheses.sql:41: ERRO:  rela├º├úo "pilot_hypotheses" n├úo existe
psql:C:/unificard/backend/migrations/0864_pilot_hypotheses.sql:44: ERRO:  rela├º├úo "pilot_hypotheses" n├úo existe
psql:C:/unificard/backend/migrations/0864_pilot_hypotheses.sql:48: ERRO:  rela├º├úo "pilot_hypotheses" n├úo existe
psql:C:/unificard/backend/migrations/0864_pilot_hypotheses.sql:54: ERRO:  rela├º├úo "pilot_hypotheses" n├úo existe
psql:C:/unificard/backend/migrations/0864_pilot_hypotheses.sql:57: ERRO:  rela├º├úo "pilot_hypotheses" n├úo existe
OK: 0864_pilot_hypotheses.sql
psql:C:/unificard/backend/migrations/0865_rides_patch_enhanced.sql:28: NOTA:  extens├úo "uuid-ossp" j├í existe, ignorando
CREATE EXTENSION
CREATE EXTENSION
psql:C:/unificard/backend/migrations/0865_rides_patch_enhanced.sql:29: NOTA:  extens├úo "pgcrypto" j├í existe, ignorando
CREATE FUNCTION
psql:C:/unificard/backend/migrations/0865_rides_patch_enhanced.sql:53: NOTA:  a coluna "total_trips_completed" da rela├º├úo "rides_drivers" j├í existe, ignorada
psql:C:/unificard/backend/migrations/0865_rides_patch_enhanced.sql:53: NOTA:  a coluna "total_trips_cancelled_driver" da rela├º├úo "rides_drivers" j├í existe, ignorada
psql:C:/unificard/backend/migrations/0865_rides_patch_enhanced.sql:53: NOTA:  a coluna "total_trips_cancelled_passenger" da rela├º├úo "rides_drivers" j├í existe, ignorada
psql:C:/unificard/backend/migrations/0865_rides_patch_enhanced.sql:53: NOTA:  a coluna "acceptance_rate" da rela├º├úo "rides_drivers" j├í existe, ignorada
psql:C:/unificard/backend/migrations/0865_rides_patch_enhanced.sql:53: NOTA:  a coluna "cancellation_rate" da rela├º├úo "rides_drivers" j├í existe, ignorada
psql:C:/unificard/backend/migrations/0865_rides_patch_enhanced.sql:53: NOTA:  a coluna "last_metrics_calculated_at" da rela├º├úo "rides_drivers" j├í existe, ignorada
ALTER TABLE
CREATE TABLE
psql:C:/unificard/backend/migrations/0865_rides_patch_enhanced.sql:76: NOTA:  rela├º├úo "rides_driver_preferences" j├í existe, ignorando
ALTER TABLE
DO
DROP TRIGGER
CREATE TRIGGER
psql:C:/unificard/backend/migrations/0865_rides_patch_enhanced.sql:125: ERRO:  coluna "user_id" referenciada na restri├º├úo de chave estrangeira n├úo existe
psql:C:/unificard/backend/migrations/0865_rides_patch_enhanced.sql:127: NOTA:  rela├º├úo "rides_passenger_stats" n├úo existe, ignorando
ALTER TABLE
psql:C:/unificard/backend/migrations/0865_rides_patch_enhanced.sql:143: ERRO:  rela├º├úo "rides_passenger_stats" n├úo existe
CONTEXTO:  comando SQL "CREATE POLICY rides_passenger_stats_rls

      ON rides_passenger_stats

      USING (tenant_id::text = current_setting('app.current_tenant', true))

      WITH CHECK (tenant_id::text = current_setting('app.current_tenant', true))"
fun├º├úo PL/pgSQL inline_code_block linha 10 em comando SQL
DROP TRIGGER
psql:C:/unificard/backend/migrations/0865_rides_patch_enhanced.sql:145: NOTA:  rela├º├úo "rides_passenger_stats" n├úo existe, ignorando
psql:C:/unificard/backend/migrations/0865_rides_patch_enhanced.sql:149: ERRO:  rela├º├úo "rides_passenger_stats" n├úo existe
psql:C:/unificard/backend/migrations/0865_rides_patch_enhanced.sql:167: NOTA:  rela├º├úo "rides_ride_wait_events" j├í existe, ignorando
CREATE TABLE
ALTER TABLE
DO
psql:C:/unificard/backend/migrations/0865_rides_patch_enhanced.sql:210: NOTA:  rela├º├úo "rides_ride_cancellations" j├í existe, ignorando
CREATE TABLE
ALTER TABLE
DO
OK: 0865_rides_patch_enhanced.sql
psql:C:/unificard/backend/migrations/0866_rides_patch_requirements.sql:82: NOTA:  a coluna "current_earnings_per_hour" da rela├º├úo "rides_driver_sessions" j├í existe, ignorada
psql:C:/unificard/backend/migrations/0866_rides_patch_requirements.sql:82: NOTA:  a coluna "current_earnings_per_km" da rela├º├úo "rides_driver_sessions" j├í existe, ignorada
psql:C:/unificard/backend/migrations/0866_rides_patch_requirements.sql:82: NOTA:  a coluna "total_earnings_session" da rela├º├úo "rides_driver_sessions" j├í existe, ignorada
psql:C:/unificard/backend/migrations/0866_rides_patch_requirements.sql:82: NOTA:  a coluna "total_distance_km_session" da rela├º├úo "rides_driver_sessions" j├í existe, ignorada
psql:C:/unificard/backend/migrations/0866_rides_patch_requirements.sql:82: NOTA:  a coluna "total_rides_session" da rela├º├úo "rides_driver_sessions" j├í existe, ignorada
psql:C:/unificard/backend/migrations/0866_rides_patch_requirements.sql:82: NOTA:  a coluna "alerts_sent" da rela├º├úo "rides_driver_sessions" j├í existe, ignorada
psql:C:/unificard/backend/migrations/0866_rides_patch_requirements.sql:82: NOTA:  a coluna "vehicle_id" da rela├º├úo "rides_driver_sessions" j├í existe, ignorada
psql:C:/unificard/backend/migrations/0866_rides_patch_requirements.sql:82: NOTA:  a coluna "city_id" da rela├º├úo "rides_driver_sessions" j├í existe, ignorada
ALTER TABLE
psql:C:/unificard/backend/migrations/0866_rides_patch_requirements.sql:118: NOTA:  rela├º├úo "rides_ride_stops" j├í existe, ignorando
CREATE TABLE
psql:C:/unificard/backend/migrations/0866_rides_patch_requirements.sql:121: NOTA:  rela├º├úo "idx_rides_ride_stops_ride" j├í existe, ignorando
CREATE INDEX
psql:C:/unificard/backend/migrations/0866_rides_patch_requirements.sql:124: NOTA:  rela├º├úo "idx_rides_ride_stops_status" j├í existe, ignorando
CREATE INDEX
ALTER TABLE
DO
DO
CREATE FUNCTION
CREATE FUNCTION
CREATE INDEX
psql:C:/unificard/backend/migrations/0866_rides_patch_requirements.sql:302: NOTA:  rela├º├úo "idx_rides_driver_sessions_active" j├í existe, ignorando
DO
OK: 0866_rides_patch_requirements.sql
DO
OK: 0867_add_metadata_to_rides.sql
BEGIN
psql:C:/unificard/backend/migrations/0870_seed_learning_categories.sql:45: ERRO:  rela├º├úo "categories" n├úo existe
LINHA 1: INSERT INTO categories (parent_id, name, slug, description, ...
                     ^
psql:C:/unificard/backend/migrations/0870_seed_learning_categories.sql:62: ERRO:  transa├º├úo atual foi interrompida, comandos ignorados at├® o fim do bloco de transa├º├úo
psql:C:/unificard/backend/migrations/0870_seed_learning_categories.sql:79: ERRO:  transa├º├úo atual foi interrompida, comandos ignorados at├® o fim do bloco de transa├º├úo
psql:C:/unificard/backend/migrations/0870_seed_learning_categories.sql:96: ERRO:  transa├º├úo atual foi interrompida, comandos ignorados at├® o fim do bloco de transa├º├úo
psql:C:/unificard/backend/migrations/0870_seed_learning_categories.sql:113: ERRO:  transa├º├úo atual foi interrompida, comandos ignorados at├® o fim do bloco de transa├º├úo
psql:C:/unificard/backend/migrations/0870_seed_learning_categories.sql:130: ERRO:  transa├º├úo atual foi interrompida, comandos ignorados at├® o fim do bloco de transa├º├úo
psql:C:/unificard/backend/migrations/0870_seed_learning_categories.sql:147: ERRO:  transa├º├úo atual foi interrompida, comandos ignorados at├® o fim do bloco de transa├º├úo
psql:C:/unificard/backend/migrations/0870_seed_learning_categories.sql:164: ERRO:  transa├º├úo atual foi interrompida, comandos ignorados at├® o fim do bloco de transa├º├úo
psql:C:/unificard/backend/migrations/0870_seed_learning_categories.sql:190: ERRO:  transa├º├úo atual foi interrompida, comandos ignorados at├® o fim do bloco de transa├º├úo
psql:C:/unificard/backend/migrations/0870_seed_learning_categories.sql:210: ERRO:  transa├º├úo atual foi interrompida, comandos ignorados at├® o fim do bloco de transa├º├úo
psql:C:/unificard/backend/migrations/0870_seed_learning_categories.sql:229: ERRO:  transa├º├úo atual foi interrompida, comandos ignorados at├® o fim do bloco de transa├º├úo
psql:C:/unificard/backend/migrations/0870_seed_learning_categories.sql:248: ERRO:  transa├º├úo atual foi interrompida, comandos ignorados at├® o fim do bloco de transa├º├úo
psql:C:/unificard/backend/migrations/0870_seed_learning_categories.sql:267: ERRO:  transa├º├úo atual foi interrompida, comandos ignorados at├® o fim do bloco de transa├º├úo
psql:C:/unificard/backend/migrations/0870_seed_learning_categories.sql:287: ERRO:  transa├º├úo atual foi interrompida, comandos ignorados at├® o fim do bloco de transa├º├úo
psql:C:/unificard/backend/migrations/0870_seed_learning_categories.sql:307: ERRO:  transa├º├úo atual foi interrompida, comandos ignorados at├® o fim do bloco de transa├º├úo
psql:C:/unificard/backend/migrations/0870_seed_learning_categories.sql:329: ERRO:  transa├º├úo atual foi interrompida, comandos ignorados at├® o fim do bloco de transa├º├úo
psql:C:/unificard/backend/migrations/0870_seed_learning_categories.sql:349: ERRO:  transa├º├úo atual foi interrompida, comandos ignorados at├® o fim do bloco de transa├º├úo
psql:C:/unificard/backend/migrations/0870_seed_learning_categories.sql:369: ERRO:  transa├º├úo atual foi interrompida, comandos ignorados at├® o fim do bloco de transa├º├úo
psql:C:/unificard/backend/migrations/0870_seed_learning_categories.sql:389: ERRO:  transa├º├úo atual foi interrompida, comandos ignorados at├® o fim do bloco de transa├º├úo
psql:C:/unificard/backend/migrations/0870_seed_learning_categories.sql:409: ERRO:  transa├º├úo atual foi interrompida, comandos ignorados at├® o fim do bloco de transa├º├úo
psql:C:/unificard/backend/migrations/0870_seed_learning_categories.sql:431: ERRO:  transa├º├úo atual foi interrompida, comandos ignorados at├® o fim do bloco de transa├º├úo
psql:C:/unificard/backend/migrations/0870_seed_learning_categories.sql:451: ERRO:  transa├º├úo atual foi interrompida, comandos ignorados at├® o fim do bloco de transa├º├úo
psql:C:/unificard/backend/migrations/0870_seed_learning_categories.sql:471: ERRO:  transa├º├úo atual foi interrompida, comandos ignorados at├® o fim do bloco de transa├º├úo
psql:C:/unificard/backend/migrations/0870_seed_learning_categories.sql:491: ERRO:  transa├º├úo atual foi interrompida, comandos ignorados at├® o fim do bloco de transa├º├úo
psql:C:/unificard/backend/migrations/0870_seed_learning_categories.sql:511: ERRO:  transa├º├úo atual foi interrompida, comandos ignorados at├® o fim do bloco de transa├º├úo
psql:C:/unificard/backend/migrations/0870_seed_learning_categories.sql:533: ERRO:  transa├º├úo atual foi interrompida, comandos ignorados at├® o fim do bloco de transa├º├úo
psql:C:/unificard/backend/migrations/0870_seed_learning_categories.sql:553: ERRO:  transa├º├úo atual foi interrompida, comandos ignorados at├® o fim do bloco de transa├º├úo
psql:C:/unificard/backend/migrations/0870_seed_learning_categories.sql:573: ERRO:  transa├º├úo atual foi interrompida, comandos ignorados at├® o fim do bloco de transa├º├úo
psql:C:/unificard/backend/migrations/0870_seed_learning_categories.sql:593: ERRO:  transa├º├úo atual foi interrompida, comandos ignorados at├® o fim do bloco de transa├º├úo
psql:C:/unificard/backend/migrations/0870_seed_learning_categories.sql:615: ERRO:  transa├º├úo atual foi interrompida, comandos ignorados at├® o fim do bloco de transa├º├úo
psql:C:/unificard/backend/migrations/0870_seed_learning_categories.sql:635: ERRO:  transa├º├úo atual foi interrompida, comandos ignorados at├® o fim do bloco de transa├º├úo
psql:C:/unificard/backend/migrations/0870_seed_learning_categories.sql:655: ERRO:  transa├º├úo atual foi interrompida, comandos ignorados at├® o fim do bloco de transa├º├úo
psql:C:/unificard/backend/migrations/0870_seed_learning_categories.sql:675: ERRO:  transa├º├úo atual foi interrompida, comandos ignorados at├® o fim do bloco de transa├º├úo
psql:C:/unificard/backend/migrations/0870_seed_learning_categories.sql:695: ERRO:  transa├º├úo atual foi interrompida, comandos ignorados at├® o fim do bloco de transa├º├úo
psql:C:/unificard/backend/migrations/0870_seed_learning_categories.sql:717: ERRO:  transa├º├úo atual foi interrompida, comandos ignorados at├® o fim do bloco de transa├º├úo
psql:C:/unificard/backend/migrations/0870_seed_learning_categories.sql:737: ERRO:  transa├º├úo atual foi interrompida, comandos ignorados at├® o fim do bloco de transa├º├úo
psql:C:/unificard/backend/migrations/0870_seed_learning_categories.sql:759: ERRO:  transa├º├úo atual foi interrompida, comandos ignorados at├® o fim do bloco de transa├º├úo
psql:C:/unificard/backend/migrations/0870_seed_learning_categories.sql:779: ERRO:  transa├º├úo atual foi interrompida, comandos ignorados at├® o fim do bloco de transa├º├úo
psql:C:/unificard/backend/migrations/0870_seed_learning_categories.sql:799: ERRO:  transa├º├úo atual foi interrompida, comandos ignorados at├® o fim do bloco de transa├º├úo
psql:C:/unificard/backend/migrations/0870_seed_learning_categories.sql:821: ERRO:  transa├º├úo atual foi interrompida, comandos ignorados at├® o fim do bloco de transa├º├úo
psql:C:/unificard/backend/migrations/0870_seed_learning_categories.sql:841: ERRO:  transa├º├úo atual foi interrompida, comandos ignorados at├® o fim do bloco de transa├º├úo
psql:C:/unificard/backend/migrations/0870_seed_learning_categories.sql:865: ERRO:  transa├º├úo atual foi interrompida, comandos ignorados at├® o fim do bloco de transa├º├úo
psql:C:/unificard/backend/migrations/0870_seed_learning_categories.sql:884: ERRO:  transa├º├úo atual foi interrompida, comandos ignorados at├® o fim do bloco de transa├º├úo
psql:C:/unificard/backend/migrations/0870_seed_learning_categories.sql:904: ERRO:  transa├º├úo atual foi interrompida, comandos ignorados at├® o fim do bloco de transa├º├úo
psql:C:/unificard/backend/migrations/0870_seed_learning_categories.sql:923: ERRO:  transa├º├úo atual foi interrompida, comandos ignorados at├® o fim do bloco de transa├º├úo
psql:C:/unificard/backend/migrations/0870_seed_learning_categories.sql:943: ERRO:  transa├º├úo atual foi interrompida, comandos ignorados at├® o fim do bloco de transa├º├úo
psql:C:/unificard/backend/migrations/0870_seed_learning_categories.sql:962: ERRO:  transa├º├úo atual foi interrompida, comandos ignorados at├® o fim do bloco de transa├º├úo
psql:C:/unificard/backend/migrations/0870_seed_learning_categories.sql:982: ERRO:  transa├º├úo atual foi interrompida, comandos ignorados at├® o fim do bloco de transa├º├úo
psql:C:/unificard/backend/migrations/0870_seed_learning_categories.sql:1001: ERRO:  transa├º├úo atual foi interrompida, comandos ignorados at├® o fim do bloco de transa├º├úo
psql:C:/unificard/backend/migrations/0870_seed_learning_categories.sql:1021: ERRO:  transa├º├úo atual foi interrompida, comandos ignorados at├® o fim do bloco de transa├º├úo
psql:C:/unificard/backend/migrations/0870_seed_learning_categories.sql:1040: ERRO:  transa├º├úo atual foi interrompida, comandos ignorados at├® o fim do bloco de transa├º├úo
psql:C:/unificard/backend/migrations/0870_seed_learning_categories.sql:1060: ERRO:  transa├º├úo atual foi interrompida, comandos ignorados at├® o fim do bloco de transa├º├úo
psql:C:/unificard/backend/migrations/0870_seed_learning_categories.sql:1079: ERRO:  transa├º├úo atual foi interrompida, comandos ignorados at├® o fim do bloco de transa├º├úo
psql:C:/unificard/backend/migrations/0870_seed_learning_categories.sql:1099: ERRO:  transa├º├úo atual foi interrompida, comandos ignorados at├® o fim do bloco de transa├º├úo
psql:C:/unificard/backend/migrations/0870_seed_learning_categories.sql:1118: ERRO:  transa├º├úo atual foi interrompida, comandos ignorados at├® o fim do bloco de transa├º├úo
psql:C:/unificard/backend/migrations/0870_seed_learning_categories.sql:1138: ERRO:  transa├º├úo atual foi interrompida, comandos ignorados at├® o fim do bloco de transa├º├úo
psql:C:/unificard/backend/migrations/0870_seed_learning_categories.sql:1157: ERRO:  transa├º├úo atual foi interrompida, comandos ignorados at├® o fim do bloco de transa├º├úo
psql:C:/unificard/backend/migrations/0870_seed_learning_categories.sql:1177: ERRO:  transa├º├úo atual foi interrompida, comandos ignorados at├® o fim do bloco de transa├º├úo
psql:C:/unificard/backend/migrations/0870_seed_learning_categories.sql:1196: ERRO:  transa├º├úo atual foi interrompida, comandos ignorados at├® o fim do bloco de transa├º├úo
psql:C:/unificard/backend/migrations/0870_seed_learning_categories.sql:1216: ERRO:  transa├º├úo atual foi interrompida, comandos ignorados at├® o fim do bloco de transa├º├úo
psql:C:/unificard/backend/migrations/0870_seed_learning_categories.sql:1235: ERRO:  transa├º├úo atual foi interrompida, comandos ignorados at├® o fim do bloco de transa├º├úo
psql:C:/unificard/backend/migrations/0870_seed_learning_categories.sql:1255: ERRO:  transa├º├úo atual foi interrompida, comandos ignorados at├® o fim do bloco de transa├º├úo
psql:C:/unificard/backend/migrations/0870_seed_learning_categories.sql:1274: ERRO:  transa├º├úo atual foi interrompida, comandos ignorados at├® o fim do bloco de transa├º├úo
ROLLBACK
OK: 0870_seed_learning_categories.sql
BEGIN
psql:C:/unificard/backend/migrations/0871_seed_marketplace_categories.sql:26: ERRO:  rela├º├úo "categories" n├úo existe
LINHA 1: INSERT INTO categories (slug, name, description, parent_id, ...
                     ^
psql:C:/unificard/backend/migrations/0871_seed_marketplace_categories.sql:40: ERRO:  transa├º├úo atual foi interrompida, comandos ignorados at├® o fim do bloco de transa├º├úo
psql:C:/unificard/backend/migrations/0871_seed_marketplace_categories.sql:54: ERRO:  transa├º├úo atual foi interrompida, comandos ignorados at├® o fim do bloco de transa├º├úo
psql:C:/unificard/backend/migrations/0871_seed_marketplace_categories.sql:68: ERRO:  transa├º├úo atual foi interrompida, comandos ignorados at├® o fim do bloco de transa├º├úo
psql:C:/unificard/backend/migrations/0871_seed_marketplace_categories.sql:82: ERRO:  transa├º├úo atual foi interrompida, comandos ignorados at├® o fim do bloco de transa├º├úo
psql:C:/unificard/backend/migrations/0871_seed_marketplace_categories.sql:96: ERRO:  transa├º├úo atual foi interrompida, comandos ignorados at├® o fim do bloco de transa├º├úo
psql:C:/unificard/backend/migrations/0871_seed_marketplace_categories.sql:110: ERRO:  transa├º├úo atual foi interrompida, comandos ignorados at├® o fim do bloco de transa├º├úo
psql:C:/unificard/backend/migrations/0871_seed_marketplace_categories.sql:124: ERRO:  transa├º├úo atual foi interrompida, comandos ignorados at├® o fim do bloco de transa├º├úo
psql:C:/unificard/backend/migrations/0871_seed_marketplace_categories.sql:138: ERRO:  transa├º├úo atual foi interrompida, comandos ignorados at├® o fim do bloco de transa├º├úo
psql:C:/unificard/backend/migrations/0871_seed_marketplace_categories.sql:152: ERRO:  transa├º├úo atual foi interrompida, comandos ignorados at├® o fim do bloco de transa├º├úo
ROLLBACK
OK: 0871_seed_marketplace_categories.sql
BEGIN
psql:C:/unificard/backend/migrations/0872_seed_marketplace_subcategories.sql:177: ERRO:  rela├º├úo "categories" n├úo existe
LINHA 1: SELECT category_id                     FROM categories WHERE...
                                                     ^
CONSULTA:  SELECT category_id                     FROM categories WHERE slug = 'alimentacao-bebidas' AND parent_id IS NULL LIMIT 1
CONTEXTO:  fun├º├úo PL/pgSQL inline_code_block linha 15 em comando SQL
ROLLBACK
OK: 0872_seed_marketplace_subcategories.sql
BEGIN
psql:C:/unificard/backend/migrations/0873_seed_marketplace_branches.sql:100: ERRO:  rela├º├úo "categories" n├úo existe
LINHA 2:     FROM categories 
                  ^
CONSULTA:  SELECT category_id, slug, name 

    FROM categories 

    WHERE metadata->>'domain' = 'marketplace' 

      AND metadata->>'taxonomy' = 'department'

      AND parent_id IS NULL
CONTEXTO:  fun├º├úo PL/pgSQL inline_code_block linha 8 em FOR sobre registros de SELECT
ROLLBACK
OK: 0873_seed_marketplace_branches.sql
BEGIN
psql:C:/unificard/backend/migrations/0874_seed_marketplace_content.sql:220: ERRO:  rela├º├úo "categories" n├úo existe
LINHA 1: SELECT category_id                     FROM categories
                                                     ^
CONSULTA:  SELECT category_id                     FROM categories

  WHERE slug = 'alimentacao-bebidas'

    AND metadata->>'domain' = 'marketplace'

    AND metadata->>'taxonomy' = 'department'

  LIMIT 1
CONTEXTO:  fun├º├úo PL/pgSQL inline_code_block linha 13 em comando SQL
ROLLBACK
OK: 0874_seed_marketplace_content.sql
BEGIN
psql:C:/unificard/backend/migrations/0875_seed_categories_level0_1.sql:13: ERRO:  rela├º├úo "categories" n├úo existe
LINHA 1: INSERT INTO categories (parent_id, name, slug, description, ...
                     ^
psql:C:/unificard/backend/migrations/0875_seed_categories_level0_1.sql:17: ERRO:  transa├º├úo atual foi interrompida, comandos ignorados at├® o fim do bloco de transa├º├úo
psql:C:/unificard/backend/migrations/0875_seed_categories_level0_1.sql:21: ERRO:  transa├º├úo atual foi interrompida, comandos ignorados at├® o fim do bloco de transa├º├úo
psql:C:/unificard/backend/migrations/0875_seed_categories_level0_1.sql:25: ERRO:  transa├º├úo atual foi interrompida, comandos ignorados at├® o fim do bloco de transa├º├úo
psql:C:/unificard/backend/migrations/0875_seed_categories_level0_1.sql:29: ERRO:  transa├º├úo atual foi interrompida, comandos ignorados at├® o fim do bloco de transa├º├úo
psql:C:/unificard/backend/migrations/0875_seed_categories_level0_1.sql:33: ERRO:  transa├º├úo atual foi interrompida, comandos ignorados at├® o fim do bloco de transa├º├úo
psql:C:/unificard/backend/migrations/0875_seed_categories_level0_1.sql:37: ERRO:  transa├º├úo atual foi interrompida, comandos ignorados at├® o fim do bloco de transa├º├úo
psql:C:/unificard/backend/migrations/0875_seed_categories_level0_1.sql:41: ERRO:  transa├º├úo atual foi interrompida, comandos ignorados at├® o fim do bloco de transa├º├úo
psql:C:/unificard/backend/migrations/0875_seed_categories_level0_1.sql:45: ERRO:  transa├º├úo atual foi interrompida, comandos ignorados at├® o fim do bloco de transa├º├úo
psql:C:/unificard/backend/migrations/0875_seed_categories_level0_1.sql:49: ERRO:  transa├º├úo atual foi interrompida, comandos ignorados at├® o fim do bloco de transa├º├úo
psql:C:/unificard/backend/migrations/0875_seed_categories_level0_1.sql:53: ERRO:  transa├º├úo atual foi interrompida, comandos ignorados at├® o fim do bloco de transa├º├úo
psql:C:/unificard/backend/migrations/0875_seed_categories_level0_1.sql:57: ERRO:  transa├º├úo atual foi interrompida, comandos ignorados at├® o fim do bloco de transa├º├úo
psql:C:/unificard/backend/migrations/0875_seed_categories_level0_1.sql:66: ERRO:  transa├º├úo atual foi interrompida, comandos ignorados at├® o fim do bloco de transa├º├úo
psql:C:/unificard/backend/migrations/0875_seed_categories_level0_1.sql:74: ERRO:  transa├º├úo atual foi interrompida, comandos ignorados at├® o fim do bloco de transa├º├úo
psql:C:/unificard/backend/migrations/0875_seed_categories_level0_1.sql:82: ERRO:  transa├º├úo atual foi interrompida, comandos ignorados at├® o fim do bloco de transa├º├úo
psql:C:/unificard/backend/migrations/0875_seed_categories_level0_1.sql:90: ERRO:  transa├º├úo atual foi interrompida, comandos ignorados at├® o fim do bloco de transa├º├úo
psql:C:/unificard/backend/migrations/0875_seed_categories_level0_1.sql:98: ERRO:  transa├º├úo atual foi interrompida, comandos ignorados at├® o fim do bloco de transa├º├úo
psql:C:/unificard/backend/migrations/0875_seed_categories_level0_1.sql:106: ERRO:  transa├º├úo atual foi interrompida, comandos ignorados at├® o fim do bloco de transa├º├úo
psql:C:/unificard/backend/migrations/0875_seed_categories_level0_1.sql:114: ERRO:  transa├º├úo atual foi interrompida, comandos ignorados at├® o fim do bloco de transa├º├úo
psql:C:/unificard/backend/migrations/0875_seed_categories_level0_1.sql:122: ERRO:  transa├º├úo atual foi interrompida, comandos ignorados at├® o fim do bloco de transa├º├úo
psql:C:/unificard/backend/migrations/0875_seed_categories_level0_1.sql:130: ERRO:  transa├º├úo atual foi interrompida, comandos ignorados at├® o fim do bloco de transa├º├úo
psql:C:/unificard/backend/migrations/0875_seed_categories_level0_1.sql:138: ERRO:  transa├º├úo atual foi interrompida, comandos ignorados at├® o fim do bloco de transa├º├úo
psql:C:/unificard/backend/migrations/0875_seed_categories_level0_1.sql:146: ERRO:  transa├º├úo atual foi interrompida, comandos ignorados at├® o fim do bloco de transa├º├úo
psql:C:/unificard/backend/migrations/0875_seed_categories_level0_1.sql:154: ERRO:  transa├º├úo atual foi interrompida, comandos ignorados at├® o fim do bloco de transa├º├úo
psql:C:/unificard/backend/migrations/0875_seed_categories_level0_1.sql:162: ERRO:  transa├º├úo atual foi interrompida, comandos ignorados at├® o fim do bloco de transa├º├úo
psql:C:/unificard/backend/migrations/0875_seed_categories_level0_1.sql:170: ERRO:  transa├º├úo atual foi interrompida, comandos ignorados at├® o fim do bloco de transa├º├úo
psql:C:/unificard/backend/migrations/0875_seed_categories_level0_1.sql:178: ERRO:  transa├º├úo atual foi interrompida, comandos ignorados at├® o fim do bloco de transa├º├úo
psql:C:/unificard/backend/migrations/0875_seed_categories_level0_1.sql:186: ERRO:  transa├º├úo atual foi interrompida, comandos ignorados at├® o fim do bloco de transa├º├úo
psql:C:/unificard/backend/migrations/0875_seed_categories_level0_1.sql:194: ERRO:  transa├º├úo atual foi interrompida, comandos ignorados at├® o fim do bloco de transa├º├úo
psql:C:/unificard/backend/migrations/0875_seed_categories_level0_1.sql:202: ERRO:  transa├º├úo atual foi interrompida, comandos ignorados at├® o fim do bloco de transa├º├úo
psql:C:/unificard/backend/migrations/0875_seed_categories_level0_1.sql:210: ERRO:  transa├º├úo atual foi interrompida, comandos ignorados at├® o fim do bloco de transa├º├úo
psql:C:/unificard/backend/migrations/0875_seed_categories_level0_1.sql:218: ERRO:  transa├º├úo atual foi interrompida, comandos ignorados at├® o fim do bloco de transa├º├úo
psql:C:/unificard/backend/migrations/0875_seed_categories_level0_1.sql:226: ERRO:  transa├º├úo atual foi interrompida, comandos ignorados at├® o fim do bloco de transa├º├úo
psql:C:/unificard/backend/migrations/0875_seed_categories_level0_1.sql:234: ERRO:  transa├º├úo atual foi interrompida, comandos ignorados at├® o fim do bloco de transa├º├úo
psql:C:/unificard/backend/migrations/0875_seed_categories_level0_1.sql:242: ERRO:  transa├º├úo atual foi interrompida, comandos ignorados at├® o fim do bloco de transa├º├úo
psql:C:/unificard/backend/migrations/0875_seed_categories_level0_1.sql:250: ERRO:  transa├º├úo atual foi interrompida, comandos ignorados at├® o fim do bloco de transa├º├úo
psql:C:/unificard/backend/migrations/0875_seed_categories_level0_1.sql:258: ERRO:  transa├º├úo atual foi interrompida, comandos ignorados at├® o fim do bloco de transa├º├úo
psql:C:/unificard/backend/migrations/0875_seed_categories_level0_1.sql:266: ERRO:  transa├º├úo atual foi interrompida, comandos ignorados at├® o fim do bloco de transa├º├úo
psql:C:/unificard/backend/migrations/0875_seed_categories_level0_1.sql:274: ERRO:  transa├º├úo atual foi interrompida, comandos ignorados at├® o fim do bloco de transa├º├úo
psql:C:/unificard/backend/migrations/0875_seed_categories_level0_1.sql:282: ERRO:  transa├º├úo atual foi interrompida, comandos ignorados at├® o fim do bloco de transa├º├úo
psql:C:/unificard/backend/migrations/0875_seed_categories_level0_1.sql:290: ERRO:  transa├º├úo atual foi interrompida, comandos ignorados at├® o fim do bloco de transa├º├úo
psql:C:/unificard/backend/migrations/0875_seed_categories_level0_1.sql:298: ERRO:  transa├º├úo atual foi interrompida, comandos ignorados at├® o fim do bloco de transa├º├úo
psql:C:/unificard/backend/migrations/0875_seed_categories_level0_1.sql:306: ERRO:  transa├º├úo atual foi interrompida, comandos ignorados at├® o fim do bloco de transa├º├úo
psql:C:/unificard/backend/migrations/0875_seed_categories_level0_1.sql:314: ERRO:  transa├º├úo atual foi interrompida, comandos ignorados at├® o fim do bloco de transa├º├úo
psql:C:/unificard/backend/migrations/0875_seed_categories_level0_1.sql:322: ERRO:  transa├º├úo atual foi interrompida, comandos ignorados at├® o fim do bloco de transa├º├úo
psql:C:/unificard/backend/migrations/0875_seed_categories_level0_1.sql:330: ERRO:  transa├º├úo atual foi interrompida, comandos ignorados at├® o fim do bloco de transa├º├úo
psql:C:/unificard/backend/migrations/0875_seed_categories_level0_1.sql:338: ERRO:  transa├º├úo atual foi interrompida, comandos ignorados at├® o fim do bloco de transa├º├úo
psql:C:/unificard/backend/migrations/0875_seed_categories_level0_1.sql:346: ERRO:  transa├º├úo atual foi interrompida, comandos ignorados at├® o fim do bloco de transa├º├úo
psql:C:/unificard/backend/migrations/0875_seed_categories_level0_1.sql:354: ERRO:  transa├º├úo atual foi interrompida, comandos ignorados at├® o fim do bloco de transa├º├úo
psql:C:/unificard/backend/migrations/0875_seed_categories_level0_1.sql:362: ERRO:  transa├º├úo atual foi interrompida, comandos ignorados at├® o fim do bloco de transa├º├úo
psql:C:/unificard/backend/migrations/0875_seed_categories_level0_1.sql:370: ERRO:  transa├º├úo atual foi interrompida, comandos ignorados at├® o fim do bloco de transa├º├úo
psql:C:/unificard/backend/migrations/0875_seed_categories_level0_1.sql:378: ERRO:  transa├º├úo atual foi interrompida, comandos ignorados at├® o fim do bloco de transa├º├úo
psql:C:/unificard/backend/migrations/0875_seed_categories_level0_1.sql:386: ERRO:  transa├º├úo atual foi interrompida, comandos ignorados at├® o fim do bloco de transa├º├úo
psql:C:/unificard/backend/migrations/0875_seed_categories_level0_1.sql:394: ERRO:  transa├º├úo atual foi interrompida, comandos ignorados at├® o fim do bloco de transa├º├úo
psql:C:/unificard/backend/migrations/0875_seed_categories_level0_1.sql:402: ERRO:  transa├º├úo atual foi interrompida, comandos ignorados at├® o fim do bloco de transa├º├úo
psql:C:/unificard/backend/migrations/0875_seed_categories_level0_1.sql:410: ERRO:  transa├º├úo atual foi interrompida, comandos ignorados at├® o fim do bloco de transa├º├úo
psql:C:/unificard/backend/migrations/0875_seed_categories_level0_1.sql:418: ERRO:  transa├º├úo atual foi interrompida, comandos ignorados at├® o fim do bloco de transa├º├úo
psql:C:/unificard/backend/migrations/0875_seed_categories_level0_1.sql:426: ERRO:  transa├º├úo atual foi interrompida, comandos ignorados at├® o fim do bloco de transa├º├úo
psql:C:/unificard/backend/migrations/0875_seed_categories_level0_1.sql:434: ERRO:  transa├º├úo atual foi interrompida, comandos ignorados at├® o fim do bloco de transa├º├úo
psql:C:/unificard/backend/migrations/0875_seed_categories_level0_1.sql:442: ERRO:  transa├º├úo atual foi interrompida, comandos ignorados at├® o fim do bloco de transa├º├úo
psql:C:/unificard/backend/migrations/0875_seed_categories_level0_1.sql:450: ERRO:  transa├º├úo atual foi interrompida, comandos ignorados at├® o fim do bloco de transa├º├úo
psql:C:/unificard/backend/migrations/0875_seed_categories_level0_1.sql:458: ERRO:  transa├º├úo atual foi interrompida, comandos ignorados at├® o fim do bloco de transa├º├úo
psql:C:/unificard/backend/migrations/0875_seed_categories_level0_1.sql:466: ERRO:  transa├º├úo atual foi interrompida, comandos ignorados at├® o fim do bloco de transa├º├úo
psql:C:/unificard/backend/migrations/0875_seed_categories_level0_1.sql:474: ERRO:  transa├º├úo atual foi interrompida, comandos ignorados at├® o fim do bloco de transa├º├úo
psql:C:/unificard/backend/migrations/0875_seed_categories_level0_1.sql:482: ERRO:  transa├º├úo atual foi interrompida, comandos ignorados at├® o fim do bloco de transa├º├úo
psql:C:/unificard/backend/migrations/0875_seed_categories_level0_1.sql:490: ERRO:  transa├º├úo atual foi interrompida, comandos ignorados at├® o fim do bloco de transa├º├úo
psql:C:/unificard/backend/migrations/0875_seed_categories_level0_1.sql:498: ERRO:  transa├º├úo atual foi interrompida, comandos ignorados at├® o fim do bloco de transa├º├úo
psql:C:/unificard/backend/migrations/0875_seed_categories_level0_1.sql:506: ERRO:  transa├º├úo atual foi interrompida, comandos ignorados at├® o fim do bloco de transa├º├úo
psql:C:/unificard/backend/migrations/0875_seed_categories_level0_1.sql:514: ERRO:  transa├º├úo atual foi interrompida, comandos ignorados at├® o fim do bloco de transa├º├úo
psql:C:/unificard/backend/migrations/0875_seed_categories_level0_1.sql:522: ERRO:  transa├º├úo atual foi interrompida, comandos ignorados at├® o fim do bloco de transa├º├úo
psql:C:/unificard/backend/migrations/0875_seed_categories_level0_1.sql:530: ERRO:  transa├º├úo atual foi interrompida, comandos ignorados at├® o fim do bloco de transa├º├úo
psql:C:/unificard/backend/migrations/0875_seed_categories_level0_1.sql:538: ERRO:  transa├º├úo atual foi interrompida, comandos ignorados at├® o fim do bloco de transa├º├úo
psql:C:/unificard/backend/migrations/0875_seed_categories_level0_1.sql:546: ERRO:  transa├º├úo atual foi interrompida, comandos ignorados at├® o fim do bloco de transa├º├úo
psql:C:/unificard/backend/migrations/0875_seed_categories_level0_1.sql:554: ERRO:  transa├º├úo atual foi interrompida, comandos ignorados at├® o fim do bloco de transa├º├úo
psql:C:/unificard/backend/migrations/0875_seed_categories_level0_1.sql:562: ERRO:  transa├º├úo atual foi interrompida, comandos ignorados at├® o fim do bloco de transa├º├úo
psql:C:/unificard/backend/migrations/0875_seed_categories_level0_1.sql:570: ERRO:  transa├º├úo atual foi interrompida, comandos ignorados at├® o fim do bloco de transa├º├úo
psql:C:/unificard/backend/migrations/0875_seed_categories_level0_1.sql:578: ERRO:  transa├º├úo atual foi interrompida, comandos ignorados at├® o fim do bloco de transa├º├úo
psql:C:/unificard/backend/migrations/0875_seed_categories_level0_1.sql:586: ERRO:  transa├º├úo atual foi interrompida, comandos ignorados at├® o fim do bloco de transa├º├úo
psql:C:/unificard/backend/migrations/0875_seed_categories_level0_1.sql:594: ERRO:  transa├º├úo atual foi interrompida, comandos ignorados at├® o fim do bloco de transa├º├úo
psql:C:/unificard/backend/migrations/0875_seed_categories_level0_1.sql:602: ERRO:  transa├º├úo atual foi interrompida, comandos ignorados at├® o fim do bloco de transa├º├úo
psql:C:/unificard/backend/migrations/0875_seed_categories_level0_1.sql:610: ERRO:  transa├º├úo atual foi interrompida, comandos ignorados at├® o fim do bloco de transa├º├úo
psql:C:/unificard/backend/migrations/0875_seed_categories_level0_1.sql:618: ERRO:  transa├º├úo atual foi interrompida, comandos ignorados at├® o fim do bloco de transa├º├úo
psql:C:/unificard/backend/migrations/0875_seed_categories_level0_1.sql:626: ERRO:  transa├º├úo atual foi interrompida, comandos ignorados at├® o fim do bloco de transa├º├úo
psql:C:/unificard/backend/migrations/0875_seed_categories_level0_1.sql:634: ERRO:  transa├º├úo atual foi interrompida, comandos ignorados at├® o fim do bloco de transa├º├úo
psql:C:/unificard/backend/migrations/0875_seed_categories_level0_1.sql:642: ERRO:  transa├º├úo atual foi interrompida, comandos ignorados at├® o fim do bloco de transa├º├úo
psql:C:/unificard/backend/migrations/0875_seed_categories_level0_1.sql:650: ERRO:  transa├º├úo atual foi interrompida, comandos ignorados at├® o fim do bloco de transa├º├úo
psql:C:/unificard/backend/migrations/0875_seed_categories_level0_1.sql:658: ERRO:  transa├º├úo atual foi interrompida, comandos ignorados at├® o fim do bloco de transa├º├úo
psql:C:/unificard/backend/migrations/0875_seed_categories_level0_1.sql:666: ERRO:  transa├º├úo atual foi interrompida, comandos ignorados at├® o fim do bloco de transa├º├úo
psql:C:/unificard/backend/migrations/0875_seed_categories_level0_1.sql:674: ERRO:  transa├º├úo atual foi interrompida, comandos ignorados at├® o fim do bloco de transa├º├úo
psql:C:/unificard/backend/migrations/0875_seed_categories_level0_1.sql:682: ERRO:  transa├º├úo atual foi interrompida, comandos ignorados at├® o fim do bloco de transa├º├úo
psql:C:/unificard/backend/migrations/0875_seed_categories_level0_1.sql:690: ERRO:  transa├º├úo atual foi interrompida, comandos ignorados at├® o fim do bloco de transa├º├úo
psql:C:/unificard/backend/migrations/0875_seed_categories_level0_1.sql:698: ERRO:  transa├º├úo atual foi interrompida, comandos ignorados at├® o fim do bloco de transa├º├úo
psql:C:/unificard/backend/migrations/0875_seed_categories_level0_1.sql:706: ERRO:  transa├º├úo atual foi interrompida, comandos ignorados at├® o fim do bloco de transa├º├úo
psql:C:/unificard/backend/migrations/0875_seed_categories_level0_1.sql:714: ERRO:  transa├º├úo atual foi interrompida, comandos ignorados at├® o fim do bloco de transa├º├úo
psql:C:/unificard/backend/migrations/0875_seed_categories_level0_1.sql:722: ERRO:  transa├º├úo atual foi interrompida, comandos ignorados at├® o fim do bloco de transa├º├úo
psql:C:/unificard/backend/migrations/0875_seed_categories_level0_1.sql:730: ERRO:  transa├º├úo atual foi interrompida, comandos ignorados at├® o fim do bloco de transa├º├úo
psql:C:/unificard/backend/migrations/0875_seed_categories_level0_1.sql:738: ERRO:  transa├º├úo atual foi interrompida, comandos ignorados at├® o fim do bloco de transa├º├úo
psql:C:/unificard/backend/migrations/0875_seed_categories_level0_1.sql:746: ERRO:  transa├º├úo atual foi interrompida, comandos ignorados at├® o fim do bloco de transa├º├úo
psql:C:/unificard/backend/migrations/0875_seed_categories_level0_1.sql:754: ERRO:  transa├º├úo atual foi interrompida, comandos ignorados at├® o fim do bloco de transa├º├úo
psql:C:/unificard/backend/migrations/0875_seed_categories_level0_1.sql:762: ERRO:  transa├º├úo atual foi interrompida, comandos ignorados at├® o fim do bloco de transa├º├úo
psql:C:/unificard/backend/migrations/0875_seed_categories_level0_1.sql:770: ERRO:  transa├º├úo atual foi interrompida, comandos ignorados at├® o fim do bloco de transa├º├úo
psql:C:/unificard/backend/migrations/0875_seed_categories_level0_1.sql:778: ERRO:  transa├º├úo atual foi interrompida, comandos ignorados at├® o fim do bloco de transa├º├úo
psql:C:/unificard/backend/migrations/0875_seed_categories_level0_1.sql:786: ERRO:  transa├º├úo atual foi interrompida, comandos ignorados at├® o fim do bloco de transa├º├úo
psql:C:/unificard/backend/migrations/0875_seed_categories_level0_1.sql:794: ERRO:  transa├º├úo atual foi interrompida, comandos ignorados at├® o fim do bloco de transa├º├úo
psql:C:/unificard/backend/migrations/0875_seed_categories_level0_1.sql:802: ERRO:  transa├º├úo atual foi interrompida, comandos ignorados at├® o fim do bloco de transa├º├úo
psql:C:/unificard/backend/migrations/0875_seed_categories_level0_1.sql:810: ERRO:  transa├º├úo atual foi interrompida, comandos ignorados at├® o fim do bloco de transa├º├úo
psql:C:/unificard/backend/migrations/0875_seed_categories_level0_1.sql:818: ERRO:  transa├º├úo atual foi interrompida, comandos ignorados at├® o fim do bloco de transa├º├úo
psql:C:/unificard/backend/migrations/0875_seed_categories_level0_1.sql:826: ERRO:  transa├º├úo atual foi interrompida, comandos ignorados at├® o fim do bloco de transa├º├úo
psql:C:/unificard/backend/migrations/0875_seed_categories_level0_1.sql:834: ERRO:  transa├º├úo atual foi interrompida, comandos ignorados at├® o fim do bloco de transa├º├úo
psql:C:/unificard/backend/migrations/0875_seed_categories_level0_1.sql:842: ERRO:  transa├º├úo atual foi interrompida, comandos ignorados at├® o fim do bloco de transa├º├úo
psql:C:/unificard/backend/migrations/0875_seed_categories_level0_1.sql:850: ERRO:  transa├º├úo atual foi interrompida, comandos ignorados at├® o fim do bloco de transa├º├úo
psql:C:/unificard/backend/migrations/0875_seed_categories_level0_1.sql:858: ERRO:  transa├º├úo atual foi interrompida, comandos ignorados at├® o fim do bloco de transa├º├úo
psql:C:/unificard/backend/migrations/0875_seed_categories_level0_1.sql:866: ERRO:  transa├º├úo atual foi interrompida, comandos ignorados at├® o fim do bloco de transa├º├úo
psql:C:/unificard/backend/migrations/0875_seed_categories_level0_1.sql:874: ERRO:  transa├º├úo atual foi interrompida, comandos ignorados at├® o fim do bloco de transa├º├úo
psql:C:/unificard/backend/migrations/0875_seed_categories_level0_1.sql:882: ERRO:  transa├º├úo atual foi interrompida, comandos ignorados at├® o fim do bloco de transa├º├úo
psql:C:/unificard/backend/migrations/0875_seed_categories_level0_1.sql:890: ERRO:  transa├º├úo atual foi interrompida, comandos ignorados at├® o fim do bloco de transa├º├úo
psql:C:/unificard/backend/migrations/0875_seed_categories_level0_1.sql:898: ERRO:  transa├º├úo atual foi interrompida, comandos ignorados at├® o fim do bloco de transa├º├úo
psql:C:/unificard/backend/migrations/0875_seed_categories_level0_1.sql:906: ERRO:  transa├º├úo atual foi interrompida, comandos ignorados at├® o fim do bloco de transa├º├úo
psql:C:/unificard/backend/migrations/0875_seed_categories_level0_1.sql:914: ERRO:  transa├º├úo atual foi interrompida, comandos ignorados at├® o fim do bloco de transa├º├úo
psql:C:/unificard/backend/migrations/0875_seed_categories_level0_1.sql:922: ERRO:  transa├º├úo atual foi interrompida, comandos ignorados at├® o fim do bloco de transa├º├úo
psql:C:/unificard/backend/migrations/0875_seed_categories_level0_1.sql:930: ERRO:  transa├º├úo atual foi interrompida, comandos ignorados at├® o fim do bloco de transa├º├úo
psql:C:/unificard/backend/migrations/0875_seed_categories_level0_1.sql:938: ERRO:  transa├º├úo atual foi interrompida, comandos ignorados at├® o fim do bloco de transa├º├úo
psql:C:/unificard/backend/migrations/0875_seed_categories_level0_1.sql:946: ERRO:  transa├º├úo atual foi interrompida, comandos ignorados at├® o fim do bloco de transa├º├úo
psql:C:/unificard/backend/migrations/0875_seed_categories_level0_1.sql:954: ERRO:  transa├º├úo atual foi interrompida, comandos ignorados at├® o fim do bloco de transa├º├úo
psql:C:/unificard/backend/migrations/0875_seed_categories_level0_1.sql:962: ERRO:  transa├º├úo atual foi interrompida, comandos ignorados at├® o fim do bloco de transa├º├úo
psql:C:/unificard/backend/migrations/0875_seed_categories_level0_1.sql:970: ERRO:  transa├º├úo atual foi interrompida, comandos ignorados at├® o fim do bloco de transa├º├úo
psql:C:/unificard/backend/migrations/0875_seed_categories_level0_1.sql:978: ERRO:  transa├º├úo atual foi interrompida, comandos ignorados at├® o fim do bloco de transa├º├úo
psql:C:/unificard/backend/migrations/0875_seed_categories_level0_1.sql:986: ERRO:  transa├º├úo atual foi interrompida, comandos ignorados at├® o fim do bloco de transa├º├úo
psql:C:/unificard/backend/migrations/0875_seed_categories_level0_1.sql:994: ERRO:  transa├º├úo atual foi interrompida, comandos ignorados at├® o fim do bloco de transa├º├úo
psql:C:/unificard/backend/migrations/0875_seed_categories_level0_1.sql:1002: ERRO:  transa├º├úo atual foi interrompida, comandos ignorados at├® o fim do bloco de transa├º├úo
psql:C:/unificard/backend/migrations/0875_seed_categories_level0_1.sql:1010: ERRO:  transa├º├úo atual foi interrompida, comandos ignorados at├® o fim do bloco de transa├º├úo
psql:C:/unificard/backend/migrations/0875_seed_categories_level0_1.sql:1018: ERRO:  transa├º├úo atual foi interrompida, comandos ignorados at├® o fim do bloco de transa├º├úo
psql:C:/unificard/backend/migrations/0875_seed_categories_level0_1.sql:1026: ERRO:  transa├º├úo atual foi interrompida, comandos ignorados at├® o fim do bloco de transa├º├úo
psql:C:/unificard/backend/migrations/0875_seed_categories_level0_1.sql:1034: ERRO:  transa├º├úo atual foi interrompida, comandos ignorados at├® o fim do bloco de transa├º├úo
psql:C:/unificard/backend/migrations/0875_seed_categories_level0_1.sql:1042: ERRO:  transa├º├úo atual foi interrompida, comandos ignorados at├® o fim do bloco de transa├º├úo
psql:C:/unificard/backend/migrations/0875_seed_categories_level0_1.sql:1050: ERRO:  transa├º├úo atual foi interrompida, comandos ignorados at├® o fim do bloco de transa├º├úo
psql:C:/unificard/backend/migrations/0875_seed_categories_level0_1.sql:1058: ERRO:  transa├º├úo atual foi interrompida, comandos ignorados at├® o fim do bloco de transa├º├úo
psql:C:/unificard/backend/migrations/0875_seed_categories_level0_1.sql:1066: ERRO:  transa├º├úo atual foi interrompida, comandos ignorados at├® o fim do bloco de transa├º├úo
psql:C:/unificard/backend/migrations/0875_seed_categories_level0_1.sql:1074: ERRO:  transa├º├úo atual foi interrompida, comandos ignorados at├® o fim do bloco de transa├º├úo
psql:C:/unificard/backend/migrations/0875_seed_categories_level0_1.sql:1082: ERRO:  transa├º├úo atual foi interrompida, comandos ignorados at├® o fim do bloco de transa├º├úo
psql:C:/unificard/backend/migrations/0875_seed_categories_level0_1.sql:1090: ERRO:  transa├º├úo atual foi interrompida, comandos ignorados at├® o fim do bloco de transa├º├úo
psql:C:/unificard/backend/migrations/0875_seed_categories_level0_1.sql:1098: ERRO:  transa├º├úo atual foi interrompida, comandos ignorados at├® o fim do bloco de transa├º├úo
psql:C:/unificard/backend/migrations/0875_seed_categories_level0_1.sql:1106: ERRO:  transa├º├úo atual foi interrompida, comandos ignorados at├® o fim do bloco de transa├º├úo
psql:C:/unificard/backend/migrations/0875_seed_categories_level0_1.sql:1114: ERRO:  transa├º├úo atual foi interrompida, comandos ignorados at├® o fim do bloco de transa├º├úo
psql:C:/unificard/backend/migrations/0875_seed_categories_level0_1.sql:1122: ERRO:  transa├º├úo atual foi interrompida, comandos ignorados at├® o fim do bloco de transa├º├úo
psql:C:/unificard/backend/migrations/0875_seed_categories_level0_1.sql:1130: ERRO:  transa├º├úo atual foi interrompida, comandos ignorados at├® o fim do bloco de transa├º├úo
psql:C:/unificard/backend/migrations/0875_seed_categories_level0_1.sql:1138: ERRO:  transa├º├úo atual foi interrompida, comandos ignorados at├® o fim do bloco de transa├º├úo
psql:C:/unificard/backend/migrations/0875_seed_categories_level0_1.sql:1146: ERRO:  transa├º├úo atual foi interrompida, comandos ignorados at├® o fim do bloco de transa├º├úo
psql:C:/unificard/backend/migrations/0875_seed_categories_level0_1.sql:1154: ERRO:  transa├º├úo atual foi interrompida, comandos ignorados at├® o fim do bloco de transa├º├úo
psql:C:/unificard/backend/migrations/0875_seed_categories_level0_1.sql:1162: ERRO:  transa├º├úo atual foi interrompida, comandos ignorados at├® o fim do bloco de transa├º├úo
psql:C:/unificard/backend/migrations/0875_seed_categories_level0_1.sql:1170: ERRO:  transa├º├úo atual foi interrompida, comandos ignorados at├® o fim do bloco de transa├º├úo
psql:C:/unificard/backend/migrations/0875_seed_categories_level0_1.sql:1178: ERRO:  transa├º├úo atual foi interrompida, comandos ignorados at├® o fim do bloco de transa├º├úo
psql:C:/unificard/backend/migrations/0875_seed_categories_level0_1.sql:1186: ERRO:  transa├º├úo atual foi interrompida, comandos ignorados at├® o fim do bloco de transa├º├úo
psql:C:/unificard/backend/migrations/0875_seed_categories_level0_1.sql:1194: ERRO:  transa├º├úo atual foi interrompida, comandos ignorados at├® o fim do bloco de transa├º├úo
psql:C:/unificard/backend/migrations/0875_seed_categories_level0_1.sql:1202: ERRO:  transa├º├úo atual foi interrompida, comandos ignorados at├® o fim do bloco de transa├º├úo
psql:C:/unificard/backend/migrations/0875_seed_categories_level0_1.sql:1210: ERRO:  transa├º├úo atual foi interrompida, comandos ignorados at├® o fim do bloco de transa├º├úo
psql:C:/unificard/backend/migrations/0875_seed_categories_level0_1.sql:1218: ERRO:  transa├º├úo atual foi interrompida, comandos ignorados at├® o fim do bloco de transa├º├úo
psql:C:/unificard/backend/migrations/0875_seed_categories_level0_1.sql:1226: ERRO:  transa├º├úo atual foi interrompida, comandos ignorados at├® o fim do bloco de transa├º├úo
psql:C:/unificard/backend/migrations/0875_seed_categories_level0_1.sql:1234: ERRO:  transa├º├úo atual foi interrompida, comandos ignorados at├® o fim do bloco de transa├º├úo
psql:C:/unificard/backend/migrations/0875_seed_categories_level0_1.sql:1242: ERRO:  transa├º├úo atual foi interrompida, comandos ignorados at├® o fim do bloco de transa├º├úo
psql:C:/unificard/backend/migrations/0875_seed_categories_level0_1.sql:1250: ERRO:  transa├º├úo atual foi interrompida, comandos ignorados at├® o fim do bloco de transa├º├úo
psql:C:/unificard/backend/migrations/0875_seed_categories_level0_1.sql:1258: ERRO:  transa├º├úo atual foi interrompida, comandos ignorados at├® o fim do bloco de transa├º├úo
psql:C:/unificard/backend/migrations/0875_seed_categories_level0_1.sql:1266: ERRO:  transa├º├úo atual foi interrompida, comandos ignorados at├® o fim do bloco de transa├º├úo
psql:C:/unificard/backend/migrations/0875_seed_categories_level0_1.sql:1274: ERRO:  transa├º├úo atual foi interrompida, comandos ignorados at├® o fim do bloco de transa├º├úo
psql:C:/unificard/backend/migrations/0875_seed_categories_level0_1.sql:1282: ERRO:  transa├º├úo atual foi interrompida, comandos ignorados at├® o fim do bloco de transa├º├úo
psql:C:/unificard/backend/migrations/0875_seed_categories_level0_1.sql:1290: ERRO:  transa├º├úo atual foi interrompida, comandos ignorados at├® o fim do bloco de transa├º├úo
ROLLBACK
OK: 0875_seed_categories_level0_1.sql
BEGIN
psql:C:/unificard/backend/migrations/0876_seed_marketplace_segments.sql:21: ERRO:  rela├º├úo "categories" n├úo existe
LINHA 1: INSERT INTO categories (slug, name, description, parent_id, ...
                     ^
psql:C:/unificard/backend/migrations/0876_seed_marketplace_segments.sql:30: ERRO:  transa├º├úo atual foi interrompida, comandos ignorados at├® o fim do bloco de transa├º├úo
psql:C:/unificard/backend/migrations/0876_seed_marketplace_segments.sql:39: ERRO:  transa├º├úo atual foi interrompida, comandos ignorados at├® o fim do bloco de transa├º├úo
psql:C:/unificard/backend/migrations/0876_seed_marketplace_segments.sql:48: ERRO:  transa├º├úo atual foi interrompida, comandos ignorados at├® o fim do bloco de transa├º├úo
psql:C:/unificard/backend/migrations/0876_seed_marketplace_segments.sql:57: ERRO:  transa├º├úo atual foi interrompida, comandos ignorados at├® o fim do bloco de transa├º├úo
psql:C:/unificard/backend/migrations/0876_seed_marketplace_segments.sql:66: ERRO:  transa├º├úo atual foi interrompida, comandos ignorados at├® o fim do bloco de transa├º├úo
ROLLBACK
OK: 0876_seed_marketplace_segments.sql
psql:C:/unificard/backend/migrations/0900_fix_post_migration_issues.sql:43: NOTA:  Constraint companies_cnpj_format removida
DO
psql:C:/unificard/backend/migrations/0900_fix_post_migration_issues.sql:61: NOTA:  Constraint companies_cnpj_format criada (apenas n├║meros)
DO
psql:C:/unificard/backend/migrations/0900_fix_post_migration_issues.sql:88: ERRO:  rela├º├úo "accounts" n├úo existe
LINHA 1: SELECT COUNT(*)                      FROM accounts
                                                   ^
CONSULTA:  SELECT COUNT(*)                      FROM accounts

  WHERE owner_id IS NULL
CONTEXTO:  fun├º├úo PL/pgSQL inline_code_block linha 6 em comando SQL
psql:C:/unificard/backend/migrations/0900_fix_post_migration_issues.sql:108: NOTA:  Coluna owner_id em accounts j├í ├® NOT NULL
DO
psql:C:/unificard/backend/migrations/0900_fix_post_migration_issues.sql:139: NOTA:  Coluna keywords n├úo existe em categories - criando...
psql:C:/unificard/backend/migrations/0900_fix_post_migration_issues.sql:139: ERRO:  rela├º├úo "categories" n├úo existe
CONTEXTO:  comando SQL "ALTER TABLE categories

      ADD COLUMN keywords TEXT[] NOT NULL DEFAULT ARRAY[]::TEXT[]"
fun├º├úo PL/pgSQL inline_code_block linha 16 em comando SQL
CREATE EXTENSION
psql:C:/unificard/backend/migrations/0900_fix_post_migration_issues.sql:146: NOTA:  extens├úo "pg_trgm" j├í existe, ignorando
CREATE EXTENSION
psql:C:/unificard/backend/migrations/0900_fix_post_migration_issues.sql:149: NOTA:  extens├úo "uuid-ossp" j├í existe, ignorando
psql:C:/unificard/backend/migrations/0900_fix_post_migration_issues.sql:169: ERRO:  rela├º├úo "categories" n├úo existe
CONTEXTO:  comando SQL "CREATE INDEX idx_categories_keywords_gin

      ON categories USING GIN (keywords)"
fun├º├úo PL/pgSQL inline_code_block linha 7 em comando SQL
psql:C:/unificard/backend/migrations/0900_fix_post_migration_issues.sql:185: ERRO:  rela├º├úo "categories" n├úo existe
CONTEXTO:  comando SQL "CREATE INDEX idx_categories_name_trgm

      ON categories USING GIN (name gin_trgm_ops)"
fun├º├úo PL/pgSQL inline_code_block linha 7 em comando SQL
psql:C:/unificard/backend/migrations/0900_fix_post_migration_issues.sql:212: ERRO:  rela├º├úo "categories" n├úo existe
CONTEXTO:  comando SQL "ALTER TABLE categories

      ADD COLUMN status VARCHAR(20) NOT NULL DEFAULT 'active'"
fun├º├úo PL/pgSQL inline_code_block linha 9 em comando SQL
psql:C:/unificard/backend/migrations/0900_fix_post_migration_issues.sql:229: NOTA:  ========================================
psql:C:/unificard/backend/migrations/0900_fix_post_migration_issues.sql:229: NOTA:  MIGRATION 100 - CORRE├ç├òES APLICADAS
psql:C:/unificard/backend/migrations/0900_fix_post_migration_issues.sql:229: NOTA:  ========================================
psql:C:/unificard/backend/migrations/0900_fix_post_migration_issues.sql:229: NOTA:  1. Constraint CNPJ corrigida (apenas n├║meros)
psql:C:/unificard/backend/migrations/0900_fix_post_migration_issues.sql:229: NOTA:  2. Registros ├│rf├úos em accounts removidos
psql:C:/unificard/backend/migrations/0900_fix_post_migration_issues.sql:229: NOTA:  3. Schema de categories verificado
psql:C:/unificard/backend/migrations/0900_fix_post_migration_issues.sql:229: NOTA:  4. Extens├Áes necess├írias garantidas
psql:C:/unificard/backend/migrations/0900_fix_post_migration_issues.sql:229: NOTA:  5. ├ìndices de categories verificados
psql:C:/unificard/backend/migrations/0900_fix_post_migration_issues.sql:229: NOTA:  ========================================
DO
OK: 0900_fix_post_migration_issues.sql
psql:C:/unificard/backend/migrations/0901_consolidation_fix_all_issues.sql:54: NOTA:  === FASE 1: Corrigindo constraints de CNPJ ===
psql:C:/unificard/backend/migrations/0901_consolidation_fix_all_issues.sql:54: NOTA:  Constraint companies_cnpj_format removida
psql:C:/unificard/backend/migrations/0901_consolidation_fix_all_issues.sql:54: NOTA:  Constraint companies_cnpj_format criada (apenas 14 d├¡gitos)
psql:C:/unificard/backend/migrations/0901_consolidation_fix_all_issues.sql:54: NOTA:  Ô£à FASE 1 conclu├¡da
DO
psql:C:/unificard/backend/migrations/0901_consolidation_fix_all_issues.sql:78: NOTA:  === FASE 2: Verificando coluna status em categories ===
psql:C:/unificard/backend/migrations/0901_consolidation_fix_all_issues.sql:78: ERRO:  rela├º├úo "categories" n├úo existe
CONTEXTO:  comando SQL "ALTER TABLE categories

    ADD COLUMN status VARCHAR(20) NOT NULL DEFAULT 'active'"
fun├º├úo PL/pgSQL inline_code_block linha 11 em comando SQL
psql:C:/unificard/backend/migrations/0901_consolidation_fix_all_issues.sql:103: NOTA:  === FASE 3: Verificando constraint de status ===
psql:C:/unificard/backend/migrations/0901_consolidation_fix_all_issues.sql:103: ERRO:  rela├º├úo "categories" n├úo existe
CONTEXTO:  comando SQL "ALTER TABLE categories

  ADD CONSTRAINT categories_status_check

  CHECK (status IN ('active', 'auto_active', 'pending', 'rejected', 'archived'))"
fun├º├úo PL/pgSQL inline_code_block linha 14 em comando SQL
psql:C:/unificard/backend/migrations/0901_consolidation_fix_all_issues.sql:137: NOTA:  === FASE 4: Corrigindo status de categorias ===
psql:C:/unificard/backend/migrations/0901_consolidation_fix_all_issues.sql:137: ERRO:  rela├º├úo "categories" n├úo existe
LINHA 1: UPDATE categories SET status = 'active' WHERE status IS NULL
                ^
CONSULTA:  UPDATE categories SET status = 'active' WHERE status IS NULL
CONTEXTO:  fun├º├úo PL/pgSQL inline_code_block linha 10 em comando SQL
psql:C:/unificard/backend/migrations/0901_consolidation_fix_all_issues.sql:164: NOTA:  === FASE 5: Verificando categorias raiz ===
psql:C:/unificard/backend/migrations/0901_consolidation_fix_all_issues.sql:164: ERRO:  rela├º├úo "categories" n├úo existe
LINHA 1: SELECT COUNT(*)                     FROM categories 
                                                  ^
CONSULTA:  SELECT COUNT(*)                     FROM categories 

  WHERE parent_id IS NULL AND status IN ('active', 'auto_active')
CONTEXTO:  fun├º├úo PL/pgSQL inline_code_block linha 7 em comando SQL
psql:C:/unificard/backend/migrations/0901_consolidation_fix_all_issues.sql:190: NOTA:  === FASE 6: Limpando FKs quebradas ===
psql:C:/unificard/backend/migrations/0901_consolidation_fix_all_issues.sql:190: ERRO:  rela├º├úo "categories" n├úo existe
LINHA 3:     SELECT 1 FROM categories c WHERE c.category_id = usc.cat...
                           ^
CONSULTA:  DELETE FROM user_skills_categories usc

  WHERE NOT EXISTS (

    SELECT 1 FROM categories c WHERE c.category_id = usc.category_id

  )
CONTEXTO:  fun├º├úo PL/pgSQL inline_code_block linha 8 em comando SQL
psql:C:/unificard/backend/migrations/0901_consolidation_fix_all_issues.sql:196: NOTA:  extens├úo "pg_trgm" j├í existe, ignorando
CREATE EXTENSION
psql:C:/unificard/backend/migrations/0901_consolidation_fix_all_issues.sql:197: NOTA:  extens├úo "uuid-ossp" j├í existe, ignorando
CREATE EXTENSION
psql:C:/unificard/backend/migrations/0901_consolidation_fix_all_issues.sql:259: NOTA:  
psql:C:/unificard/backend/migrations/0901_consolidation_fix_all_issues.sql:259: NOTA:  ========================================
psql:C:/unificard/backend/migrations/0901_consolidation_fix_all_issues.sql:259: NOTA:    MIGRATION 103 - RELAT├ôRIO FINAL
psql:C:/unificard/backend/migrations/0901_consolidation_fix_all_issues.sql:259: NOTA:  ========================================
psql:C:/unificard/backend/migrations/0901_consolidation_fix_all_issues.sql:259: ERRO:  rela├º├úo "categories" n├úo existe
LINHA 1: SELECT COUNT(*)                FROM categories
                                             ^
CONSULTA:  SELECT COUNT(*)                FROM categories
CONTEXTO:  fun├º├úo PL/pgSQL inline_code_block linha 15 em comando SQL
OK: 0901_consolidation_fix_all_issues.sql
psql:C:/unificard/backend/migrations/0902_consolidation_final.sql:66: NOTA:  === VALIDA├ç├âO PR├ëVIA ===
psql:C:/unificard/backend/migrations/0902_consolidation_final.sql:66: ERRO:  rela├º├úo "categories" n├úo existe
LINHA 1: SELECT COUNT(*)                FROM categories
                                             ^
CONSULTA:  SELECT COUNT(*)                FROM categories
CONTEXTO:  fun├º├úo PL/pgSQL inline_code_block linha 10 em comando SQL
psql:C:/unificard/backend/migrations/0902_consolidation_final.sql:103: NOTA:  === FASE 1: Corrigindo constraints de CNPJ ===
psql:C:/unificard/backend/migrations/0902_consolidation_final.sql:103: NOTA:  Constraint companies_cnpj_format removida
psql:C:/unificard/backend/migrations/0902_consolidation_final.sql:103: NOTA:  Constraint companies_cnpj_format criada (apenas 14 d├¡gitos)
psql:C:/unificard/backend/migrations/0902_consolidation_final.sql:103: NOTA:  Ô£à FASE 1 conclu├¡da
DO
psql:C:/unificard/backend/migrations/0902_consolidation_final.sql:127: NOTA:  === FASE 2: Verificando coluna status em categories ===
psql:C:/unificard/backend/migrations/0902_consolidation_final.sql:127: ERRO:  rela├º├úo "categories" n├úo existe
CONTEXTO:  comando SQL "ALTER TABLE categories

    ADD COLUMN status VARCHAR(20) NOT NULL DEFAULT 'active'"
fun├º├úo PL/pgSQL inline_code_block linha 11 em comando SQL
psql:C:/unificard/backend/migrations/0902_consolidation_final.sql:166: NOTA:  === FASE 3: Verificando constraint de status ===
psql:C:/unificard/backend/migrations/0902_consolidation_final.sql:166: ERRO:  rela├º├úo "categories" n├úo existe
LINHA 1: SELECT COUNT(*)                       FROM categories
                                                    ^
CONSULTA:  SELECT COUNT(*)                       FROM categories

  WHERE status IS NOT NULL

    AND status NOT IN ('active', 'auto_active', 'pending', 'rejected', 'archived')
CONTEXTO:  fun├º├úo PL/pgSQL inline_code_block linha 8 em comando SQL
psql:C:/unificard/backend/migrations/0902_consolidation_final.sql:200: NOTA:  === FASE 4: Corrigindo status de categorias ===
psql:C:/unificard/backend/migrations/0902_consolidation_final.sql:200: ERRO:  rela├º├úo "categories" n├úo existe
LINHA 1: UPDATE categories SET status = 'active' WHERE status IS NULL
                ^
CONSULTA:  UPDATE categories SET status = 'active' WHERE status IS NULL
CONTEXTO:  fun├º├úo PL/pgSQL inline_code_block linha 10 em comando SQL
psql:C:/unificard/backend/migrations/0902_consolidation_final.sql:227: NOTA:  === FASE 5: Verificando categorias raiz ===
psql:C:/unificard/backend/migrations/0902_consolidation_final.sql:227: ERRO:  rela├º├úo "categories" n├úo existe
LINHA 1: SELECT COUNT(*)                     FROM categories 
                                                  ^
CONSULTA:  SELECT COUNT(*)                     FROM categories 

  WHERE parent_id IS NULL AND status IN ('active', 'auto_active')
CONTEXTO:  fun├º├úo PL/pgSQL inline_code_block linha 7 em comando SQL
psql:C:/unificard/backend/migrations/0902_consolidation_final.sql:279: NOTA:  === FASE 6: Limpando FKs quebradas ===
psql:C:/unificard/backend/migrations/0902_consolidation_final.sql:279: ERRO:  rela├º├úo "categories" n├úo existe
LINHA 8:     SELECT 1 FROM categories c WHERE c.category_id = usc.cat...
                           ^
CONSULTA:  CREATE TEMP TABLE IF NOT EXISTS fk_deletion_audit_103 AS

  SELECT 

    usc.*,

    'category_not_exists' as deletion_reason,

    now() as deleted_at

  FROM user_skills_categories usc

  WHERE NOT EXISTS (

    SELECT 1 FROM categories c WHERE c.category_id = usc.category_id

  )
CONTEXTO:  fun├º├úo PL/pgSQL inline_code_block linha 9 em comando SQL
CREATE EXTENSION
psql:C:/unificard/backend/migrations/0902_consolidation_final.sql:285: NOTA:  extens├úo "pg_trgm" j├í existe, ignorando
CREATE EXTENSION
psql:C:/unificard/backend/migrations/0902_consolidation_final.sql:286: NOTA:  extens├úo "uuid-ossp" j├í existe, ignorando
psql:C:/unificard/backend/migrations/0902_consolidation_final.sql:363: NOTA:  
psql:C:/unificard/backend/migrations/0902_consolidation_final.sql:363: NOTA:  ========================================
psql:C:/unificard/backend/migrations/0902_consolidation_final.sql:363: NOTA:    MIGRATION 103 - RELAT├ôRIO FINAL
psql:C:/unificard/backend/migrations/0902_consolidation_final.sql:363: NOTA:  ========================================
psql:C:/unificard/backend/migrations/0902_consolidation_final.sql:363: ERRO:  rela├º├úo "categories" n├úo existe
LINHA 1: SELECT COUNT(*)                FROM categories
                                             ^
CONSULTA:  SELECT COUNT(*)                FROM categories
CONTEXTO:  fun├º├úo PL/pgSQL inline_code_block linha 16 em comando SQL
OK: 0902_consolidation_final.sql
psql:C:/unificard/backend/migrations/0903_fix_company_status_values.sql:52: NOTA:  === FASE 1: Removendo constraint antiga ===
psql:C:/unificard/backend/migrations/0903_fix_company_status_values.sql:52: NOTA:  Constraint companies_company_status_check removida
psql:C:/unificard/backend/migrations/0903_fix_company_status_values.sql:52: NOTA:  Ô£à FASE 1 conclu├¡da
DO
psql:C:/unificard/backend/migrations/0903_fix_company_status_values.sql:100: NOTA:  === FASE 2: Migrando valores existentes ===
psql:C:/unificard/backend/migrations/0903_fix_company_status_values.sql:100: NOTA:  Ô£à FASE 2 conclu├¡da
DO
psql:C:/unificard/backend/migrations/0903_fix_company_status_values.sql:125: NOTA:  === FASE 3: Criando nova constraint ===
psql:C:/unificard/backend/migrations/0903_fix_company_status_values.sql:125: NOTA:  Constraint companies_company_status_check criada com valores TypeScript
psql:C:/unificard/backend/migrations/0903_fix_company_status_values.sql:125: NOTA:  Ô£à FASE 3 conclu├¡da
DO
psql:C:/unificard/backend/migrations/0903_fix_company_status_values.sql:140: NOTA:  === FASE 4: Atualizando default ===
psql:C:/unificard/backend/migrations/0903_fix_company_status_values.sql:140: NOTA:  Default de company_status alterado para DRAFT
psql:C:/unificard/backend/migrations/0903_fix_company_status_values.sql:140: NOTA:  Ô£à FASE 4 conclu├¡da
DO
psql:C:/unificard/backend/migrations/0903_fix_company_status_values.sql:169: NOTA:  === FASE 5: Verificando integridade ===
psql:C:/unificard/backend/migrations/0903_fix_company_status_values.sql:169: NOTA:  Total de empresas: 0
psql:C:/unificard/backend/migrations/0903_fix_company_status_values.sql:169: NOTA:  Ô£à FASE 5 conclu├¡da
DO
psql:C:/unificard/backend/migrations/0903_fix_company_status_values.sql:213: NOTA:  
psql:C:/unificard/backend/migrations/0903_fix_company_status_values.sql:213: NOTA:  ========================================
psql:C:/unificard/backend/migrations/0903_fix_company_status_values.sql:213: NOTA:    MIGRATION 104 - RELAT├ôRIO FINAL
psql:C:/unificard/backend/migrations/0903_fix_company_status_values.sql:213: NOTA:  ========================================
psql:C:/unificard/backend/migrations/0903_fix_company_status_values.sql:213: NOTA:  
psql:C:/unificard/backend/migrations/0903_fix_company_status_values.sql:213: NOTA:  ­ƒôè DISTRIBUI├ç├âO DE company_status:
psql:C:/unificard/backend/migrations/0903_fix_company_status_values.sql:213: NOTA:  
psql:C:/unificard/backend/migrations/0903_fix_company_status_values.sql:213: NOTA:  Ô£à Constraint companies_company_status_check: ATIVA
psql:C:/unificard/backend/migrations/0903_fix_company_status_values.sql:213: NOTA:  
psql:C:/unificard/backend/migrations/0903_fix_company_status_values.sql:213: NOTA:  ========================================
psql:C:/unificard/backend/migrations/0903_fix_company_status_values.sql:213: NOTA:  Ô£à MIGRATION 104 CONCLU├ìDA COM SUCESSO
psql:C:/unificard/backend/migrations/0903_fix_company_status_values.sql:213: NOTA:  ========================================
DO
COMMENT
OK: 0903_fix_company_status_values.sql
BEGIN
CREATE TABLE
psql:C:/unificard/backend/migrations/0920_observability_passive.sql:54: NOTA:  rela├º├úo "observability_cognitive_density" j├í existe, ignorando
CREATE INDEX
psql:C:/unificard/backend/migrations/0920_observability_passive.sql:56: NOTA:  rela├º├úo "idx_cognitive_density_tenant_window" j├í existe, ignorando
psql:C:/unificard/backend/migrations/0920_observability_passive.sql:57: NOTA:  rela├º├úo "idx_cognitive_density_computed_at" j├í existe, ignorando
CREATE INDEX
COMMENT
CREATE TABLE
psql:C:/unificard/backend/migrations/0920_observability_passive.sql:95: NOTA:  rela├º├úo "observability_normalization" j├í existe, ignorando
CREATE INDEX
CREATE INDEX
COMMENT
CREATE TABLE
CREATE INDEX
CREATE INDEX
COMMENT
CREATE TABLE
CREATE INDEX
CREATE INDEX
COMMENT
CREATE TABLE
psql:C:/unificard/backend/migrations/0920_observability_passive.sql:97: NOTA:  rela├º├úo "idx_normalization_tenant_window" j├í existe, ignorando
psql:C:/unificard/backend/migrations/0920_observability_passive.sql:98: NOTA:  rela├º├úo "idx_normalization_computed_at" j├í existe, ignorando
psql:C:/unificard/backend/migrations/0920_observability_passive.sql:136: NOTA:  rela├º├úo "observability_human_concentration" j├í existe, ignorando
psql:C:/unificard/backend/migrations/0920_observability_passive.sql:138: NOTA:  rela├º├úo "idx_concentration_tenant_window" j├í existe, ignorando
psql:C:/unificard/backend/migrations/0920_observability_passive.sql:139: NOTA:  rela├º├úo "idx_concentration_computed_at" j├í existe, ignorando
psql:C:/unificard/backend/migrations/0920_observability_passive.sql:178: NOTA:  rela├º├úo "observability_visibility" j├í existe, ignorando
psql:C:/unificard/backend/migrations/0920_observability_passive.sql:180: NOTA:  rela├º├úo "idx_visibility_tenant_window" j├í existe, ignorando
psql:C:/unificard/backend/migrations/0920_observability_passive.sql:181: NOTA:  rela├º├úo "idx_visibility_computed_at" j├í existe, ignorando
psql:C:/unificard/backend/migrations/0920_observability_passive.sql:219: NOTA:  rela├º├úo "observability_pattern_break" j├í existe, ignorando
CREATE INDEX
psql:C:/unificard/backend/migrations/0920_observability_passive.sql:221: NOTA:  rela├º├úo "idx_pattern_break_tenant_window" j├í existe, ignorando
CREATE INDEX
psql:C:/unificard/backend/migrations/0920_observability_passive.sql:222: NOTA:  rela├º├úo "idx_pattern_break_computed_at" j├í existe, ignorando
COMMENT
CREATE TABLE
psql:C:/unificard/backend/migrations/0920_observability_passive.sql:261: NOTA:  rela├º├úo "observability_temporal_memory" j├í existe, ignorando
CREATE INDEX
psql:C:/unificard/backend/migrations/0920_observability_passive.sql:263: NOTA:  rela├º├úo "idx_temporal_memory_tenant_window" j├í existe, ignorando
psql:C:/unificard/backend/migrations/0920_observability_passive.sql:264: NOTA:  rela├º├úo "idx_temporal_memory_metric_type" j├í existe, ignorando
CREATE INDEX
CREATE INDEX
psql:C:/unificard/backend/migrations/0920_observability_passive.sql:265: NOTA:  rela├º├úo "idx_temporal_memory_computed_at" j├í existe, ignorando
COMMENT
ALTER TABLE
ALTER TABLE
ALTER TABLE
ALTER TABLE
ALTER TABLE
ALTER TABLE
psql:C:/unificard/backend/migrations/0920_observability_passive.sql:283: ERRO:  a pol├¡tica "observability_cognitive_density_tenant_rls" para a tabela "observability_cognitive_density" j├í existe
psql:C:/unificard/backend/migrations/0920_observability_passive.sql:286: ERRO:  transa├º├úo atual foi interrompida, comandos ignorados at├® o fim do bloco de transa├º├úo
psql:C:/unificard/backend/migrations/0920_observability_passive.sql:289: ERRO:  transa├º├úo atual foi interrompida, comandos ignorados at├® o fim do bloco de transa├º├úo
psql:C:/unificard/backend/migrations/0920_observability_passive.sql:292: ERRO:  transa├º├úo atual foi interrompida, comandos ignorados at├® o fim do bloco de transa├º├úo
psql:C:/unificard/backend/migrations/0920_observability_passive.sql:295: ERRO:  transa├º├úo atual foi interrompida, comandos ignorados at├® o fim do bloco de transa├º├úo
psql:C:/unificard/backend/migrations/0920_observability_passive.sql:298: ERRO:  transa├º├úo atual foi interrompida, comandos ignorados at├® o fim do bloco de transa├º├úo
ROLLBACK
OK: 0920_observability_passive.sql
DO
DO
psql:C:/unificard/backend/migrations/0921_system_notifications.sql:58: ERRO:  coluna "tenant_id" referenciada na restri├º├úo de chave estrangeira n├úo existe
psql:C:/unificard/backend/migrations/0921_system_notifications.sql:64: ERRO:  rela├º├úo "system_notifications" n├úo existe
psql:C:/unificard/backend/migrations/0921_system_notifications.sql:68: ERRO:  rela├º├úo "system_notifications" n├úo existe
psql:C:/unificard/backend/migrations/0921_system_notifications.sql:71: ERRO:  rela├º├úo "system_notifications" n├úo existe
psql:C:/unificard/backend/migrations/0921_system_notifications.sql:74: ERRO:  rela├º├úo "system_notifications" n├úo existe
psql:C:/unificard/backend/migrations/0921_system_notifications.sql:79: ERRO:  rela├º├úo "system_notifications" n├úo existe
psql:C:/unificard/backend/migrations/0921_system_notifications.sql:83: ERRO:  rela├º├úo "system_notifications" n├úo existe
OK: 0921_system_notifications.sql
DO
DO
psql:C:/unificard/backend/migrations/0922_business_audit_logs.sql:66: ERRO:  coluna "tenant_id" referenciada na restri├º├úo de chave estrangeira n├úo existe
psql:C:/unificard/backend/migrations/0922_business_audit_logs.sql:72: ERRO:  rela├º├úo "business_audit_logs" n├úo existe
psql:C:/unificard/backend/migrations/0922_business_audit_logs.sql:75: ERRO:  rela├º├úo "business_audit_logs" n├úo existe
psql:C:/unificard/backend/migrations/0922_business_audit_logs.sql:78: ERRO:  rela├º├úo "business_audit_logs" n├úo existe
psql:C:/unificard/backend/migrations/0922_business_audit_logs.sql:81: ERRO:  rela├º├úo "business_audit_logs" n├úo existe
psql:C:/unificard/backend/migrations/0922_business_audit_logs.sql:86: ERRO:  rela├º├úo "business_audit_logs" n├úo existe
psql:C:/unificard/backend/migrations/0922_business_audit_logs.sql:90: ERRO:  rela├º├úo "business_audit_logs" n├úo existe
psql:C:/unificard/backend/migrations/0922_business_audit_logs.sql:95: ERRO:  rela├º├úo "business_audit_logs" n├úo existe
psql:C:/unificard/backend/migrations/0922_business_audit_logs.sql:96: ERRO:  rela├º├úo "business_audit_logs" n├úo existe
psql:C:/unificard/backend/migrations/0922_business_audit_logs.sql:97: ERRO:  rela├º├úo "business_audit_logs" n├úo existe
psql:C:/unificard/backend/migrations/0922_business_audit_logs.sql:98: ERRO:  rela├º├úo "business_audit_logs" n├úo existe
psql:C:/unificard/backend/migrations/0922_business_audit_logs.sql:99: ERRO:  rela├º├úo "business_audit_logs" n├úo existe
psql:C:/unificard/backend/migrations/0922_business_audit_logs.sql:100: ERRO:  rela├º├úo "business_audit_logs" n├úo existe
psql:C:/unificard/backend/migrations/0922_business_audit_logs.sql:101: ERRO:  rela├º├úo "business_audit_logs" n├úo existe
psql:C:/unificard/backend/migrations/0922_business_audit_logs.sql:102: ERRO:  rela├º├úo "business_audit_logs" n├úo existe
psql:C:/unificard/backend/migrations/0922_business_audit_logs.sql:103: ERRO:  rela├º├úo "business_audit_logs" n├úo existe
OK: 0922_business_audit_logs.sql
DO
DO
OK: 0923_add_agreement_audit_actions.sql
BEGIN
DO
DO
psql:C:/unificard/backend/migrations/0924_evidence_packs.sql:85: ERRO:  coluna "tenant_id" referenciada na restri├º├úo de chave estrangeira n├úo existe
psql:C:/unificard/backend/migrations/0924_evidence_packs.sql:92: ERRO:  transa├º├úo atual foi interrompida, comandos ignorados at├® o fim do bloco de transa├º├úo
psql:C:/unificard/backend/migrations/0924_evidence_packs.sql:96: ERRO:  transa├º├úo atual foi interrompida, comandos ignorados at├® o fim do bloco de transa├º├úo
psql:C:/unificard/backend/migrations/0924_evidence_packs.sql:100: ERRO:  transa├º├úo atual foi interrompida, comandos ignorados at├® o fim do bloco de transa├º├úo
psql:C:/unificard/backend/migrations/0924_evidence_packs.sql:112: ERRO:  transa├º├úo atual foi interrompida, comandos ignorados at├® o fim do bloco de transa├º├úo
psql:C:/unificard/backend/migrations/0924_evidence_packs.sql:117: ERRO:  transa├º├úo atual foi interrompida, comandos ignorados at├® o fim do bloco de transa├º├úo
psql:C:/unificard/backend/migrations/0924_evidence_packs.sql:124: ERRO:  transa├º├úo atual foi interrompida, comandos ignorados at├® o fim do bloco de transa├º├úo
psql:C:/unificard/backend/migrations/0924_evidence_packs.sql:127: ERRO:  transa├º├úo atual foi interrompida, comandos ignorados at├® o fim do bloco de transa├º├úo
psql:C:/unificard/backend/migrations/0924_evidence_packs.sql:130: ERRO:  transa├º├úo atual foi interrompida, comandos ignorados at├® o fim do bloco de transa├º├úo
psql:C:/unificard/backend/migrations/0924_evidence_packs.sql:133: ERRO:  transa├º├úo atual foi interrompida, comandos ignorados at├® o fim do bloco de transa├º├úo
psql:C:/unificard/backend/migrations/0924_evidence_packs.sql:136: ERRO:  transa├º├úo atual foi interrompida, comandos ignorados at├® o fim do bloco de transa├º├úo
psql:C:/unificard/backend/migrations/0924_evidence_packs.sql:139: ERRO:  transa├º├úo atual foi interrompida, comandos ignorados at├® o fim do bloco de transa├º├úo
psql:C:/unificard/backend/migrations/0924_evidence_packs.sql:142: ERRO:  transa├º├úo atual foi interrompida, comandos ignorados at├® o fim do bloco de transa├º├úo
ROLLBACK
OK: 0924_evidence_packs.sql
DO
OK: 0925_add_evidence_audit_actions.sql
DO
OK: 0926_add_escrow_audit_actions.sql
DO
OK: 0927_add_trust_audit_actions.sql
DO
OK: 0928_add_bypass_audit_actions.sql
psql:C:/unificard/backend/migrations/0929_auth_rate_limit_logs.sql:31: NOTA:  rela├º├úo "auth_rate_limit_logs" j├í existe, ignorando
CREATE TABLE
CREATE INDEX
psql:C:/unificard/backend/migrations/0929_auth_rate_limit_logs.sql:35: NOTA:  rela├º├úo "idx_auth_rate_limit_key_action_time" j├í existe, ignorando
CREATE INDEX
psql:C:/unificard/backend/migrations/0929_auth_rate_limit_logs.sql:39: NOTA:  rela├º├úo "idx_auth_rate_limit_attempted_at" j├í existe, ignorando
COMMENT
COMMENT
COMMENT
COMMENT
COMMENT
OK: 0929_auth_rate_limit_logs.sql
psql:C:/unificard/backend/migrations/0950_policy_engine.sql:21: ERRO:  coluna "tenant_id" referenciada na restri├º├úo de chave estrangeira n├úo existe
psql:C:/unificard/backend/migrations/0950_policy_engine.sql:24: ERRO:  rela├º├úo "policy_rules" n├úo existe
psql:C:/unificard/backend/migrations/0950_policy_engine.sql:25: ERRO:  rela├º├úo "policy_rules" n├úo existe
psql:C:/unificard/backend/migrations/0950_policy_engine.sql:26: ERRO:  rela├º├úo "policy_rules" n├úo existe
psql:C:/unificard/backend/migrations/0950_policy_engine.sql:52: ERRO:  coluna "tenant_id" referenciada na restri├º├úo de chave estrangeira n├úo existe
psql:C:/unificard/backend/migrations/0950_policy_engine.sql:55: ERRO:  rela├º├úo "policy_decisions" n├úo existe
psql:C:/unificard/backend/migrations/0950_policy_engine.sql:56: ERRO:  rela├º├úo "policy_decisions" n├úo existe
psql:C:/unificard/backend/migrations/0950_policy_engine.sql:57: ERRO:  rela├º├úo "policy_decisions" n├úo existe
psql:C:/unificard/backend/migrations/0950_policy_engine.sql:58: ERRO:  rela├º├úo "policy_decisions" n├úo existe
psql:C:/unificard/backend/migrations/0950_policy_engine.sql:59: ERRO:  rela├º├úo "policy_decisions" n├úo existe
CREATE FUNCTION
psql:C:/unificard/backend/migrations/0950_policy_engine.sql:73: ERRO:  rela├º├úo "policy_rules" n├úo existe
psql:C:/unificard/backend/migrations/0950_policy_engine.sql:78: ERRO:  rela├º├úo "policy_decisions" n├úo existe
OK: 0950_policy_engine.sql
psql:C:/unificard/backend/migrations/0951_add_metadata_to_events.sql:39: ERRO:  rela├º├úo "events" n├úo existe
CONTEXTO:  comando SQL "ALTER TABLE events

      ADD COLUMN metadata JSONB NOT NULL DEFAULT '{}'::jsonb"
fun├º├úo PL/pgSQL inline_code_block linha 10 em comando SQL
psql:C:/unificard/backend/migrations/0951_add_metadata_to_events.sql:46: ERRO:  rela├º├úo "events" n├úo existe
psql:C:/unificard/backend/migrations/0951_add_metadata_to_events.sql:53: ERRO:  rela├º├úo "events" n├úo existe
OK: 0951_add_metadata_to_events.sql
psql:C:/unificard/backend/migrations/0952_update_event_type_constraint.sql:28: ERRO:  rela├º├úo "events" n├úo existe
psql:C:/unificard/backend/migrations/0952_update_event_type_constraint.sql:33: ERRO:  rela├º├úo "events" n├úo existe
OK: 0952_update_event_type_constraint.sql
psql:C:/unificard/backend/migrations/0953_update_status_constraint.sql:27: ERRO:  rela├º├úo "events" n├úo existe
psql:C:/unificard/backend/migrations/0953_update_status_constraint.sql:33: ERRO:  rela├º├úo "events" n├úo existe
OK: 0953_update_status_constraint.sql
psql:C:/unificard/backend/migrations/0980_schedule_performance_indexes.sql:52: ERRO:  rela├º├úo "schedule_slots" n├úo existe
psql:C:/unificard/backend/migrations/0980_schedule_performance_indexes.sql:61: ERRO:  rela├º├úo "schedule_slots" n├úo existe
psql:C:/unificard/backend/migrations/0980_schedule_performance_indexes.sql:69: ERRO:  rela├º├úo "schedule_slots" n├úo existe
OK: 0980_schedule_performance_indexes.sql
BEGIN
psql:C:/unificard/backend/migrations/0981_marketplace_segments_fix_slugs.sql:29: ERRO:  rela├º├úo "categories" n├úo existe
LINHA 1: UPDATE categories
                ^
psql:C:/unificard/backend/migrations/0981_marketplace_segments_fix_slugs.sql:61: ERRO:  transa├º├úo atual foi interrompida, comandos ignorados at├® o fim do bloco de transa├º├úo
psql:C:/unificard/backend/migrations/0981_marketplace_segments_fix_slugs.sql:88: ERRO:  transa├º├úo atual foi interrompida, comandos ignorados at├® o fim do bloco de transa├º├úo
psql:C:/unificard/backend/migrations/0981_marketplace_segments_fix_slugs.sql:109: ERRO:  transa├º├úo atual foi interrompida, comandos ignorados at├® o fim do bloco de transa├º├úo
psql:C:/unificard/backend/migrations/0981_marketplace_segments_fix_slugs.sql:127: ERRO:  transa├º├úo atual foi interrompida, comandos ignorados at├® o fim do bloco de transa├º├úo
psql:C:/unificard/backend/migrations/0981_marketplace_segments_fix_slugs.sql:145: ERRO:  transa├º├úo atual foi interrompida, comandos ignorados at├® o fim do bloco de transa├º├úo
psql:C:/unificard/backend/migrations/0981_marketplace_segments_fix_slugs.sql:169: ERRO:  transa├º├úo atual foi interrompida, comandos ignorados at├® o fim do bloco de transa├º├úo
psql:C:/unificard/backend/migrations/0981_marketplace_segments_fix_slugs.sql:183: ERRO:  transa├º├úo atual foi interrompida, comandos ignorados at├® o fim do bloco de transa├º├úo
ROLLBACK
psql:C:/unificard/backend/migrations/0981_marketplace_segments_fix_slugs.sql:240: ERRO:  transa├º├úo atual foi interrompida, comandos ignorados at├® o fim do bloco de transa├º├úo
OK: 0981_marketplace_segments_fix_slugs.sql
BEGIN
psql:C:/unificard/backend/migrations/0982_marketplace_taxonomy_fix.sql:189: ERRO:  rela├º├úo "categories" n├úo existe
LINHA 2:     FROM categories 
                  ^
CONSULTA:  SELECT category_id, slug, name 

    FROM categories 

    WHERE metadata->>'domain' = 'marketplace' 

      AND metadata->>'taxonomy' = 'department'

      AND parent_id IS NULL

    ORDER BY name
CONTEXTO:  fun├º├úo PL/pgSQL inline_code_block linha 10 em FOR sobre registros de SELECT
ROLLBACK
OK: 0982_marketplace_taxonomy_fix.sql
BEGIN
SET
psql:C:/unificard/backend/migrations/0983_fix_marketplace_segments_encoding.sql:29: ERRO:  rela├º├úo "categories" n├úo existe
LINHA 1: UPDATE categories
                ^
psql:C:/unificard/backend/migrations/0983_fix_marketplace_segments_encoding.sql:41: ERRO:  transa├º├úo atual foi interrompida, comandos ignorados at├® o fim do bloco de transa├º├úo
psql:C:/unificard/backend/migrations/0983_fix_marketplace_segments_encoding.sql:53: ERRO:  transa├º├úo atual foi interrompida, comandos ignorados at├® o fim do bloco de transa├º├úo
psql:C:/unificard/backend/migrations/0983_fix_marketplace_segments_encoding.sql:65: ERRO:  transa├º├úo atual foi interrompida, comandos ignorados at├® o fim do bloco de transa├º├úo
psql:C:/unificard/backend/migrations/0983_fix_marketplace_segments_encoding.sql:77: ERRO:  transa├º├úo atual foi interrompida, comandos ignorados at├® o fim do bloco de transa├º├úo
psql:C:/unificard/backend/migrations/0983_fix_marketplace_segments_encoding.sql:89: ERRO:  transa├º├úo atual foi interrompida, comandos ignorados at├® o fim do bloco de transa├º├úo
psql:C:/unificard/backend/migrations/0983_fix_marketplace_segments_encoding.sql:124: ERRO:  transa├º├úo atual foi interrompida, comandos ignorados at├® o fim do bloco de transa├º├úo
ROLLBACK
OK: 0983_fix_marketplace_segments_encoding.sql
DO
psql:C:/unificard/backend/migrations/0984_fix_reactions_entity_type_dependency.sql:224: ERRO:  coluna "tenant_id" referenciada na restri├º├úo de chave estrangeira n├úo existe
CONTEXTO:  comando SQL "CREATE TABLE reaction_counts (

            entity_type VARCHAR(50) NOT NULL,

            entity_id UUID NOT NULL,

            tenant_id UUID NOT NULL

                REFERENCES tenants(tenant_id)

                ON DELETE CASCADE,

            reaction_type VARCHAR(50) NOT NULL,

            count INTEGER NOT NULL DEFAULT 0,

            updated_at TIMESTAMPTZ NOT NULL DEFAULT NOW(),

            PRIMARY KEY (entity_type, entity_id, reaction_type)

        )"
fun├º├úo PL/pgSQL inline_code_block linha 10 em comando SQL
CREATE FUNCTION
DROP TRIGGER
psql:C:/unificard/backend/migrations/0984_fix_reactions_entity_type_dependency.sql:305: NOTA:  rela├º├úo "reactions" n├úo existe, ignorando
psql:C:/unificard/backend/migrations/0984_fix_reactions_entity_type_dependency.sql:311: ERRO:  rela├º├úo "reactions" n├úo existe
psql:C:/unificard/backend/migrations/0984_fix_reactions_entity_type_dependency.sql:318: ERRO:  rela├º├úo "reactions" n├úo existe
psql:C:/unificard/backend/migrations/0984_fix_reactions_entity_type_dependency.sql:321: ERRO:  rela├º├úo "reactions" n├úo existe
OK: 0984_fix_reactions_entity_type_dependency.sql
psql:C:/unificard/backend/migrations/0985_authority_roots.sql:6: ERRO:  rela├º├úo "authority_roots" j├í existe
OK: 0985_authority_roots.sql
psql:C:/unificard/backend/migrations/0986_authority_trust_levels.sql:7: ERRO:  rela├º├úo "authority_trust_levels" j├í existe
OK: 0986_authority_trust_levels.sql
psql:C:/unificard/backend/migrations/0987_economic_guardianship.sql:8: ERRO:  rela├º├úo "economic_guardianship" j├í existe
OK: 0987_economic_guardianship.sql
psql:C:/unificard/backend/migrations/0988_authority_delegations.sql:9: ERRO:  rela├º├úo "authority_delegations" j├í existe
OK: 0988_authority_delegations.sql
CREATE FUNCTION
COMMENT
CREATE FUNCTION
COMMENT
OK: 0989_fix_actor_rbac_functions_tenant_safety.sql
BEGIN
DO
psql:C:/unificard/backend/migrations/0990_fix_ledger_entries_evidence_pack_fk.sql:60: ERRO:  rela├º├úo "ledger_entries" n├úo existe
psql:C:/unificard/backend/migrations/0990_fix_ledger_entries_evidence_pack_fk.sql:67: ERRO:  transa├º├úo atual foi interrompida, comandos ignorados at├® o fim do bloco de transa├º├úo
ROLLBACK
OK: 0990_fix_ledger_entries_evidence_pack_fk.sql
END: 02/11/2026 17:44:50
